municipio_id,municipio_nombre,establecimiento_id,establecimiento_nombre,region_educativa,clave,cueanexo,modalidad,nivel,direccion,telefono,rpv,email,sector,dependencia,tipo_organizacion,area,ambito,desfavorabilidad,subvencion,sede_axo_ext,categoria,depend_func,cui,periodo,matricula,varones,mujeres,secciones,turnos,cue,anexo,nro_escuela,longitud,latitud
6126,Campana,1531,ESCUELA DE ARTE Nº1,Región 11,0015AA0001,60590600,Educación Artística,Ciclo Medio,ARENALES - 912,3489-43-8901,31522,escueladeartedecampana@gmail.com,Estatal,Oficial,ESCUELA DE ARTE,INTERIOR,Urbano,0,Oficial,SEDE,Primera,Dirección de Educación Artística,601500010,Final 2025,65,38,27,3,"INTERMEDIO,MAÑANA,TARDE,VESPERTINO",605906,0,1,-58.95325021053812,-34.17433362353688
6126,Campana,1568,"ESCUELA DE EDUCACIÓN SECUNDARIA Nº1 ""DR. RENÉ FAVALORO""",Región 11,0015MS0001,61172200,Educación Común,Nivel Secundario,SANTIAGO DEL ESTERO - 129,3489-42-0173,31535,secundaria1campana@abc.gob.ar,Estatal,Oficial,ESCUELA DE EDUCACIÓN SECUNDARIA,INTERIOR,Urbano,0,Oficial,SEDE,Segunda,Dirección Provincial de Educación Secundaria,601500567,Final 2025,323,180,143,16,"MAÑANA,TARDE,VESPERTINO",611722,0,1,-58.977230295121146,-34.163697877573725
6126,Campana,1569,"ESCUELA DE EDUCACIÓN SECUNDARIA Nº2 ""LOLA MORA""",Región 11,0015MS0002,61172100,Educación Común,Nivel Secundario,VIAMONTE - 875,3489-43-9373,31501,ees02campana@gmail.com,Estatal,Oficial,ESCUELA DE EDUCACIÓN SECUNDARIA,INTERIOR,Urbano,0,Oficial,SEDE,Primera,Dirección Provincial de Educación Secundaria,601500262,Final 2025,615,328,287,27,"MAÑANA,TARDE,VESPERTINO",611721,0,2,-58.95259036926182,-34.17380343539519
6126,Campana,1570,ESCUELA DE EDUCACIÓN SECUNDARIA Nº3,Región 11,0015MS0003,60581000,Educación Común,Nivel Secundario,VIALE Y BARLETTA - 15,3489-44-4500,,secundaria3campana@abc.gob.ar,Estatal,Oficial,ESCUELA DE EDUCACIÓN SECUNDARIA,INTERIOR,Urbano,0,Oficial,SEDE,Primera,Dirección Provincial de Educación Secundaria,601500579,Final 2025,723,325,398,28,"MAÑANA,TARDE,VESPERTINO",605810,0,3,-58.94380482255912,-34.19289779337213
6126,Campana,1571,CENTRO EDUCATIVO DE NIVEL SECUNDARIO Nº452,Región 11,0015DM0452,60589700,Educación de Jóvenes y Adultos,Nivel Secundario,BERUTTI - 75,3489-59-1584,,cens452campana@abc.gob.ar,Estatal,Oficial,CENTRO EDUCATIVO DE NIVEL SECUNDARIO (C.E.N.S.),INTERIOR,Urbano,0,Oficial,SEDE,Segunda,"Dirección de Educación de Jóvenes, Adultos y Adultos Mayores",601500178,Final 2025,120,50,70,9,VESPERTINO,605897,0,452,-58.964762501114336,-34.15730746986891
6126,Campana,1572,"CENTRO EDUCATIVO DE NIVEL SECUNDARIO Nº451 ""JORGE GERMÁN CALVO""",Región 11,0015DM0451,60589900,Educación de Jóvenes y Adultos,Nivel Secundario,ARENALES - 787,3489-15-50-1356,,cens451campana@gmail.com,Estatal,Oficial,CENTRO EDUCATIVO DE NIVEL SECUNDARIO (C.E.N.S.),INTERIOR,Urbano,0,Oficial,SEDE,Tercera,"Dirección de Educación de Jóvenes, Adultos y Adultos Mayores",601500166,Final 2025,111,48,63,4,VESPERTINO,605899,0,451,-58.95336425940857,-34.17200733705383
6126,Campana,1573,"ESCUELA DE EDUCACIÓN SECUNDARIA Nº6 ""DR. EDUARDO COSTA""",Región 11,0015MS0006,61201500,Educación Común,Nivel Secundario,INT. VARELA - 751,3489-43-9090,,secretariamedia6@gmail.com,Estatal,Oficial,ESCUELA DE EDUCACIÓN SECUNDARIA,INTERIOR,Urbano,0,Oficial,SEDE,Primera,Dirección Provincial de Educación Secundaria,601500289,Final 2025,800,363,437,32,"MAÑANA,TARDE",612015,0,6,-58.96024600710536,-34.17079570929197
6126,Campana,1574,"ESCUELA DE EDUCACIÓN SECUNDARIA TÉCNICA Nº1 ""LUCIANO REYES""",Región 11,0015MT0001,60582200,Educación Técnico Profesional,Nivel Secundario,INTENDENTE MORO - 1122,3489-42-1142,31502,lucianoreyes.tec1@gmail.com,Estatal,Oficial,ESCUELA DE EDUCACIÓN SECUNDARIA TÉCNICA,INTERIOR,Urbano,0,Oficial,SEDE,Primera,Dirección Provincial de Educación Técnico Profesional,601500719,Final 2025,1246,850,396,45,"MAÑANA,TARDE,VESPERTINO",605822,0,1,-58.96614115431825,-34.15599018642319
6364,General Rodríguez,3357,"ESCUELA DE EDUCACIÓN SECUNDARIA Nº1 ""COMBATIENTES DE MALVINAS""",Región 10,0044MS0001,61047500,Educación Común,Nivel Secundario,L. M. ALEM E/P. PERÓN Y 9 DE JULIO - 737,237-485-0479,,ees1.gralrodriguez@gmail.com,Estatal,Oficial,ESCUELA DE EDUCACIÓN SECUNDARIA,INTERIOR,Urbano,0,Oficial,SEDE,Primera,Dirección Provincial de Educación Secundaria,604400475,Final 2025,1223,527,696,37,"MAÑANA,TARDE,VESPERTINO",610475,0,1,-58.95558823510859,-34.61520749353073
6364,General Rodríguez,3358,"CENTRO EDUCATIVO NIVEL SECUNDARIO Nº451 ""ALFONSINA STORNI""",Región 10,0044DM0451,60405800,Educación de Jóvenes y Adultos,Nivel Secundario,DR. GARCÍA - 447,237-484-1472,45105,cens451grodriguez@abc.gob.ar,Estatal,Oficial,CENTRO EDUCATIVO DE NIVEL SECUNDARIO (C.E.N.S.),INTERIOR,Urbano,0,Oficial,SEDE,Primera,"Dirección de Educación de Jóvenes, Adultos y Adultos Mayores",604400124,Final 2025,846,396,450,23,"NOCHE,TARDE",604058,0,451,-58.95396247617479,-34.612797180098475
6364,General Rodríguez,3359,"ESCUELA DE EDUCACIÓN SECUNDARIA TÉCNICA Nº1 ""JAVIER TAPIÉ""",Región 10,0044MT0001,61047100,Educación Técnico Profesional,Nivel Secundario,ALEM Y AVDA. PRESIDENTE PERÓN - S/N,237-485-0456,,eestn1javiertapie@yahoo.com.ar,Estatal,Oficial,ESCUELA DE EDUCACIÓN SECUNDARIA TÉCNICA,INTERIOR,Urbano,0,Oficial,SEDE,Primera,Dirección Provincial de Educación Técnico Profesional,604400596,Final 2025,1659,1080,579,53,"MAÑANA,TARDE,VESPERTINO",610471,0,1,-58.9574815872806,-34.61527302261179
6371,General San Martín,3386,"CONSERVATORIO DE MÚSICA ""ALFREDO LUIS SCHIUMA""",Región 7,0045AM0002,60944600,Educación Artística,Ciclo Medio,SAN LORENZO - 2381,11-4752-3325,46661,conservatorioschiuma@gmail.com,Estatal,Oficial,CONSERVATORIO DE MÚSICA,CONURBANO,Urbano,0,Oficial,SEDE,Primera,Dirección de Educación Artística,"604500024,604501236",Final 2025,457,229,228,25,"MAÑANA,TARDE,VESPERTINO",609446,0,2,-58.54147581247048,-34.574584637096606
6371,General San Martín,3465,"ESCUELA DE EDUCACIÓN SECUNDARIA Nº1 ""PERITO MORENO""",Región 7,0045MS0001,60746900,Educación Común,Nivel Secundario,JUAREZ - 3626,11-4755-2937,,0045ms0001@gmail.com,Estatal,Oficial,ESCUELA DE EDUCACIÓN SECUNDARIA,CONURBANO,Urbano,0,Oficial,SEDE,Primera,Dirección Provincial de Educación Secundaria,604502164,Final 2025,855,399,456,38,"MAÑANA,TARDE,VESPERTINO",607469,0,1,-58.53286965770729,-34.579418626467785
6371,General San Martín,3466,"ESCUELA DE EDUCACIÓN SECUNDARIA Nº2 ""ARMADA ARGENTINA""",Región 7,0045MS0002,60979700,Educación Común,Nivel Secundario,CARLOS ECHAGUE - 7636,11-4580-1771,,secundaria2sanmartin@abc.gob.ar,Estatal,Oficial,ESCUELA DE EDUCACIÓN SECUNDARIA,CONURBANO,Urbano,1,Oficial,SEDE,Segunda,Dirección Provincial de Educación Secundaria,604500432,Final 2025,167,80,87,10,VESPERTINO,609797,0,2,-58.57685438382168,-34.52953381083612
6371,General San Martín,3467,"ESCUELA DE EDUCACIÓN SECUNDARIA Nº3 ""LEOPOLDO LUGONES""",Región 7,0045MS0003,60608000,Educación Común,Nivel Secundario,JOSÉ M CAMPOS ESQ. SAN JUAN - 1918,11-4897-7713,46532,secundaria3sanmartin@abc.gob.ar,Estatal,Oficial,ESCUELA DE EDUCACIÓN SECUNDARIA,CONURBANO,Urbano,0,Oficial,SEDE,Segunda,Dirección Provincial de Educación Secundaria,604500421,Final 2025,345,161,184,15,"MAÑANA,TARDE,VESPERTINO",606080,0,3,-58.53682636578945,-34.559027187849914
6371,General San Martín,3468,"ESCUELA DE EDUCACIÓN SECUNDARIA Nº4 ""DR. RICARDO ROJAS""",Región 7,0045MS0004,60973800,Educación Común,Nivel Secundario,DIAG. 96 -ALSINA - 4945,11-4767-1155,,0045ms0004@gmail.com,Estatal,Oficial,ESCUELA DE EDUCACIÓN SECUNDARIA,CONURBANO,Urbano,1,Oficial,SEDE,Segunda,Dirección Provincial de Educación Secundaria,604500935,Final 2025,396,200,196,20,"MAÑANA,NOCHE,TARDE",609738,0,4,-58.5648474263665,-34.56985470163255
6371,General San Martín,3469,"ESCUELA DE EDUCACIÓN SECUNDARIA Nº5 ""DR. BERNARDO DE MONTEAGUDO""",Región 7,0045MS0005,60018600,Educación Común,Nivel Secundario,ESPORA - 4022,11-4713-4261 / 475,,secundaria5sanmartin@abc.gob.ar,Estatal,Oficial,ESCUELA DE EDUCACIÓN SECUNDARIA,CONURBANO,Urbano,0,Oficial,SEDE,Tercera,Dirección Provincial de Educación Secundaria,604500942,Final 2025,149,77,72,6,MAÑANA,600186,0,5,-58.52624383384932,-34.59089060201903
6371,General San Martín,3470,"ESCUELA DE EDUCACIÓN SECUNDARIA Nº6 ""ALFONSINA STORNI""",Región 7,0045MS0006,61154600,Educación Común,Nivel Secundario,SAN LORENZO - 5951,11-4842-7435,,sanmartinms06@gmail.com,Estatal,Oficial,ESCUELA DE EDUCACIÓN SECUNDARIA,CONURBANO,Urbano,0,Oficial,SEDE,Segunda,Dirección Provincial de Educación Secundaria,604500957,Final 2025,548,268,280,32,"MAÑANA,TARDE",611546,0,6,-58.57564594050665,-34.57647564453479
6371,General San Martín,3471,ESCUELA DE EDUCACIÓN SECUNDARIA N°7,Región 7,0045MS0007,60613300,Educación Común,Nivel Secundario,BALCARCE (E/ BELGRANO Y ARTIGAS) - 277,11-4738-4767,46512,secundaria7sanmartin@abc.gob,Estatal,Oficial,ESCUELA DE EDUCACIÓN SECUNDARIA,CONURBANO,Urbano,0,Oficial,SEDE,Segunda,Dirección Provincial de Educación Secundaria,604500409,Final 2025,466,234,232,21,"MAÑANA,NOCHE,TARDE",606133,0,7,-58.56027776330699,-34.552308164089894
6371,General San Martín,3472,"ESCUELA DE EDUCACIÓN SECUNDARIA Nº8 ""ESTEBAN ECHEVERRÍA""",Región 7,0045MS0008,60979200,Educación Común,Nivel Secundario,RAWSON ESQUINA ITALIA - 1918,11-4720-8973,,0045ms0008@gmail.com,Estatal,Oficial,ESCUELA DE EDUCACIÓN SECUNDARIA,CONURBANO,Urbano,0,Oficial,SEDE,Segunda,Dirección Provincial de Educación Secundaria,604500961,Final 2025,400,208,192,21,"MAÑANA,TARDE",609792,0,8,-58.56406762422034,-34.53064678482067
6371,General San Martín,3473,CENTRO EDUCATIVO DE NIVEL SECUNDARIO Nº464,Región 7,0045DM0464,61071900,Educación de Jóvenes y Adultos,Nivel Secundario,MITRE - 1001,11-4753-7772,,cens464sanmartin@abc.gob.ar,Estatal,Oficial,CENTRO EDUCATIVO DE NIVEL SECUNDARIO (C.E.N.S.),CONURBANO,Urbano,0,Oficial,SEDE,Segunda,"Dirección de Educación de Jóvenes, Adultos y Adultos Mayores",604500413,Final 2025,190,81,109,11,"NOCHE,VESPERTINO",610719,0,464,-58.54892885867872,-34.586050609447454
6371,General San Martín,3474,ESCUELA DE EDUCACIÓN SECUNDARIA Nº10,Región 7,0045MS0010,60996300,Educación Común,Nivel Secundario,LIBERTAD - 6845,11-4841/4515,,0045ms0010@gmail.com,Estatal,Oficial,ESCUELA DE EDUCACIÓN SECUNDARIA,CONURBANO,Urbano,1,Oficial,SEDE,Segunda,Dirección Provincial de Educación Secundaria,604500244,Final 2025,465,217,248,21,"MAÑANA,TARDE,VESPERTINO",609963,0,10,-58.59453414008958,-34.55759754858276
6371,General San Martín,3476,"ESCUELA DE EDUCACIÓN SECUNDARIA N°12 ""EDUARDO WILDE""",Región 7,0045MS0012,60860300,Educación Técnico Profesional,Nivel Secundario,PROF. AGUSTÍN ROGELIO VIDAL - 3676,11-4508-9109,,secundaria12sanmartin@abc.gob.ar,Estatal,Oficial,ESCUELA DE EDUCACIÓN SECUNDARIA,CONURBANO,Urbano,0,Oficial,SEDE,Segunda,Dirección Provincial de Educación Secundaria,604502268,Final 2025,15,12,3,1,VESPERTINO,608603,0,12,-58.54164918705148,-34.57285043887576
6371,General San Martín,3476,"ESCUELA DE EDUCACIÓN SECUNDARIA N°12 ""EDUARDO WILDE""",Región 7,0045MS0012,60860300,Educación Común,Nivel Secundario,PROF. AGUSTÍN ROGELIO VIDAL - 3676,11-4508-9109,,secundaria12sanmartin@abc.gob.ar,Estatal,Oficial,ESCUELA DE EDUCACIÓN SECUNDARIA,CONURBANO,Urbano,0,Oficial,SEDE,Segunda,Dirección Provincial de Educación Secundaria,604502268,Final 2025,140,79,61,9,VESPERTINO,608603,0,12,-58.54164918705148,-34.57285043887576
6371,General San Martín,3477,"ESCUELA DE EDUCACIÓN SECUNDARIA Nº13 ""GENERAL MANUEL BELGRANO""",Región 7,0045MS0013,61195200,Educación Común,Nivel Secundario,LACROZE - 133,11-4767-8995,46516,0045ms0013@gmail.com,Estatal,Oficial,ESCUELA DE EDUCACIÓN SECUNDARIA,CONURBANO,Urbano,0,Oficial,SEDE,Primera,Dirección Provincial de Educación Secundaria,604500974,Final 2025,1590,732,858,71,"MAÑANA,TARDE,VESPERTINO",611952,0,13,-58.55358894964156,-34.54835443996671
6371,General San Martín,3478,CENTRO EDUCATIVO NIVEL SECUNDARIO Nº 457,Región 7,0045DM0457,60362200,Educación de Jóvenes y Adultos,Nivel Secundario,MANUEL OBARRIO - 2550,11-4720-2521,,0045dm0457@gmail.com,Estatal,Oficial,CENTRO EDUCATIVO DE NIVEL SECUNDARIO (C.E.N.S.),CONURBANO,Urbano,0,Oficial,SEDE,Segunda,"Dirección de Educación de Jóvenes, Adultos y Adultos Mayores",604500360,Final 2025,72,22,50,7,"TARDE,VESPERTINO",603622,0,457,-58.57893617085205,-34.52682121588489
6371,General San Martín,3479,"CENTRO EDUCATIVO NIVEL SECUNDARIO Nº454 ""CORONEL PERÓN""",Región 7,0045DM0454,60042500,Educación de Jóvenes y Adultos,Nivel Secundario,CALLE 90 E/15 Y 17 - 750,11-4713-2746,,cens454sanmartin@abc.gob.ar,Estatal,Oficial,CENTRO EDUCATIVO DE NIVEL SECUNDARIO (C.E.N.S.),CONURBANO,Urbano,0,Oficial,SEDE,Tercera,"Dirección de Educación de Jóvenes, Adultos y Adultos Mayores",604500179,Final 2025,98,36,62,5,VESPERTINO,600425,0,454,-58.53121929224581,-34.54478964486847
6371,General San Martín,3480,"CENTRO EDUCATIVO NIVEL SECUNDARIO Nº 453 ""CRUCERO GENERAL BELGRANO""",Región 7,0045DM0453,60814600,Educación de Jóvenes y Adultos,Nivel Secundario,JUJUY - 531,11-4847-0251,46488,0045dm0453@gmail.com,Estatal,Oficial,CENTRO EDUCATIVO DE NIVEL SECUNDARIO (C.E.N.S.),CONURBANO,Urbano,0,Oficial,SEDE,Segunda,"Dirección de Educación de Jóvenes, Adultos y Adultos Mayores","604500341,604500990",Final 2025,110,49,61,6,VESPERTINO,608146,0,453,-58.55122194454625,-34.562790141067914
6371,General San Martín,3481,"CENTRO EDUCATIVO NIVEL SECUNDARIO Nº451 ""SOLDADOS CONSCRIPTOS DE MALVINAS""",Región 7,0045DM0451,60611500,Educación de Jóvenes y Adultos,Nivel Secundario,BELGRANO - 3740,11-4755-0270,,cens_451ex100@yahoo.com.ar,Estatal,Oficial,CENTRO EDUCATIVO DE NIVEL SECUNDARIO (C.E.N.S.),CONURBANO,Urbano,0,Oficial,SEDE,Segunda,"Dirección de Educación de Jóvenes, Adultos y Adultos Mayores",604500339,Final 2025,192,79,113,7,NOCHE,606115,0,451,-58.536942199709934,-34.57755700897836
6371,General San Martín,3482,"CENTRO EDUCATIVO NIVEL SECUNDARIO Nº455 ""ROBERTO CLEMENTE""",Región 7,0045DM0455,60979600,Educación de Jóvenes y Adultos,Nivel Secundario,AVDA BRIG. GENERAL JUAN M. DE ROSAS - 2485,11-4589-4694,,0045dm0455@gmail.com,Estatal,Oficial,CENTRO EDUCATIVO DE NIVEL SECUNDARIO (C.E.N.S.),CONURBANO,Urbano,0,Oficial,SEDE,Primera,"Dirección de Educación de Jóvenes, Adultos y Adultos Mayores",604500356,Final 2025,135,42,93,16,"MAÑANA,TARDE,VESPERTINO",609796,0,455,-58.57480941994118,-34.529751407901394
6371,General San Martín,3483,CENTRO EDUCATIVO NIVEL SECUNDARIO Nº452,Región 7,0045DM0452,60421700,Educación de Jóvenes y Adultos,Nivel Secundario,PRESIDENTE PERÓN - 3546,11-4755-3366,46535,cens452sanmartin@abc.gob.ar,Estatal,Oficial,CENTRO EDUCATIVO DE NIVEL SECUNDARIO (C.E.N.S.),CONURBANO,Urbano,0,Oficial,SEDE,Primera,"Dirección de Educación de Jóvenes, Adultos y Adultos Mayores","604502223,604502268",Final 2025,270,138,132,13,"NOCHE,VESPERTINO",604217,0,452,-58.54163625620706,-34.57108605517667
6371,General San Martín,3485,"ESCUELA DE EDUCACIÓN SECUNDARIA Nº21 ""TUPAC AMARU""",Región 7,0045MS0021,61072200,Educación Común,Nivel Secundario,MITRE - 5035,11-4738-8290,,0045ms0021@gmail.com,Estatal,Oficial,ESCUELA DE EDUCACIÓN SECUNDARIA,CONURBANO,Urbano,0,Oficial,SEDE,Primera,Dirección Provincial de Educación Secundaria,604500523,Final 2025,689,336,353,35,"MAÑANA,TARDE",610722,0,21,-58.5631830816529,-34.55412377075162
6371,General San Martín,3486,"ESCUELA DE EDUCACIÓN SECUNDARIA Nº22 ""ROSARIO VERA PEÑALOZA""",Región 7,0045MS0022,60045200,Educación Común,Nivel Secundario,BALCARCE - 3469,11-5197-8741,,0045ms0022@gmail.com,Estatal,Oficial,ESCUELA DE EDUCACIÓN SECUNDARIA,CONURBANO,Urbano,0,Oficial,SEDE,Primera,Dirección Provincial de Educación Secundaria,604500534,Final 2025,752,342,410,36,"MAÑANA,TARDE",600452,0,22,-58.5626132639898,-34.554205979122024
6371,General San Martín,3487,"CENTRO EDUCATIVO NIVEL SECUNDARIO Nº456 ""ALICIA MOREAU DE JUSTO""",Región 7,0045DM0456,61072000,Educación de Jóvenes y Adultos,Nivel Secundario,ESTRADA - 2985,11-4755-0793,,0045dm0456@gmail.com,Estatal,Oficial,CENTRO EDUCATIVO DE NIVEL SECUNDARIO (C.E.N.S.),CONURBANO,Urbano,0,Oficial,SEDE,Segunda,"Dirección de Educación de Jóvenes, Adultos y Adultos Mayores",604502206,Final 2025,111,56,55,6,VESPERTINO,610720,0,456,-58.53007846784577,-34.57343512303188
6371,General San Martín,3488,"C.E.B.A.S. Nº2 ""EDUCADOR PAULO FREIRE""",Región 7,0045DS0002,60944500,Educación de Jóvenes y Adultos,Nivel Secundario,AVENIDA BALBÍN (EX BALCARCE 900) - 3200,11-4839-8248,,0045mb0002@gmail.com,Estatal,Oficial,CENTRO ESPECIALIZADO PARA ADULTOS CON ORIENTACIÓN EN SALUD (CEBAS),CONURBANO,Urbano,0,Oficial,SEDE,Segunda,"Dirección de Educación de Jóvenes, Adultos y Adultos Mayores",604500445,Final 2025,65,12,53,6,"MAÑANA,VESPERTINO",609445,0,2,-58.55396870301285,-34.57137156928528
6371,General San Martín,3489,"ESCUELA DE EDUCACIÓN SECUNDARIA TÉCNICA Nº1 ""MANUEL BELGRANO""",Región 7,0045MT0001,61155300,Educación Técnico Profesional,Nivel Secundario,INTENDENTE CAMPOS E/ MORENO Y BELGRANO - 1950,11-4754-3986,46552,eest1gralsanmartin@abc.gob.ar,Estatal,Oficial,ESCUELA DE EDUCACIÓN SECUNDARIA TÉCNICA,CONURBANO,Urbano,0,Oficial,SEDE,Primera,Dirección Provincial de Educación Técnico Profesional,604500339,Final 2025,595,434,161,24,"MAÑANA,TARDE,VESPERTINO",611553,0,1,-58.53640250529675,-34.57784890347557
6371,General San Martín,3490,"ESCUELA DE EDUCACIÓN SECUNDARIA TÉCNICA Nº2 ""ALEMANIA""",Región 7,0045MT0002,60162400,Educación Técnico Profesional,Nivel Secundario,PACIFICO RODRIGUEZ - 5650,11-4767-6574,46522,eest2gralsanmartin@abc.gob.ar,Estatal,Oficial,ESCUELA DE EDUCACIÓN SECUNDARIA TÉCNICA,CONURBANO,Urbano,0,Oficial,SEDE,Primera,Dirección Provincial de Educación Técnico Profesional,604501166,Final 2025,924,607,317,42,"MAÑANA,TARDE,VESPERTINO",601624,0,2,-58.56136058302336,-34.54395867565178
6371,General San Martín,3491,"ESCUELA DE EDUCACIÓN SECUNDARIA TÉCNICA Nº3 ""PREFECTURA NAVAL ARGENTINA""",Región 7,0045MT0003,60747000,Educación Técnico Profesional,Nivel Secundario,AV 101(EX RICARDO BALBIN) - 2281,11-4755-0334,46547,eest3gralsanmartin@abc.gob.ar,Estatal,Oficial,ESCUELA DE EDUCACIÓN SECUNDARIA TÉCNICA,CONURBANO,Urbano,0,Oficial,SEDE,Primera,Dirección Provincial de Educación Técnico Profesional,604501178,Final 2025,750,402,348,32,"MAÑANA,TARDE,VESPERTINO",607470,0,3,-58.543913238573545,-34.57872865241246
6371,General San Martín,3492,"ESCUELA DE EDUCACIÓN SECUNDARIA TÉCNICA Nº4 ""ING. EMILIO MITRE""",Región 7,0045MT0004,61155400,Educación Técnico Profesional,Nivel Secundario,SAN MARTÍN - 1714,11-4755-2116,46540,mt045004@abc.gov.ar,Estatal,Oficial,ESCUELA DE EDUCACIÓN SECUNDARIA TÉCNICA,CONURBANO,Urbano,0,Oficial,SEDE,Primera,Dirección Provincial de Educación Técnico Profesional,604500547,Final 2025,1469,1067,402,63,"MAÑANA,NOCHE,TARDE",611554,0,4,-58.53514790305206,-34.58016724552132
6371,General San Martín,3493,"ESCUELA DE EDUCACIÓN SECUNDARIA TÉCNICA Nº5 ""GALILEO GALILEI""",Región 7,0045MT0005,61154700,Educación Técnico Profesional,Nivel Secundario,AVDA. EVA PERÓN - 4541,11-6080-2589,46497,eet5sm@gmail.com,Estatal,Oficial,ESCUELA DE EDUCACIÓN SECUNDARIA TÉCNICA,CONURBANO,Urbano,0,Oficial,SEDE,Primera,Dirección Provincial de Educación Técnico Profesional,604501184,Final 2025,985,615,370,38,"MAÑANA,NOCHE,TARDE",611547,0,5,-58.572935601495736,-34.56997089404095
6515,Malvinas Argentinas,3649,"ESCUELA DE EDUCACIÓN SECUNDARIA Nº1 ""LISANDRO DE LA TORRE""",Región 9,0133MS0001,60941700,Educación Común,Nivel Secundario,GODOY CRUZ - 3300,11-4456-0556,90512,ees1demalvinas@gmail.com,Estatal,Oficial,ESCUELA DE EDUCACIÓN SECUNDARIA,CONURBANO,Urbano,0,Oficial,SEDE,Primera,Dirección Provincial de Educación Secundaria,613300203,Final 2025,998,485,513,36,"MAÑANA,TARDE,VESPERTINO",609417,0,1,-58.68690432817142,-34.49913089357548
6515,Malvinas Argentinas,3650,"ESCUELA DE EDUCACIÓN SECUNDARIA Nº2 ""JUAN MANUEL DE ROSAS""",Región 9,0133MS0002,60578600,Educación Común,Nivel Secundario,SAN LORENZO ESQ: PASCO - 790,2320-41-4912,,secretariaescuela2@gmail.com,Estatal,Oficial,ESCUELA DE EDUCACIÓN SECUNDARIA,CONURBANO,Urbano,1,Oficial,SEDE,Primera,Dirección Provincial de Educación Secundaria,613300219,Final 2025,637,322,315,28,"MAÑANA,TARDE",605786,0,2,-58.723580188705824,-34.49511805885815
6760,San Miguel,3651,"ESCUELA DE EDUCACIÓN SECUNDARIA Nº3 ""HÉROES DE MALVINAS""",Región 9,0131MS0003,60575200,Educación Común,Nivel Secundario,PEDRO IGNACIO RIVERA ESQ. MARCOS PAZ - S/N,2320-46-0452,,0131ms0003@gmail.com,Estatal,Oficial,ESCUELA DE EDUCACIÓN SECUNDARIA,CONURBANO,Urbano,1,Oficial,SEDE,Primera,Dirección Provincial de Educación Secundaria,613100206,Final 2025,825,397,428,31,"MAÑANA,TARDE,VESPERTINO",605752,0,3,-58.76750219389767,-34.55563963405508
6760,San Miguel,3652,"ESCUELA DE EDUCACIÓN SECUNDARIA Nº4 ""RAÚL SCALABRINI ORTIZ""",Región 9,0131MS0004,60787600,Educación Común,Nivel Secundario,JULIO A. ROCA - 1438,11-4451-4250,93029,sanmiguel.eesn4@gmail.com,Estatal,Oficial,ESCUELA DE EDUCACIÓN SECUNDARIA,CONURBANO,Urbano,0,Oficial,SEDE,Primera,Dirección Provincial de Educación Secundaria,613100210,Final 2025,562,277,285,22,"MAÑANA,TARDE",607876,0,4,-58.71800631813638,-34.540970974030856
6412,José C. Paz,3653,ESCUELA DE EDUCACIÓN SECUNDARIA Nº1,Región 9,0132MS0001,61188600,Educación Común,Nivel Secundario,CENTENARIO Y VARSOVIA - 3303,2320-44-5833,93741,gaston_c23@hotmail.com,Estatal,Oficial,ESCUELA DE EDUCACIÓN SECUNDARIA,CONURBANO,Urbano,1,Oficial,SEDE,Primera,Dirección Provincial de Educación Secundaria,613200110,Final 2025,1014,492,522,34,"MAÑANA,TARDE,VESPERTINO",611886,0,1,-58.77794738436373,-34.5119118057849
6412,José C. Paz,3655,"ESCUELA DE EDUCACIÓN SECUNDARIA Nº2 ""JUANA AZURDUY""",Región 9,0132MS0002,60563600,Educación Común,Nivel Secundario,ACERBONI E/A.JONTE Y CANNING - 620,2320-44-5909,,josecpazsecundaria2secretario@gmail.com,Estatal,Oficial,ESCUELA DE EDUCACIÓN SECUNDARIA,CONURBANO,Urbano,0,Oficial,SEDE,Primera,Dirección Provincial de Educación Secundaria,613200217,Final 2025,707,332,375,26,"MAÑANA,TARDE",605636,0,2,-58.74310815821431,-34.50862232675862
6515,Malvinas Argentinas,3656,"ESCUELA DE EDUCACIÓN SECUNDARIA Nº 3 ""PROFESOR OSCAR ANIBAL FLORES""",Región 9,0133MS0003,60981400,Educación Común,Nivel Secundario,NUÑEZ E/CUBA Y COLOMBIA - S/N,2320-62-0211/620939,,mm133003@abc.gov.ar,Estatal,Oficial,ESCUELA DE EDUCACIÓN SECUNDARIA,CONURBANO,Urbano,1,Oficial,SEDE,Primera,Dirección Provincial de Educación Secundaria,613300226,Final 2025,843,400,443,28,"MAÑANA,TARDE,VESPERTINO",609814,0,3,-58.73515580580506,-34.46668075604297
6412,José C. Paz,3657,"ESCUELA DE EDUCACIÓN SECUNDARIA Nº3 ""SOL DE MAYO""",Región 9,0132MS0003,60789600,Educación Común,Nivel Secundario,COLONIA - 4100,2320-44-3624,,anacots@live.com,Estatal,Oficial,ESCUELA DE EDUCACIÓN SECUNDARIA,CONURBANO,Urbano,1,Oficial,SEDE,Primera,Dirección Provincial de Educación Secundaria,613200168,Final 2025,734,358,376,24,"MAÑANA,TARDE",607896,0,3,-58.795305092155736,-34.50923131437333
6515,Malvinas Argentinas,3658,"ESCUELA DE EDUCACIÓN SECUNDARIA Nº4 ""JOSÉ HERNÁNDEZ""",Región 9,0133MS0004,60770400,Educación Común,Nivel Secundario,MORSE ESQ. O' BRIEN JUAN - 821,11-4463-0754,,secundario4malvinasarg@abc.gob.ar,Estatal,Oficial,ESCUELA DE EDUCACIÓN SECUNDARIA,CONURBANO,Urbano,1,Oficial,SEDE,Primera,Dirección Provincial de Educación Secundaria,613300242,Final 2025,556,271,285,21,"MAÑANA,TARDE",607704,0,4,-58.69328511692186,-34.47692998706893
6412,José C. Paz,3659,"ESCUELA DE EDUCACIÓN SECUNDARIA Nº4 ""9 DE JULIO""",Región 9,0132MS0004,60786500,Educación Común,Nivel Secundario,SAN LORENZO Y TRES SARGENTOS - S/N,2320-44-6214,93753,anwicky@abc.gob.ar,Estatal,Oficial,ESCUELA DE EDUCACIÓN SECUNDARIA,CONURBANO,Urbano,1,Oficial,SEDE,Segunda,Dirección Provincial de Educación Secundaria,613201263,Final 2025,432,208,224,17,"MAÑANA,TARDE",607865,0,4,-58.73111496848038,-34.519676830221165
6760,San Miguel,3660,"ESCUELA DE EDUCACIÓN SECUNDARIA Nº1 ""BRIGADIER GRAL. JUAN F. QUIROGA""",Región 9,0131MS0001,60021600,Educación Común,Nivel Secundario,AV. REMIGIO LOPEZ - 2551,11-4455-1922,,secundaria1sanmiguel@abc.gob.ar,Estatal,Oficial,ESCUELA DE EDUCACIÓN SECUNDARIA,CONURBANO,Urbano,0,Oficial,SEDE,Primera,Dirección Provincial de Educación Secundaria,613100193,Final 2025,682,311,371,25,"MAÑANA,TARDE,VESPERTINO",600216,0,1,-58.74847894463176,-34.56007133737632
6412,José C. Paz,3661,"ESCUELA DE EDUCACIÓN SECUNDARIA Nº5 ""MARÍA EVA DUARTE DE PERÓN""",Región 9,0132MS0005,60790300,Educación Común,Nivel Secundario,FRAGATA SARMIENTO Y ORIBE - S/N,2320-44-5672,,eem5_132@yahoo.com.ar,Estatal,Oficial,ESCUELA DE EDUCACIÓN SECUNDARIA,CONURBANO,Urbano,0,Oficial,SEDE,Primera,Dirección Provincial de Educación Secundaria,613200123,Final 2025,1162,588,574,43,"MAÑANA,TARDE,VESPERTINO",607903,0,5,-58.78466671631628,-34.52907034723533
6412,José C. Paz,3662,ESCUELA DE EDUCACIÓN SECUNDARIA Nº6,Región 9,0132MS0006,61124500,Educación Común,Nivel Secundario,FELIX DE AZARA - 905,2320-44-5890/96,,secundaria6josecpaz@abc.gob.ar,Estatal,Oficial,ESCUELA DE EDUCACIÓN SECUNDARIA,CONURBANO,Urbano,0,Oficial,SEDE,Primera,Dirección Provincial de Educación Secundaria,613200507,Final 2025,880,453,427,28,"MAÑANA,TARDE",611245,0,6,-58.75139289816308,-34.50377445662549
6638,Pilar,3663,ESCUELA DE EDUCACIÓN SECUNDARIA Nº4,Región 11,0083MS0004,61250100,Educación Común,Nivel Secundario,DR. JOSÉ PENNA E/ VIAMONTE Y DE  LA TORRE - 950,2320-47-7937,,eesecundaria4delviso@gmail.com,Estatal,Oficial,ESCUELA DE EDUCACIÓN SECUNDARIA,INTERIOR,Urbano,1,Oficial,SEDE,Primera,Dirección Provincial de Educación Secundaria,608300104,Final 2025,832,436,396,31,"MAÑANA,NOCHE,TARDE",612501,0,4,-58.79664942405236,-34.446263365645805
6760,San Miguel,3664,"ESCUELA DE EDUCACIÓN SECUNDARIA Nº2 ""ING. ADOLFO SOURDEAUX""",Región 9,0131MS0002,60564600,Educación Común,Nivel Secundario,FRANCISCO BOUREL - 555,11-4666-5608/5646,90501,secundaria2sanmiguel@abc.gob.ar,Estatal,Oficial,ESCUELA DE EDUCACIÓN SECUNDARIA,CONURBANO,Urbano,0,Oficial,SEDE,Segunda,Dirección Provincial de Educación Secundaria,613100619,Final 2025,437,253,184,21,"MAÑANA,TARDE",605646,0,2,-58.67516794434436,-34.55894203924328
6760,San Miguel,3665,"ESCUELA DE EDUCACIÓN SECUNDARIA Nº5 ""BELGRANO EDUCADOR""",Región 9,0131MS0005,60917900,Educación Común,Nivel Secundario,BARRIO DE SUBOFICIALES SGTO CABRAL - S/N,11-4664-6651,,secundaria5sanmiguel@abc.gob.ar,Estatal,Oficial,ESCUELA DE EDUCACIÓN SECUNDARIA,CONURBANO,Urbano,0,Oficial,SEDE,Primera,Dirección Provincial de Educación Secundaria,613100186,Final 2025,905,452,453,32,"MAÑANA,TARDE",609179,0,5,-58.69304555192127,-34.537645296843884
6760,San Miguel,3666,"ESCUELA DE EDUCACIÓN SECUNDARIA Nº6 ""JUANA MANSO""",Región 9,0131MS0006,60790400,Educación Común,Nivel Secundario,ARGUERO ESQ PTE PERÓN - 1138,11-4664-8586,,wmazzariol@yahoo.com.ar,Estatal,Oficial,ESCUELA DE EDUCACIÓN SECUNDARIA,CONURBANO,Urbano,0,Oficial,SEDE,Primera,Dirección Provincial de Educación Secundaria,613101945,Final 2025,1278,575,703,51,"TARDE,VESPERTINO",607904,0,6,-58.71653761295298,-34.53800195118826
6412,José C. Paz,3667,"ESCUELA DE EDUCACIÓN SECUNDARIA Nº7 ""JUAN B JUSTO""",Región 9,0132MS0007,61152600,Educación Común,Nivel Secundario,GELLY Y OBES Y ARIAS - S/N,2320-42-2734,,secundaria7juanbjusto@yahoo.com,Estatal,Oficial,ESCUELA DE EDUCACIÓN SECUNDARIA,CONURBANO,Urbano,0,Oficial,SEDE,Primera,Dirección Provincial de Educación Secundaria,613200511,Final 2025,1227,606,621,40,"MAÑANA,TARDE,VESPERTINO",611526,0,7,-58.75028893628477,-34.52404698587932
6412,José C. Paz,3668,"ESCUELA DE EDUCACIÓN SECUNDARIA Nº8 ""DON JOSÉ ALTUBE""",Región 9,0132MS0008,60563700,Educación Común,Nivel Secundario,LAVALLE - 1296,2320-42-6402,93703,secundaria8josecpaz@abc.gob.ar,Estatal,Oficial,ESCUELA DE EDUCACIÓN SECUNDARIA,CONURBANO,Urbano,0,Oficial,SEDE,Primera,Dirección Provincial de Educación Secundaria,613200134,Final 2025,1118,551,567,42,"MAÑANA,TARDE,VESPERTINO",605637,0,8,-58.745038173472295,-34.51910616271888
6412,José C. Paz,3669,"ESCUELA DE EDUCACIÓN SECUNDARIA Nº9 ""ANTONIO BERNI""",Región 9,0132MS0009,61172000,Educación Común,Nivel Secundario,CULLEN AYERZA - 3689,2320-46-3918,,eem9jcp@gmail.com,Estatal,Oficial,ESCUELA DE EDUCACIÓN SECUNDARIA,CONURBANO,Urbano,0,Oficial,SEDE,Segunda,Dirección Provincial de Educación Secundaria,613200147,Final 2025,472,234,238,17,"MAÑANA,TARDE",611720,0,9,-58.752383521597565,-34.54509414763992
6515,Malvinas Argentinas,3670,ESCUELA DE EDUCACIÓN SECUNDARIA Nº5,Región 9,0133MS0005,60788200,Educación Común,Nivel Secundario,BOULOGNE SUR MER - 2975,2320-41-2130,,eemn5_malvinasargentinas@yahoo.com.ar,Estatal,Oficial,ESCUELA DE EDUCACIÓN SECUNDARIA,CONURBANO,Urbano,0,Oficial,SEDE,Primera,Dirección Provincial de Educación Secundaria,613300235,Final 2025,966,486,480,30,"MAÑANA,TARDE,VESPERTINO",607882,0,5,-58.702009206301085,-34.486979068502635
6760,San Miguel,3671,"CENTRO EDUCATIVO DE NIVEL SECUNDARIO Nº452 ""PROFESOR DELFOR CANDIA MARC""",Región 9,0131DM0452,60322600,Educación de Jóvenes y Adultos,Nivel Secundario,BARRIO SUBOFICIALES SGTO.CABRAL - S/N,-,93000,cens452sanmiguel@abc.gob.ar,Estatal,Oficial,CENTRO EDUCATIVO DE NIVEL SECUNDARIO (C.E.N.S.),CONURBANO,Urbano,0,Oficial,SEDE,Primera,"Dirección de Educación de Jóvenes, Adultos y Adultos Mayores","613100186,613100619",Final 2025,223,103,120,16,VESPERTINO,603226,0,452,-58.69304376761145,-34.53757594341166
6760,San Miguel,3672,CENTRO EDUCATIVO DE NIVEL SECUNDARIO Nº451,Región 9,0131DM0451,60027300,Educación de Jóvenes y Adultos,Nivel Secundario,SANTA ANA Y GÜEMES - 3226,11-15-5964-5865,,cens0451sanmiguel@gmail.com,Estatal,Oficial,CENTRO EDUCATIVO DE NIVEL SECUNDARIO (C.E.N.S.),CONURBANO,Urbano,0,Oficial,SEDE,Segunda,"Dirección de Educación de Jóvenes, Adultos y Adultos Mayores",613100140,Final 2025,118,44,74,6,VESPERTINO,600273,0,451,-58.73360190411951,-34.55368619724841
6760,San Miguel,3673,"ESCUELA DE EDUCACIÓN SECUNDARIA Nº7 ""DOMINGO F. SARMIENTO""",Región 9,0131MS0007,60580800,Educación Común,Nivel Secundario,ARGÜERO - 1138,11-4664-8586,93077,secundaria7sanmiguel@abc.gob.ar,Estatal,Oficial,ESCUELA DE EDUCACIÓN SECUNDARIA,CONURBANO,Urbano,0,Oficial,SEDE,Primera,Dirección Provincial de Educación Secundaria,613101945,Final 2025,1160,522,638,43,MAÑANA,605808,0,7,-58.71664106093552,-34.53807306252145
6412,José C. Paz,3674,"ESCUELA DE EDUCACIÓN SECUNDARIA TÉCNICA Nº1 ""COMUNIDAD DE JOSÉ C. PAZ""",Región 9,0132MT0001,60564000,Educación Técnico Profesional,Nivel Secundario,ZUVIRIA - 4149,2320-44-5684,,tecnica1josecpaz@abc.gob.ar,Estatal,Oficial,ESCUELA DE EDUCACIÓN SECUNDARIA TÉCNICA,CONURBANO,Urbano,0,Oficial,SEDE,Primera,Dirección Provincial de Educación Técnico Profesional,613200785,Final 2025,1183,828,355,43,"MAÑANA,TARDE,VESPERTINO",605640,0,1,-58.74264471598022,-34.52827892922881
6760,San Miguel,3675,"ESCUELA DE EDUCACIÓN SECUNDARIA TÉCNICA Nº2 ""REPÚBLICA ARGENTINA""",Región 9,0131MT0002,60575300,Educación Técnico Profesional,Nivel Secundario,PEDRO RIVERA - 3736,2320-46-1243,,eest2sanmiguel@abc.gob.ar,Estatal,Oficial,ESCUELA DE EDUCACIÓN SECUNDARIA TÉCNICA,CONURBANO,Urbano,1,Oficial,SEDE,Primera,Dirección Provincial de Educación Técnico Profesional,613100879,Final 2025,601,370,231,23,"""DOBLE ESCOLARIDAD"",MAÑANA,NOCHE,TARDE",605753,0,2,-58.76686279669589,-34.55609269685727
6760,San Miguel,3676,"ESCUELA DE EDUCACIÓN SECUNDARIA TÉCNICA Nº3 ""JAPÓN""",Región 9,0131MT0003,60561800,Educación Técnico Profesional,Nivel Secundario,MONSEÑOR BLOIS - 1625,11-4664-9321,93019,gladys.giordana@yahoo.com.ar,Estatal,Oficial,ESCUELA DE EDUCACIÓN SECUNDARIA TÉCNICA,CONURBANO,Urbano,0,Oficial,SEDE,Primera,Dirección Provincial de Educación Técnico Profesional,613100880,Final 2025,1582,1249,333,50,"MAÑANA,TARDE,VESPERTINO",605618,0,3,-58.71637424917159,-34.544771403776906
6412,José C. Paz,3677,"ESCUELA DE EDUCACIÓN SECUNDARIA TÉCNICA Nº2 ""NIKOLA TESLA""",Región 9,0132MT0002,60506200,Educación Técnico Profesional,Nivel Secundario,CNEL.SUAREZ E/CONSTITUCION Y WILLIAMS - 2453/5,2320-44-5683,93780,eetn2jcp@yahoo.com.ar,Estatal,Oficial,ESCUELA DE EDUCACIÓN SECUNDARIA TÉCNICA,CONURBANO,Urbano,0,Oficial,SEDE,Primera,Dirección Provincial de Educación Técnico Profesional,613200792,Final 2025,978,755,223,27,"MAÑANA,TARDE,VESPERTINO",605062,0,2,-58.75559736092882,-34.52865966621025
6760,San Miguel,3678,"ESCUELA DE EDUCACIÓN SECUNDARIA TÉCNICA Nº1 ""NUESTRA SEÑORA DEL VALLE""",Región 9,0131MT0001,60918100,Educación Técnico Profesional,Nivel Secundario,FARIAS E/AZCUENAGA Y ALBERDI - 480,11-4664-0516,93002,eestmuizs@gmail.com,Estatal,Oficial,ESCUELA DE EDUCACIÓN SECUNDARIA TÉCNICA,CONURBANO,Urbano,0,Oficial,SEDE,Primera,Dirección Provincial de Educación Técnico Profesional,613100867,Final 2025,1095,918,177,40,"MAÑANA,TARDE,VESPERTINO",609181,0,1,-58.70398409329056,-34.55395017146286
6805,Tigre,4334,ESCUELA DE EDUCACIÓN SECUNDARIA Nº1,Región 6,0055MS0001,61097400,Educación Común,Nivel Secundario,PASTEUR - 1200,11-4740-6450,,secundaria1tigre@abc.gob.ar,Estatal,Oficial,ESCUELA DE EDUCACIÓN SECUNDARIA,CONURBANO,Urbano,0,Oficial,SEDE,Primera,Dirección Provincial de Educación Secundaria,605500313,Final 2025,869,460,409,42,"MAÑANA,TARDE",610974,0,1,-58.649388954335926,-34.466572057653856
6805,Tigre,4335,"ESCUELA DE EDUCACIÓN SECUNDARIA Nº2 ""BRIG. GENERAL JUAN MANUEL DE ROSAS""",Región 6,0055MS0002,60843700,Educación Común,Nivel Secundario,JUJUY ESQ. ENTRE RIOS - 280,11-4506-5375,88000,secundaria2tigre@gmail.com,Estatal,Oficial,ESCUELA DE EDUCACIÓN SECUNDARIA,CONURBANO,Urbano,0,Oficial,SEDE,Primera,Dirección Provincial de Educación Secundaria,605500983,Final 2025,915,443,472,40,"MAÑANA,TARDE,VESPERTINO",608437,0,2,-58.631917091099965,-34.45464012074451
6805,Tigre,4336,"ESCUELA SECUNDARIA Nº3 ""LA RECONQUISTA""",Región 6,0055MS0003,61176600,Educación Común,Nivel Secundario,AVDA. MARÍA - 1568,11-4519-6549,50374,eemn3tigre@gmail.com,Estatal,Oficial,ESCUELA DE EDUCACIÓN SECUNDARIA,CONURBANO,Urbano,0,Oficial,SEDE,Primera,Dirección Provincial de Educación Secundaria,605500996,Final 2025,829,382,447,38,"MAÑANA,TARDE,VESPERTINO",611766,0,3,-58.63833455339603,-34.49876118677886
6805,Tigre,4337,"ESCUELA DE EDUCACIÓN SECUNDARIA Nº4 ""REVOLUCION FRANCESA""",Región 6,0055MS0004,60810500,Educación Común,Nivel Secundario,LAS HERAS Y SAN LUIS - S/N,3327-48-2677,,ees4benavidez@gmail.com,Estatal,Oficial,ESCUELA DE EDUCACIÓN SECUNDARIA,CONURBANO,Urbano,0,Oficial,SEDE,Primera,Dirección Provincial de Educación Secundaria,605500321,Final 2025,598,258,340,23,"MAÑANA,TARDE",608105,0,4,-58.68303553609768,-34.412379695065404
6805,Tigre,4338,ESCUELA DE EDUCACIÓN SECUNDARIA Nº5,Región 6,0055MS0005,60528800,Educación Común,Nivel Secundario,LISANDRO.DE LA TORRE - 2895,11-4727-2037,,secundaria5tigre@abc.gob.ar,Estatal,Oficial,ESCUELA DE EDUCACIÓN SECUNDARIA,CONURBANO,Urbano,0,Oficial,SEDE,Primera,Dirección Provincial de Educación Secundaria,605500332,Final 2025,562,275,287,25,"MAÑANA,TARDE",605288,0,5,-58.62419598176249,-34.48051084960352
6805,Tigre,4339,"ESCUELA DE EDUCACIÓN SECUNDARIA Nº 6 ""SOLANA DEL MONTE""",Región 6,0055MS0006,60832100,Educación Común,Nivel Secundario,AV. DEL TRABAJO - 2350,11-4748-7810,,secundaria6tigre@abc.gob.ar,Estatal,Oficial,ESCUELA DE EDUCACIÓN SECUNDARIA,CONURBANO,Urbano,0,Oficial,SEDE,Primera,Dirección Provincial de Educación Secundaria,605500345,Final 2025,694,335,359,30,"MAÑANA,TARDE",608321,0,6,-58.61879853382431,-34.50368978005877
6805,Tigre,4341,ESCUELA DE EDUCACIÓN SECUNDARIA Nº8,Región 6,0055MS0008,61192300,Educación Común,Nivel Secundario,HIPOLITO YRIGOYEN - 20,11-4512-9640,,secundaria8tigre@abc.gob.ar,Estatal,Oficial,ESCUELA DE EDUCACIÓN SECUNDARIA,CONURBANO,Urbano,0,Oficial,SEDE,Segunda,Dirección Provincial de Educación Secundaria,605500473,Final 2025,795,338,457,35,"MAÑANA,TARDE",611923,0,8,-58.62247240197885,-34.455048911177805
6805,Tigre,4342,"ESCUELA DE EDUCACIÓN SECUNDARIA Nº10 ""MALVINAS ARGENTINAS""",Región 6,0055MS0010,60311600,Educación Común,Nivel Secundario,ESPAÑA E/ CHACABUCO Y GUARESCHI - 1132,11-4749-7629,50333,secundaria10tigre@abc.gob.ar,Estatal,Oficial,ESCUELA DE EDUCACIÓN SECUNDARIA,CONURBANO,Urbano,0,Oficial,SEDE,Primera,Dirección Provincial de Educación Secundaria,605500378,Final 2025,644,345,299,30,"MAÑANA,TARDE",603116,0,10,-58.5751403920144,-34.42591765597449
6805,Tigre,4343,"ESCUELA DE EDUCACIÓN SECUNDARIA Nº11 ""JUANA AZURDUY""",Región 6,0055MS0011,61058200,Educación Común,Nivel Secundario,RICCHIERI - 2001,11-4741-7516,,secundaria11tigre@gmail.com,Estatal,Oficial,ESCUELA DE EDUCACIÓN SECUNDARIA,CONURBANO,Urbano,0,Oficial,SEDE,Primera,Dirección Provincial de Educación Secundaria,605501028,Final 2025,842,399,443,41,"MAÑANA,TARDE",610582,0,11,-58.61768545821639,-34.49385033262625
6805,Tigre,4344,CENTRO EDUCATIVO NIVEL SECUNDARIO Nº451,Región 6,0055DM0451,60847800,Educación de Jóvenes y Adultos,Nivel Secundario,COLECTORA ESTE - 34603,3327-42-8831,,censtigre451@gmail.com,Estatal,Oficial,CENTRO EDUCATIVO DE NIVEL SECUNDARIO (C.E.N.S.),CONURBANO,Urbano,0,Oficial,SEDE,Tercera,"Dirección de Educación de Jóvenes, Adultos y Adultos Mayores",605502053,Final 2025,47,24,23,3,VESPERTINO,608478,0,451,-58.70079351557192,-34.4445756597293
6805,Tigre,4345,"ESCUELA DE EDUCACIÓN SECUNDARIA TÉCNICA Nº1 ""MANUEL NICOLÁS SAVIO""",Región 6,0055MT0001,61097300,Educación Técnico Profesional,Nivel Secundario,KENNEDY Y DEFENSA - 870,11-4740-6894,50301,eest1tigre@abc.gob.ar,Estatal,Oficial,ESCUELA DE EDUCACIÓN SECUNDARIA TÉCNICA,CONURBANO,Urbano,0,Oficial,SEDE,Primera,Dirección Provincial de Educación Técnico Profesional,605501305,Final 2025,1539,1036,503,53,"MAÑANA,TARDE,VESPERTINO",610973,0,1,-58.64382484434022,-34.46911879649477
6805,Tigre,4346,ESCUELA DE EDUCACIÓN SECUNDARIA TÉCNICA Nº2,Región 6,0055MT0002,61174000,Educación Técnico Profesional,Nivel Secundario,CARLOS TEJEDOR Y RICHIERI - S/N,11-4508-0300,,eest2tigre@abc.gob.ar,Estatal,Oficial,ESCUELA DE EDUCACIÓN SECUNDARIA TÉCNICA,CONURBANO,Urbano,0,Oficial,SEDE,Primera,Dirección Provincial de Educación Técnico Profesional,605500366,Final 2025,917,691,226,33,"MAÑANA,""SIN INFORMACIÓN"",TARDE,VESPERTINO",611740,0,2,-58.68665137226226,-34.46087043951873
6805,Tigre,4347,"ESCUELA DE EDUCACIÓN SECUNDARIA TÉCNICA Nº3 ""UNIÓN INDUSTRIAL ARGENTINA""",Región 6,0055MT0003,61183100,Educación Técnico Profesional,Nivel Secundario,AV.MARABOTTO Y AV. BENAVIDEZ - S/N,3327-48-1451,,eest3tigre@abc.gob.ar,Estatal,Oficial,ESCUELA DE EDUCACIÓN SECUNDARIA TÉCNICA,CONURBANO,Urbano,0,Oficial,SEDE,Primera,Dirección Provincial de Educación Técnico Profesional,605501314,Final 2025,1122,758,364,39,"MAÑANA,TARDE,VESPERTINO",611831,0,3,-58.69630308351974,-34.41100707721442
6805,Tigre,4348,ESCUELA DE EDUCACIÓN SECUNDARIA TÉCNICA Nº4,Región 6,0055MT0004,61057700,Educación Técnico Profesional,Nivel Secundario,TRIUNVIRATO - 2653,11-4748-2197,50335,eest4tigre@abc.gob.ar,Estatal,Oficial,ESCUELA DE EDUCACIÓN SECUNDARIA TÉCNICA,CONURBANO,Urbano,0,Oficial,SEDE,Primera,Dirección Provincial de Educación Técnico Profesional,605500384,Final 2025,668,530,138,25,"MAÑANA,TARDE,VESPERTINO",610577,0,4,-58.60966011589981,-34.50138092464169
6805,Tigre,4349,"ESCUELA DE EDUCACIÓN SECUNDARIA TÉCNICA Nº5 ""RAÚL ESCALABRINI ORTIZ""",Región 6,0055MT0005,60917300,Educación Técnico Profesional,Nivel Secundario,AV. CAZON E/ CHACABUCO Y GUARESCHI - 1099,11-4749-0662,50323,eest5tigre@abc.gob.ar,Estatal,Oficial,ESCUELA DE EDUCACIÓN SECUNDARIA TÉCNICA,CONURBANO,Urbano,0,Oficial,SEDE,Primera,Dirección Provincial de Educación Técnico Profesional,605500460,Final 2025,1004,747,257,49,"MAÑANA,TARDE,VESPERTINO",609173,0,5,-58.57522200818804,-34.42650535573703
6329,General Las Heras,4478,"ESCUELA DE EDUCACIÓN SECUNDARIA Nº1 ""PAULA ALBARRACÍN""",Región 10,0057MS0001,61023900,Educación Técnico Profesional,Nivel Secundario,BRUCH y ALFONSIN - S/N,220-476-1673,,secundaria1lasheras@abc.gob.ar,Estatal,Oficial,ESCUELA DE EDUCACIÓN SECUNDARIA,INTERIOR,Urbano,0,Oficial,SEDE,Segunda,Dirección Provincial de Educación Secundaria,605700038,Final 2025,13,7,6,1,"MAÑANA,TARDE,VESPERTINO",610239,0,1,-58.95043043895596,-34.93276220476549
6329,General Las Heras,4478,"ESCUELA DE EDUCACIÓN SECUNDARIA Nº1 ""PAULA ALBARRACÍN""",Región 10,0057MS0001,61023900,Educación Común,Nivel Secundario,BRUCH y ALFONSIN - S/N,220-476-1673,,secundaria1lasheras@abc.gob.ar,Estatal,Oficial,ESCUELA DE EDUCACIÓN SECUNDARIA,INTERIOR,Urbano,0,Oficial,SEDE,Segunda,Dirección Provincial de Educación Secundaria,605700038,Final 2025,434,225,209,21,"MAÑANA,TARDE,VESPERTINO",610239,0,1,-58.95043043895596,-34.93276220476549
6329,General Las Heras,4479,"ESCUELA DE EDUCACIÓN SECUNDARIA TÉCNICA Nº1 ""CORBETA URUGUAY""",Región 10,0057MT0001,60802700,Educación Técnico Profesional,Nivel Secundario,NEUQUEN - 33,220-476-1949,51614,corbetauruguay@gmail.com,Estatal,Oficial,ESCUELA DE EDUCACIÓN SECUNDARIA TÉCNICA,INTERIOR,Urbano,0,Oficial,SEDE,Primera,Dirección Provincial de Educación Técnico Profesional,605700212,Final 2025,515,311,204,24,"MAÑANA,TARDE,VESPERTINO",608027,0,1,-58.95035351889945,-34.933988577510576
6497,Luján,4986,"ESCUELA DE ARTE Nº500 ""JOSE""PIPO"" FERRARI""",Región 10,0063AA0001,60376300,Educación Artística,Ciclo Medio,LAVALLE (E/ FRANCIA Y RIVADAVIA) - 274,2323-42-4400,55519,escueladeartelujan@abc.gob.ar,Estatal,Oficial,ESCUELA DE ARTE,INTERIOR,Urbano,0,Oficial,SEDE,Segunda,Dirección de Educación Artística,606300010,Final 2025,101,69,32,10,"MAÑANA,TARDE,VESPERTINO",603763,0,1,-59.11785403583329,-34.563544400656625
6497,Luján,5029,"ESCUELA DE EDUCACIÓN SECUNDARIA Nº1 ""JUAN BAUTISTA BARNECH""",Región 10,0063MS0001,60877300,Educación Común,Nivel Secundario,SAN MARTÍN Y ALEM - 898,2323-42-4074,,secundaria1lujan@abc.gob.ar,Estatal,Oficial,ESCUELA DE EDUCACIÓN SECUNDARIA,INTERIOR,Urbano,0,Oficial,SEDE,Primera,Dirección Provincial de Educación Secundaria,606300551,Final 2025,637,305,332,28,"MAÑANA,TARDE",608773,0,1,-59.10950383353483,-34.56715797655916
6497,Luján,5030,"ESCUELA DE EDUCACIÓN SECUNDARIA Nº2 ""JULIO STEVERLYNCK""",Región 10,0063MS0002,60003000,Educación Común,Nivel Secundario,PADRE INGLÉS - 1585,2323-49-4996,70267,secundaria2lujan@gmail.com,Estatal,Oficial,ESCUELA DE EDUCACIÓN SECUNDARIA,INTERIOR,Urbano,0,Oficial,SEDE,Primera,Dirección Provincial de Educación Secundaria,606300567,Final 2025,548,289,259,25,"MAÑANA,TARDE,VESPERTINO",600030,0,2,-59.18091654835978,-34.56948082557947
6497,Luján,5031,"ESCUELA DE EDUCACIÓN SECUNDARIA Nº3 ""ADELA DEPINO DE LUCERO""",Región 10,0063MS0003,60977600,Educación Común,Nivel Secundario,AVDA. CADRED Y JUAN DE DIOS FILIBERTO - S/N,2323-49-6800,,secundaria3lujan@abc.gob.ar,Estatal,Oficial,ESCUELA DE EDUCACIÓN SECUNDARIA,INTERIOR,Urbano,1,Oficial,SEDE,Segunda,Dirección Provincial de Educación Secundaria,606300579,Final 2025,433,228,205,18,"MAÑANA,TARDE",609776,0,3,-59.07073984546725,-34.502038155336386
6497,Luján,5032,"ESCUELA DE EDUCACIÓN SECUNDARIA Nº 4 ""MARÍA ESTELA ETCHEGOIN""",Región 10,0063MS0004,61001900,Educación Común,Nivel Secundario,SAN CARLOS - 302,2323-49-5114/115,,secundaria4lujan@abc.gob.ar,Estatal,Oficial,ESCUELA DE EDUCACIÓN SECUNDARIA,INTERIOR,Rural Agrupado,2,Oficial,SEDE,Segunda,Dirección Provincial de Educación Secundaria,606300580,Final 2025,98,42,56,5,MAÑANA,610019,0,4,-59.21783613393024,-34.489426438878844
6497,Luján,5033,"ESCUELA DE EDUCACIÓN SECUNDARIA Nº5 ""MARÍA ADELA LUCHETTI DE FERNÁNDEZ DE MONJARDÍN""",Región 10,0063MS0005,60877500,Educación Común,Nivel Secundario,J. M. PÉREZ - 702,2323-43-0102,,secundaria5lujan@abc.gob.ar,Estatal,Oficial,ESCUELA DE EDUCACIÓN SECUNDARIA,INTERIOR,Urbano,0,Oficial,SEDE,Segunda,Dirección Provincial de Educación Secundaria,606300598,Final 2025,321,161,160,16,"MAÑANA,TARDE,VESPERTINO",608775,0,5,-59.13306565025935,-34.568638554725304
6497,Luján,5034,"ESCUELA DE EDUCACIÓN SECUNDARIA Nº6 ""DR.MANUEL ALVAREZ""",Región 10,0063MS0006,60359600,Educación Común,Nivel Secundario,JUAN ZARATE - S/N,2323-49-3107,,secundaria6lujan@abc.gob.ar,Estatal,Oficial,ESCUELA DE EDUCACIÓN SECUNDARIA,INTERIOR,Urbano,1,Oficial,SEDE,Segunda,Dirección Provincial de Educación Secundaria,606300607,Final 2025,532,274,258,21,"MAÑANA,TARDE,VESPERTINO",603596,0,6,-59.12827787266296,-34.428044525491536
6497,Luján,5035,"ESCUELA DE EDUCACIÓN SECUNDARIA Nº7 ""ADELINA DE MARIA DE BERTOLA""",Región 10,0063MS0007,60560900,Educación Común,Nivel Secundario,GÜEMES - 1474,2323-42-4048,55503,secundaria7lujan@abc.gob.ar,Estatal,Oficial,ESCUELA DE EDUCACIÓN SECUNDARIA,INTERIOR,Urbano,0,Oficial,SEDE,Primera,Dirección Provincial de Educación Secundaria,606300197,Final 2025,688,284,404,30,"MAÑANA,TARDE",605609,0,7,-59.10523880772453,-34.5751012790006
6497,Luján,5036,CENTRO EDUCATIVO NIVEL SECUNDARIO Nº451,Región 10,0063DM0451,60877600,Educación de Jóvenes y Adultos,Nivel Secundario,ITUZAINGO E/ ITALIA Y COLON (PP11) - 440,2323-42-7502,,cens451lujan@abc.gob.ar,Estatal,Oficial,CENTRO EDUCATIVO DE NIVEL SECUNDARIO (C.E.N.S.),INTERIOR,Urbano,0,Oficial,SEDE,Primera,"Dirección de Educación de Jóvenes, Adultos y Adultos Mayores",606300109,Final 2025,366,111,255,15,"NOCHE,VESPERTINO",608776,0,451,-59.117496225200775,-34.568708226239686
6497,Luján,5037,"ESCUELA DE EDUCACIÓN SECUNDARIA Nº9 ""FLORENTINO AMEGHINO""",Región 10,0063MS0009,60977300,Educación Común,Nivel Secundario,AV. ESPAÑA - 801,2323-43-7618,,secundaria9lujan@abc.gob.ar,Estatal,Oficial,ESCUELA DE EDUCACIÓN SECUNDARIA,INTERIOR,Urbano,0,Oficial,SEDE,Primera,Dirección Provincial de Educación Secundaria,606300184,Final 2025,848,352,496,33,"MAÑANA,NOCHE,TARDE",609773,0,9,-59.113317092554354,-34.57173646545088
6497,Luján,5038,"ESCUELA DE EDUCACIÓN SECUNDARIA TÉCNICA Nº1 ""EDUARDO GUILLERMO OLIVER""",Región 10,0063MT0001,61000900,Educación Técnico Profesional,Nivel Secundario,AV. ESPAÑA - 1151,2323-42-1268/2-0949,55504,eest1lujan@gmail.com,Estatal,Oficial,ESCUELA DE EDUCACIÓN SECUNDARIA TÉCNICA,INTERIOR,Urbano,0,Oficial,SEDE,Primera,Dirección Provincial de Educación Técnico Profesional,606300682,Final 2025,1337,910,427,48,"MAÑANA,TARDE,VESPERTINO",610009,0,1,-59.10930320728359,-34.57484364626545
6525,Marcos Paz,5245,"ESCUELA DE EDUCACIÓN SECUNDARIA Nº1 ""CRUCERO GRAL. BELGRANO""",Región 10,0067MS0001,60561500,Educación Común,Nivel Secundario,AVELLANEDA - 1930,220-477-5927,,ees1marcospaz@gmail.com,Estatal,Oficial,ESCUELA DE EDUCACIÓN SECUNDARIA,INTERIOR,Urbano,0,Oficial,SEDE,Primera,Dirección Provincial de Educación Secundaria,606700319,Final 2025,887,435,452,33,"MAÑANA,TARDE,VESPERTINO",605615,0,1,-58.8386449937212,-34.78110689236824
6525,Marcos Paz,5246,"ESCUELA DE EDUCACIÓN SECUNDARIA Nº2 ""DR. MARCOS PAZ""",Región 10,0067MS0002,61154200,Educación Común,Nivel Secundario,DOCTOR MARCOS PAZ - 1850,220-477-1189,,secundaria2marcospaz@abc.gob.ar,Estatal,Oficial,ESCUELA DE EDUCACIÓN SECUNDARIA,INTERIOR,Urbano,0,Oficial,SEDE,Primera,Dirección Provincial de Educación Secundaria,606700326,Final 2025,782,364,418,38,"MAÑANA,TARDE",611542,0,2,-58.82788008764159,-34.78913914381319
6525,Marcos Paz,5247,"ESCUELA DE EDUCACIÓN SECUNDARIA TÉCNICA Nº1 ""JUAN XXIII""",Región 10,0067MT0001,60929900,Educación Técnico Profesional,Nivel Secundario,BELGRANO E/ PELLEGRINI Y AGÜERO - 2181,220-477-0931,57203,eest1marcospaz@abc.gob.ar,Estatal,Oficial,ESCUELA DE EDUCACIÓN SECUNDARIA TÉCNICA,INTERIOR,Urbano,0,Oficial,SEDE,Primera,Dirección Provincial de Educación Técnico Profesional,"606700390,606700077",Final 2025,1123,748,375,38,"MAÑANA,TARDE,VESPERTINO",609299,0,1,-58.83896731300134,-34.784526532125625
6532,Mercedes,5746,CONSERVATORIO DE MUSICA,Región 10,0070AM0001,60345500,Educación Artística,Ciclo Medio,12 E/21 Y 23 - 520,2324-42-4584,,conservatoriomercedes@gmail.com,Estatal,Oficial,CONSERVATORIO DE MÚSICA,INTERIOR,Urbano,0,Oficial,SEDE,Tercera,Dirección de Educación Artística,607000031,Final 2025,135,46,89,6,ALTERNADO,603455,0,1,-59.43023483534623,-34.65633678718826
6532,Mercedes,5775,"ESCUELA DE EDUCACIÓN SECUNDARIA AGRARIA Nº1 ""INGENIERO AGR. HUGO MIATELLO""",Región 10,0070MA0001,60610200,Educación Técnico Profesional,Nivel Secundario,RUTA 41 Y AVDA. CNEL. DORREGO - S/N,2324-40-5027,60827,eesa1mercedes@abc.gob.ar,Estatal,Oficial,ESCUELA DE EDUCACIÓN SECUNDARIA AGRARIA,INTERIOR,Urbano,1,Oficial,SEDE,Segunda,Dirección Provincial de Educación Técnico Profesional,607000433,Final 2025,269,154,115,12,"MAÑANA,TARDE",606102,0,1,-59.402222647352815,-34.625772275839786
6532,Mercedes,5776,CENTRO EDUCATIVO PARA LA PRODUCCIÓN TOTAL Nº4,Región 10,0070MC0004,60233300,Educación Técnico Profesional,Nivel Secundario,CUARTEL XV - S/N,2324-43-4478,,fabian_davidrodriguez@hotmail.com,Estatal,Oficial,CENTRO EDUCATIVO DE LA PRODUCCIÓN TOTAL (CEPT),INTERIOR,Rural Disperso,5,Oficial,SEDE,Tercera,Dirección Provincial de Educación Técnico Profesional,607000405,Final 2025,112,61,51,7,ALTERNADO,602333,0,4,-59.49063743217157,-34.72291270295867
6532,Mercedes,5777,"ESCUELA DE EDUCACIÓN SECUNDARIA Nº1 ""JORGE ÁLVAREZ DE LA OTEZA""",Región 10,0070MS0001,60609500,Educación Común,Nivel Secundario,47 E/ 28 Y 30 - 693,2324-43-1589,,secundaria1mercedes@abc.gob.ar,Estatal,Oficial,ESCUELA DE EDUCACIÓN SECUNDARIA,INTERIOR,Urbano,0,Oficial,SEDE,Segunda,Dirección Provincial de Educación Secundaria,607000106,Final 2025,450,207,243,18,"MAÑANA,TARDE,VESPERTINO",606095,0,1,-59.44165290355851,-34.646736702836364
6532,Mercedes,5778,CENTRO EDUCATIVO DE NIVEL SECUNDARIO N°452,Región 10,0070DM0452,60727700,Educación de Jóvenes y Adultos,Nivel Secundario,27 (UNIDAD PENITENCIARIA 5) - 1174,2324-42-7952,60841,oscaralbertovilla2015@gmail.com,Estatal,Oficial,CENTRO EDUCATIVO DE NIVEL SECUNDARIO (C.E.N.S.),INTERIOR,Urbano,2,Oficial,SEDE,Segunda,"Dirección de Educación de Jóvenes, Adultos y Adultos Mayores",607000077,Final 2025,197,196,1,9,"MAÑANA,NOCHE,TARDE",607277,0,452,-59.4279749128745,-34.640371764615814
6532,Mercedes,5779,"ESCUELA DE EDUCACIÓN SECUNDARIA Nº3 ""FLORENTINO AMEGHINO""",Región 10,0070MS0003,60761500,Educación Común,Nivel Secundario,17 E/30 Y 32 - 725,2324-42-6044,,secretariaees3@gmail.com,Estatal,Oficial,ESCUELA DE EDUCACIÓN SECUNDARIA,INTERIOR,Urbano,0,Oficial,SEDE,Primera,Dirección Provincial de Educación Secundaria,607000446,Final 2025,672,303,369,28,"MAÑANA,TARDE",607615,0,3,-59.42611499011456,-34.6491865217404
6532,Mercedes,5780,"CENTRO EDUCATIVO DE NIVEL SECUNDARIO Nº451 ""PROF. JUAN A. CANGELOSI""",Región 10,0070DM0451,61152000,Educación de Jóvenes y Adultos,Nivel Secundario,26 - 739,2324-42-6849,60849,marceloaleponti@yahoo.com.ar,Estatal,Oficial,CENTRO EDUCATIVO DE NIVEL SECUNDARIO (C.E.N.S.),INTERIOR,Urbano,0,Oficial,SEDE,Segunda,"Dirección de Educación de Jóvenes, Adultos y Adultos Mayores",607000110,Final 2025,308,125,183,13,"NOCHE,VESPERTINO",611520,0,451,-59.43261393354836,-34.650233061013765
6532,Mercedes,5781,"ESCUELA DE EDUCACIÓN SECUNDARIA Nº5 ""CAP. GRAL JUSTO J. DE URQUIZA""",Región 10,0070MS0005,60609400,Educación Común,Nivel Secundario,29 E/36 Y 38. - 874,2324-51-2046,,gra.mi.ca@hotmail.com,Estatal,Oficial,ESCUELA DE EDUCACIÓN SECUNDARIA,INTERIOR,Urbano,0,Oficial,SEDE,Primera,Dirección Provincial de Educación Secundaria,607000201,Final 2025,566,247,319,21,"MAÑANA,TARDE",606094,0,5,-59.43010241423161,-34.64560135574866
6532,Mercedes,5783,"ESCUELA DE EDUCACIÓN SECUNDARIA TÉCNICA Nº1 ""NUESTRA SEÑORA DE LAS MERCEDES""",Región 10,0070MT0001,60960500,Educación Técnico Profesional,Nivel Secundario,31 E/2 Y 4 - 51,2324-42-1247,60810,eet1mercedes@yahoo.com.ar,Estatal,Oficial,ESCUELA DE EDUCACIÓN SECUNDARIA TÉCNICA,INTERIOR,Urbano,0,Oficial,SEDE,Segunda,Dirección Provincial de Educación Técnico Profesional,607000479,Final 2025,506,366,140,24,"MAÑANA,TARDE,VESPERTINO",609605,0,1,-59.435826818352815,-34.659389054261254
6539,Merlo,5889,"ESCUELA DE EDUCACIÓN SECUNDARIA Nº 1 "" DR. BERNARDO ALBERTO HOUSSAY""",Región 8,0071MS0001,60919100,Educación Común,Nivel Secundario,MAESTRO GONZALEZ - 7,220-483-8032,,eemnelmastil@gmail.com,Estatal,Oficial,ESCUELA DE EDUCACIÓN SECUNDARIA,CONURBANO,Urbano,0,Oficial,SEDE,Primera,Dirección Provincial de Educación Secundaria,607100359,Final 2025,699,385,314,20,VESPERTINO,609191,0,1,-58.7236440808343,-34.673370475736725
6539,Merlo,5890,"ESCUELA DE EDUCACIÓN SECUNDARIA Nº2 ""DR. MARIANO ACOSTA""",Región 8,0071MS0002,61185800,Educación Común,Nivel Secundario,DESEADO - 1525,220-499-8146,,secundaria2merlo@abc.gob.ar,Estatal,Oficial,ESCUELA DE EDUCACIÓN SECUNDARIA,CONURBANO,Urbano,0,Oficial,SEDE,Primera,Dirección Provincial de Educación Secundaria,607100363,Final 2025,995,455,540,38,"MAÑANA,TARDE",611858,0,2,-58.79567482593195,-34.72564942627969
6539,Merlo,5891,"ESCUELA DE EDUCACIÓN SECUNDARIA Nº3 ""COMISARIO JOSÉ GREGORIO ROSSI""",Región 8,0071MS0003,60859300,Educación Común,Nivel Secundario,SULLIVAN E/ INSPECTOR GRAL. HERITIER Y COMISARIO INSPECTOR FENTANES - 1200,220-482-3794,,secundaria3merlo@abc.gob.ar,Estatal,Oficial,ESCUELA DE EDUCACIÓN SECUNDARIA,CONURBANO,Urbano,0,Oficial,SEDE,Primera,Dirección Provincial de Educación Secundaria,607100371,Final 2025,734,375,359,30,"MAÑANA,TARDE",608593,0,3,-58.71122681412567,-34.65327565652222
6539,Merlo,5892,"ESCUELA DE EDUCACION SECUNDARIA Nº4 ""LEONARDO DA VINCI""",Región 8,0071MS0004,61030900,Educación Técnico Profesional,Nivel Secundario,VICTOR MERCANTE Y ZAPIOLA - 137,220-497-2856,,secundaria4merlo@abc.gob.ar,Estatal,Oficial,ESCUELA DE EDUCACIÓN SECUNDARIA,CONURBANO,Urbano,0,Oficial,SEDE,Primera,Dirección Provincial de Educación Secundaria,607100424,Final 2025,13,6,7,1,"MAÑANA,TARDE",610309,0,4,-58.68791986023994,-34.69052346530813
6539,Merlo,5892,"ESCUELA DE EDUCACION SECUNDARIA Nº4 ""LEONARDO DA VINCI""",Región 8,0071MS0004,61030900,Educación Común,Nivel Secundario,VICTOR MERCANTE Y ZAPIOLA - 137,220-497-2856,,secundaria4merlo@abc.gob.ar,Estatal,Oficial,ESCUELA DE EDUCACIÓN SECUNDARIA,CONURBANO,Urbano,0,Oficial,SEDE,Primera,Dirección Provincial de Educación Secundaria,607100424,Final 2025,1049,498,551,36,"MAÑANA,TARDE",610309,0,4,-58.68791986023994,-34.69052346530813
6539,Merlo,5893,ESCUELA DE EDUCACIÓN SECUNDARIA Nº5,Región 8,0071MS0005,60933000,Educación Común,Nivel Secundario,RAWSON - 4541,220-480-3222,,secundaria5merlo@abc.gob.ar,Estatal,Oficial,ESCUELA DE EDUCACIÓN SECUNDARIA,CONURBANO,Urbano,0,Oficial,SEDE,Primera,Dirección Provincial de Educación Secundaria,607100385,Final 2025,1009,457,552,40,"MAÑANA,TARDE",609330,0,5,-58.74036987413157,-34.696740578495515
6539,Merlo,5894,"ESCUELA DE EDUCACIÓN SECUNDARIA Nº6 ""ISLAS DEL ATLANTICO SUR""",Región 8,0071MS0006,61181500,Educación Común,Nivel Secundario,CORONDA E/ MALDONADO Y VIGIL - 2451,220-493-0183,,ees6merlo@gmail.com,Estatal,Oficial,ESCUELA DE EDUCACIÓN SECUNDARIA,CONURBANO,Urbano,1,Oficial,SEDE,Primera,Dirección Provincial de Educación Secundaria,607100392,Final 2025,892,404,488,30,"MAÑANA,TARDE,VESPERTINO",611815,0,6,-58.723354743725785,-34.71331233579525
6539,Merlo,5895,ESCUELA DE EDUCACIÓN SECUNDARIA Nº7,Región 8,0071MS0007,61181600,Educación Común,Nivel Secundario,CURUPAYTI - 714,220-489-5293,22002,secundaria7merlo@abc.gob.ar,Estatal,Oficial,ESCUELA DE EDUCACIÓN SECUNDARIA,CONURBANO,Urbano,0,Oficial,SEDE,Primera,Dirección Provincial de Educación Secundaria,607100407,Final 2025,615,303,312,29,"MAÑANA,TARDE,VESPERTINO",611816,0,7,-58.75571202990741,-34.66859763765615
6539,Merlo,5896,ESCUELA DE EDUCACIÓN SECUNDARIA Nº8,Región 8,0071MS0008,60403200,Educación Común,Nivel Secundario,VELARDE Y HORNOS - S/N,220-497-6608,68832,ees_8merlo@outlook.com.ar,Estatal,Oficial,ESCUELA DE EDUCACIÓN SECUNDARIA,CONURBANO,Urbano,1,Oficial,SEDE,Primera,Dirección Provincial de Educación Secundaria,607100411,Final 2025,668,339,329,30,"MAÑANA,TARDE",604032,0,8,-58.669372129042976,-34.697406971490835
6539,Merlo,5897,ESCUELA DE EDUCACIÓN SECUNDARIA Nº9,Región 8,0071MS0009,61185600,Educación Común,Nivel Secundario,LEANDRO N. ALEM - 1588,220-482-5893,61478,polimodal9071@gmail.com,Estatal,Oficial,ESCUELA DE EDUCACIÓN SECUNDARIA,CONURBANO,Urbano,0,Oficial,SEDE,Primera,Dirección Provincial de Educación Secundaria,607101195,Final 2025,912,418,494,34,"MAÑANA,TARDE",611856,0,9,-58.71986532520516,-34.67931768284315
6539,Merlo,5898,ESCUELA DE EDUCACIÓN SECUNDARIA Nº10,Región 8,0071MS0010,60995200,Educación Común,Nivel Secundario,NUEVE DE JULIO Y DARDO ROCHA - S/N,220-494-0618,,secundaria10merlo@abc.gob.ar,Estatal,Oficial,ESCUELA DE EDUCACIÓN SECUNDARIA,CONURBANO,Urbano,0,Oficial,SEDE,Primera,Dirección Provincial de Educación Secundaria,607101202,Final 2025,761,360,401,27,"MAÑANA,TARDE",609952,0,10,-58.70202740910657,-34.68070869858576
6539,Merlo,5899,ESCUELA DE EDUCACIÓN SECUNDARIA TÉCNICA Nº5,Región 8,0071MT0005,61090700,Educación Técnico Profesional,Nivel Secundario,MALVINAS - 1715,-,,eest5merlo@abc.gob.ar,Estatal,Oficial,ESCUELA DE EDUCACIÓN SECUNDARIA TÉCNICA,CONURBANO,Urbano,0,Oficial,SEDE,Primera,Dirección Provincial de Educación Técnico Profesional,607101819,Final 2025,1399,803,596,53,"MAÑANA,TARDE",610907,0,5,-58.68931523159876,-34.693194934003614
6539,Merlo,5900,CENTRO EDUCATIVO DE NIVEL SECUNDARIO Nº463,Región 8,0071DM0463,61030800,Educación de Jóvenes y Adultos,Nivel Secundario,V. MERCANTE Y ZAPIOLA - S/N,220-497-1188,61432,cens463.libertad@gmail.com,Estatal,Oficial,CENTRO EDUCATIVO DE NIVEL SECUNDARIO (C.E.N.S.),CONURBANO,Urbano,0,Oficial,SEDE,Primera,"Dirección de Educación de Jóvenes, Adultos y Adultos Mayores",607100424,Final 2025,367,186,181,16,VESPERTINO,610308,0,463,-58.68792976870024,-34.69049993080381
6539,Merlo,5901,ESCUELA DE EDUCACIÓN SECUNDARIA Nº13,Región 8,0071MS0013,60932900,Educación Común,Nivel Secundario,A RODRÍGUEZ - 5200,-,,secundaria13merlo@abc.gob.ar,Estatal,Oficial,ESCUELA DE EDUCACIÓN SECUNDARIA,CONURBANO,Urbano,0,Oficial,SEDE,Primera,Dirección Provincial de Educación Secundaria,607100430,Final 2025,634,295,339,23,"MAÑANA,TARDE,VESPERTINO",609329,0,13,-58.74823311682789,-34.698370183597575
6539,Merlo,5902,CENTRO EDUCATIVO DE NIVEL SECUNDARIO Nº465,Región 8,0071DM0465,60758400,Educación de Jóvenes y Adultos,Nivel Secundario,RAWSON - 4541,220-492-8072,61444,cens465merlo@abc.gob.ar,Estatal,Oficial,CENTRO EDUCATIVO DE NIVEL SECUNDARIO (C.E.N.S.),CONURBANO,Urbano,0,Oficial,SEDE,Primera,"Dirección de Educación de Jóvenes, Adultos y Adultos Mayores",607100385,Final 2025,338,151,187,17,NOCHE,607584,0,465,-58.740386566016014,-34.6967594628967
6539,Merlo,5903,ESCUELA DE EDUCACIÓN SECUNDARIA Nº15,Región 8,0071MS0015,60687000,Educación Común,Nivel Secundario,ISABEL DE BARNES - 4320,220-492-0200,,secundaria15merlo@abc.gob.ar,Estatal,Oficial,ESCUELA DE EDUCACIÓN SECUNDARIA,CONURBANO,Urbano,0,Oficial,SEDE,Primera,Dirección Provincial de Educación Secundaria,607101218,Final 2025,884,408,476,30,"MAÑANA,TARDE",606870,0,15,-58.69842862393352,-34.7499656773529
6539,Merlo,5904,"ESCUELA DE EDUCACIÓN SECUNDARIA Nº16 ""MANUEL BELGRANO""",Región 8,0071MS0016,61185700,Educación Común,Nivel Secundario,JUAN MANUEL DE ROSAS Y JUJUY - 890,220-482-5469,,secundaria16merlo@abc.gob.ar,Estatal,Oficial,ESCUELA DE EDUCACIÓN SECUNDARIA,CONURBANO,Urbano,0,Oficial,SEDE,Primera,Dirección Provincial de Educación Secundaria,607100448,Final 2025,1933,918,1015,60,"MAÑANA,TARDE,VESPERTINO",611857,0,16,-58.7302848494416,-34.666772215336195
6539,Merlo,5905,ESCUELA DE EDUCACIÓN SECUNDARIA Nº17,Región 8,0071MS0017,61184800,Educación Común,Nivel Secundario,AV. RICARDO BALBÍN - 1395,220-482-3482,61410,mm071017@gmail.com,Estatal,Oficial,ESCUELA DE EDUCACIÓN SECUNDARIA,CONURBANO,Urbano,0,Oficial,SEDE,Primera,Dirección Provincial de Educación Secundaria,607102655,Final 2025,645,273,372,36,"MAÑANA,TARDE,VESPERTINO",611848,0,17,-58.73754387688007,-34.665992914380595
6539,Merlo,5906,CENTRO EDUCATIVO NIVEL SECUNDARIO Nº455,Región 8,0071DM0455,60938700,Educación de Jóvenes y Adultos,Nivel Secundario,DE ROMA Y LOS FRANCESES - S/N,220-492-5045,61519,direccioncens455pontevedra@gmail.com,Estatal,Oficial,CENTRO EDUCATIVO DE NIVEL SECUNDARIO (C.E.N.S.),CONURBANO,Urbano,0,Oficial,SEDE,Segunda,"Dirección de Educación de Jóvenes, Adultos y Adultos Mayores",607100344,Final 2025,193,70,123,7,NOCHE,609387,0,455,-58.70300465244201,-34.748883101973185
6539,Merlo,5907,ESCUELA DE EDUCACIÓN SECUNDARIA Nº19 JUANA AZURDUY,Región 8,0071MS0019,60862300,Educación Común,Nivel Secundario,11 DE NOVIEMBRE E/ALBERDI Y  LAMARTINE - 5700,220-482-5450,,secundaria19merlo@abc.gob.ar,Estatal,Oficial,ESCUELA DE EDUCACIÓN SECUNDARIA,CONURBANO,Urbano,0,Oficial,SEDE,Primera,Dirección Provincial de Educación Secundaria,607100566,Final 2025,879,405,474,33,"MAÑANA,TARDE",608623,0,19,-58.69327872733064,-34.676097171846585
6539,Merlo,5908,CENTRO EDUCATIVO NIVEL SECUNDARIO Nº451,Región 8,0071DM0451,61201600,Educación de Jóvenes y Adultos,Nivel Secundario,MARIO BRAVO - 2305,220-494-2076,,cens451merlo@abc.gob.ar,Estatal,Oficial,CENTRO EDUCATIVO DE NIVEL SECUNDARIO (C.E.N.S.),CONURBANO,Urbano,0,Oficial,SEDE,Segunda,"Dirección de Educación de Jóvenes, Adultos y Adultos Mayores",607100080,Final 2025,97,33,64,6,"MAÑANA,TARDE,VESPERTINO",612016,0,451,-58.69454632047936,-34.68879428534611
6539,Merlo,5909,"ESCUELA DE EDUCACIÓN SECUNDARIA TÉCNICA Nº1 ""INGENIERO FRANCISCO E. URONDO""",Región 8,0071MT0001,60919200,Educación Técnico Profesional,Nivel Secundario,AVENIDA REAL - 161,220-485-8185,61434,info@tecnica1merlo.edu.ar,Estatal,Oficial,ESCUELA DE EDUCACIÓN SECUNDARIA TÉCNICA,CONURBANO,Urbano,0,Oficial,SEDE,Primera,Dirección Provincial de Educación Técnico Profesional,607101772,Final 2025,1785,1444,341,55,"MAÑANA,NOCHE,TARDE",609192,0,1,-58.7217327525638,-34.67417067563576
6539,Merlo,5910,"ESCUELA DE EDUCACIÓN SECUNDARIA TÉCNICA Nº2 ""REPÚBLICA DE VENEZUELA""",Región 8,0071MT0002,60919300,Educación Técnico Profesional,Nivel Secundario,GÜEMES - 2391,220-482-1231,61406,tecnica2merlo@abc.gob.ar,Estatal,Oficial,ESCUELA DE EDUCACIÓN SECUNDARIA TÉCNICA,CONURBANO,Urbano,0,Oficial,SEDE,Primera,Dirección Provincial de Educación Técnico Profesional,607101786,Final 2025,2162,1373,789,79,"MAÑANA,TARDE,VESPERTINO",609193,0,2,-58.72800068735664,-34.66139663862333
6539,Merlo,5911,ESCUELA DE EDUCACIÓN SECUNDARIA TÉCNICA Nº3,Región 8,0071MT0003,60859600,Educación Técnico Profesional,Nivel Secundario,EL ALGARROBO Y ECHEVERRIA - 223,220-486-3633,61491,eest3merlo@abc.gob.ar,Estatal,Oficial,ESCUELA DE EDUCACIÓN SECUNDARIA TÉCNICA,CONURBANO,Urbano,0,Oficial,SEDE,Primera,Dirección Provincial de Educación Técnico Profesional,607101793,Final 2025,670,533,137,24,"MAÑANA,TARDE,VESPERTINO",608596,0,3,-58.68583837985406,-34.67327354667754
6539,Merlo,5912,ESCUELA DE EDUCACIÓN SECUNDARIA TÉCNICA Nº4,Región 8,0071MT0004,60992500,Educación Técnico Profesional,Nivel Secundario,FLEMING - 4133,220-4804-0784,61499,eest4merlo@abc.gob.ar,Estatal,Oficial,ESCUELA DE EDUCACIÓN SECUNDARIA TÉCNICA,CONURBANO,Urbano,0,Oficial,SEDE,Primera,Dirección Provincial de Educación Técnico Profesional,607101803,Final 2025,646,409,237,23,"MAÑANA,TARDE,VESPERTINO",609925,0,4,-58.73270434987727,-34.698193274918495
6560,Moreno,6111,"ESCUELA DE EDUCACIÓN SECUNDARIA Nº1 ""MANUEL BELGRANO""",Región 9,0073MS0001,61078000,Educación Común,Nivel Secundario,PAYSANDÚ - 203,237-462-1218,,secundaria1moreno@abc.gob.ar,Estatal,Oficial,ESCUELA DE EDUCACIÓN SECUNDARIA,CONURBANO,Urbano,0,Oficial,SEDE,Primera,Dirección Provincial de Educación Secundaria,607302791,Final 2025,1239,628,611,43,"MAÑANA,TARDE",610780,0,1,-58.79858310779499,-34.64528836817539
6560,Moreno,6112,"ESCUELA DE EDUCACIÓN SECUNDARIA Nº2 ""MARINA VILTE""",Región 9,0073MS0002,61017100,Educación Común,Nivel Secundario,JUSTO DARACT - 2646,237-462-6593,+,secundaria2moreno@abc.gob.ar,Estatal,Oficial,ESCUELA DE EDUCACIÓN SECUNDARIA,CONURBANO,Urbano,0,Oficial,SEDE,Primera,Dirección Provincial de Educación Secundaria,607300350,Final 2025,976,465,511,36,"MAÑANA,TARDE",610171,0,2,-58.78399538897548,-34.640909753382054
6560,Moreno,6113,"ESCUELA DE EDUCACIÓN SECUNDARIA Nº3 ""JOSÉ HERNANDEZ""",Región 9,0073MS0003,60945800,Educación Común,Nivel Secundario,LUJAN - 4,237-463-2176,,media3moreno@gmail.com,Estatal,Oficial,ESCUELA DE EDUCACIÓN SECUNDARIA,CONURBANO,Urbano,0,Oficial,SEDE,Primera,Dirección Provincial de Educación Secundaria,607300275,Final 2025,1097,560,537,49,"MAÑANA,TARDE,VESPERTINO",609458,0,3,-58.76439263530287,-34.65813184675493
6560,Moreno,6114,"ESCUELA DE EDUCACIÓN SECUNDARIA Nº4 ""CRISTO OBRERO""",Región 9,0073MS0004,60863500,Educación Común,Nivel Secundario,G. GALILEI Y O'BRIEN - S/N,237-468-1404,,media4moreno@uahoo.com.ar,Estatal,Oficial,ESCUELA DE EDUCACIÓN SECUNDARIA,CONURBANO,Urbano,1,Oficial,SEDE,Primera,Dirección Provincial de Educación Secundaria,607300418,Final 2025,831,418,413,35,"MAÑANA,TARDE",608635,0,4,-58.760715286030845,-34.62104296175824
6560,Moreno,6116,"ESCUELA DE EDUCACIÓN SECUNDARIA Nº6 ""JUANA AZURDUY""",Región 9,0073MS0006,60962200,Educación Común,Nivel Secundario,COLOMBIA E/ PERU Y BOLIVIA - 846,237-468-1222,68681,secundaria6moreno@abc.gob.ar,Estatal,Oficial,ESCUELA DE EDUCACIÓN SECUNDARIA,CONURBANO,Urbano,0,Oficial,SEDE,Primera,Dirección Provincial de Educación Secundaria,607301305,Final 2025,772,389,383,30,"MAÑANA,TARDE",609622,0,6,-58.79257003078176,-34.62526158215598
6560,Moreno,6117,"ESCUELA DE EDUCACIÓN SECUNDARIA Nº7 ""HEROÍNAS DE MALVINAS""",Región 9,0073MS0007,60961800,Educación Común,Nivel Secundario,SOLÓN - 1901,11-15-2558-7352,,secundaria7moreno@abc.gob.ar,Estatal,Oficial,ESCUELA DE EDUCACIÓN SECUNDARIA,CONURBANO,Urbano,1,Oficial,SEDE,Primera,Dirección Provincial de Educación Secundaria,607301314,Final 2025,756,375,381,30,"MAÑANA,TARDE,VESPERTINO",609618,0,7,-58.7889600525897,-34.605349341790514
6560,Moreno,6118,"ESCUELA DE EDUCACIÓN SECUNDARIA TÉCNICA Nº4 ""MARÍA EVA DUARTE DE PERÓN""",Región 9,0073MT0004,60644700,Educación Técnico Profesional,Nivel Secundario,CHILAVERT - 2401,237-462-6599,,eest4moreno@abc.gob.ar,Estatal,Oficial,ESCUELA DE EDUCACIÓN SECUNDARIA TÉCNICA,CONURBANO,Urbano,1,Oficial,SEDE,Primera,Dirección Provincial de Educación Técnico Profesional,607301913,Final 2025,807,473,334,30,"MAÑANA,TARDE,VESPERTINO",606447,0,4,-58.82090241731218,-34.629641127635594
6560,Moreno,6119,"ESCUELA DE EDUCACIÓN SECUNDARIA TÉCNICA Nº5 ""PRESIDENTE JUAN D. PERÓN""",Región 9,0073MT0005,60855200,Educación Técnico Profesional,Nivel Secundario,QUIRNO COSTA Y LUIS AGOTE - S/N,2320-45-0825,,eestn5moreno@gmail.com,Estatal,Oficial,ESCUELA DE EDUCACIÓN SECUNDARIA TÉCNICA,CONURBANO,Urbano,1,Oficial,SEDE,Primera,Dirección Provincial de Educación Técnico Profesional,607301921,Final 2025,1222,676,546,38,"MAÑANA,TARDE,VESPERTINO",608552,0,5,-58.813962221378894,-34.53156782729311
6560,Moreno,6120,"ESCUELA DE EDUCACIÓN SECUNDARIA Nº10 ""16 DE SETIEMBRE""",Región 9,0073MS0010,60614800,Educación Común,Nivel Secundario,LISANDRO DE LA TORRE ESQ. PARAGUAY - 915,237-468-0030,,secundaria10.moreno@gmail.com,Estatal,Oficial,ESCUELA DE EDUCACIÓN SECUNDARIA,CONURBANO,Urbano,0,Oficial,SEDE,Primera,Dirección Provincial de Educación Secundaria,607301322,Final 2025,690,349,341,24,"MAÑANA,TARDE",606148,0,10,-58.78336845269136,-34.61793143478757
6560,Moreno,6121,"ESCUELA DE EDUCACIÓN SECUNDARIA Nº11 ""MADRES Y ABUELAS DE PLAZA DE MAYO""",Región 9,0073MS0011,61299500,Educación Común,Nivel Secundario,MOCTEZUMA - 580,237-487-1987,45127,secundaria11moreno@abc.gob.ar,Estatal,Oficial,ESCUELA DE EDUCACIÓN SECUNDARIA,CONURBANO,Urbano,0,Oficial,SEDE,Primera,Dirección Provincial de Educación Secundaria,607301333,Final 2025,640,292,348,21,"MAÑANA,TARDE",612995,0,11,-58.85162788272013,-34.631547399892305
6560,Moreno,6122,"ESCUELA DE EDUCACIÓN SECUNDARIA Nº12 ""CATARATAS DEL IGUAZU""",Región 9,0073MS0012,60618300,Educación Común,Nivel Secundario,TABLADA - 10432,237-481-2610,,ees12moreno@hotmail.com,Estatal,Oficial,ESCUELA DE EDUCACIÓN SECUNDARIA,CONURBANO,Urbano,0,Oficial,SEDE,Primera,Dirección Provincial de Educación Secundaria,607301346,Final 2025,988,517,471,37,"MAÑANA,TARDE",606183,0,12,-58.75663751933947,-34.583001014316146
6560,Moreno,6123,"ESCUELA DE EDUCACIÓN SECUNDARIA Nº13 ""CECILIA GRIERSON""",Región 9,0073MS0013,60855100,Educación Común,Nivel Secundario,SGTO ROMERO - 6296,237-481-0555,,mm073013@hotmail.com,Estatal,Oficial,ESCUELA DE EDUCACIÓN SECUNDARIA,CONURBANO,Urbano,0,Oficial,SEDE,Primera,Dirección Provincial de Educación Secundaria,607300140,Final 2025,763,345,418,28,"MAÑANA,TARDE",608551,0,13,-58.75048322402096,-34.60198292687024
6560,Moreno,6124,ESCUELA DE EDUCACIÓN SECUNDARIA Nº14,Región 9,0073MS0014,60553200,Educación Común,Nivel Secundario,CENTENARIO - 2200,237-4666146/4661945,62944,secundaria14moreno@abc.gob.ar,Estatal,Oficial,ESCUELA DE EDUCACIÓN SECUNDARIA,CONURBANO,Urbano,0,Oficial,SEDE,Segunda,Dirección Provincial de Educación Secundaria,607300456,Final 2025,426,211,215,13,"MAÑANA,TARDE",605532,0,14,-58.798333808149685,-34.66999473287768
6560,Moreno,6125,"ESCUELA DE EDUCACIÓN SECUNDARIA Nº15 ""MARÍA CRISTINA COURNOU""",Región 9,0073MS0015,61017700,Educación Común,Nivel Secundario,MISIONES Y AVELLANEDA - 2986,11-5926-7342,,secundaria15moreno@abc.gob.ar,Estatal,Oficial,ESCUELA DE EDUCACIÓN SECUNDARIA,CONURBANO,Urbano,0,Oficial,SEDE,Segunda,Dirección Provincial de Educación Secundaria,607301351,Final 2025,375,190,185,19,"MAÑANA,TARDE",610177,0,15,-58.75220932519957,-34.64115599315422
6560,Moreno,6125,"ESCUELA DE EDUCACIÓN SECUNDARIA Nº15 ""MARÍA CRISTINA COURNOU""",Región 9,0073MS0015,61017700,Educación Técnico Profesional,Nivel Secundario,MISIONES Y AVELLANEDA - 2986,11-5926-7342,,secundaria15moreno@abc.gob.ar,Estatal,Oficial,ESCUELA DE EDUCACIÓN SECUNDARIA,CONURBANO,Urbano,0,Oficial,SEDE,Segunda,Dirección Provincial de Educación Secundaria,607301351,Final 2025,11,11,0,1,"MAÑANA,TARDE",610177,0,15,-58.75220932519957,-34.64115599315422
6560,Moreno,6126,"ESCUELA DE EDUCACIÓN SECUNDARIA Nº16 ""FLORENCIO MOLINA CAMPOS""",Región 9,0073MS0016,60625300,Educación Común,Nivel Secundario,M Y L DE LA VEGA - 254,237-463-6304,,media16moreno@yahoo.com.ar,Estatal,Oficial,ESCUELA DE EDUCACIÓN SECUNDARIA,CONURBANO,Urbano,0,Oficial,SEDE,Primera,Dirección Provincial de Educación Secundaria,607301367,Final 2025,638,307,331,24,"MAÑANA,TARDE",606253,0,16,-58.78446871835609,-34.65515892034756
6560,Moreno,6127,CENTRO EDUCATIVO NIVEL SECUNDARIO Nº452,Región 9,0073DM0452,61299000,Educación de Jóvenes y Adultos,Nivel Secundario,MAGDALENA Y FELIX DE AZARA - S/N,237-481-5517,62956,dielco_75@hotmail.com,Estatal,Oficial,CENTRO EDUCATIVO DE NIVEL SECUNDARIO (C.E.N.S.),CONURBANO,Urbano,0,Oficial,SEDE,Segunda,"Dirección de Educación de Jóvenes, Adultos y Adultos Mayores",607300366,Final 2025,294,100,194,9,"TARDE,VESPERTINO",612990,0,452,-58.76129135899305,-34.58512217445119
6560,Moreno,6128,CENTRO EDUCATIVO NIVEL SECUNDARIO Nº451,Región 9,0073DM0451,60335500,Educación de Jóvenes y Adultos,Nivel Secundario,BARTOLOME MITRE - 1108,11-5860-7763,62943,cens451moreno@abc.gob.ar,Estatal,Oficial,CENTRO EDUCATIVO DE NIVEL SECUNDARIO (C.E.N.S.),CONURBANO,Urbano,0,Oficial,SEDE,Segunda,"Dirección de Educación de Jóvenes, Adultos y Adultos Mayores",607300252,Final 2025,619,272,347,13,NOCHE,603355,0,451,-58.79574312272762,-34.64767551446748
6560,Moreno,6129,"CENTRO EDUCATIVO DE NIVEL SECUNDARIO Nº453 ""ERNESTO CHE GUEVARA""",Región 9,0073DM0453,61430800,Educación de Jóvenes y Adultos,Nivel Secundario,MORENO Y N. ÁLVAREZ - S/N,237-487-1550 INT 12,,osvales64@yahoocomar,Estatal,Oficial,CENTRO EDUCATIVO DE NIVEL SECUNDARIO (C.E.N.S.),CONURBANO,Urbano,0,Oficial,SEDE,Segunda,"Dirección de Educación de Jóvenes, Adultos y Adultos Mayores",607300378,Final 2025,126,49,77,7,NOCHE,614308,0,453,-58.856164111116186,-34.63341732458939
6560,Moreno,6130,"CENTRO EDUCATIVO NIVEL SECUNDARIO Nº454 ""REPÚBLICA ARGENTINA""",Región 9,0073DM0454,60335600,Educación de Jóvenes y Adultos,Nivel Secundario,SAN JUAN BAUTISTA Y DEL CARRIL - S/N,237-466-6612,,cens454moreno@abc.gob.ar,Estatal,Oficial,CENTRO EDUCATIVO DE NIVEL SECUNDARIO (C.E.N.S.),CONURBANO,Urbano,0,Oficial,SEDE,Segunda,"Dirección de Educación de Jóvenes, Adultos y Adultos Mayores",607300384,Final 2025,252,111,141,9,NOCHE,603356,0,454,-58.76027542290044,-34.65144555826239
6560,Moreno,6131,"ESCUELA DE EDUCACIÓN SECUNDARIA Nº21""M.MORENO""",Región 9,0073MS0021,61077800,Educación Común,Nivel Secundario,ZEBALLOS - 822/44,237-462-0273,,m.m.073021@abc.gov.ar,Estatal,Oficial,ESCUELA DE EDUCACIÓN SECUNDARIA,CONURBANO,Urbano,0,Oficial,SEDE,Primera,Dirección Provincial de Educación Secundaria,607300460,Final 2025,1440,632,808,45,"MAÑANA,TARDE",610778,0,21,-58.80359097101854,-34.64809963582201
6560,Moreno,6132,"ESCUELA DE EDUCACIÓN SECUNDARIA TÉCNICA Nº1 ""GENERAL NICOLÁS MANUEL SAVIO""",Región 9,0073MT0001,61018100,Educación Técnico Profesional,Nivel Secundario,ISABEL LA CATÓLICA ESQ. JORGE NEWBERY - 2999,237-461-0328,63029,cristianduro1@hotmail.com,Estatal,Oficial,ESCUELA DE EDUCACIÓN SECUNDARIA TÉCNICA,CONURBANO,Urbano,1,Oficial,SEDE,Primera,Dirección Provincial de Educación Técnico Profesional,607301899,Final 2025,922,621,301,37,"MAÑANA,TARDE,VESPERTINO",610181,0,1,-58.755233784031454,-34.60592201727793
6560,Moreno,6133,"ESCUELA DE EDUCACIÓN SECUNDARIA TÉCNICA Nº2 ""GENDARMERÍA NACIONAL""",Región 9,0073MT0002,61206200,Educación Técnico Profesional,Nivel Secundario,J. B. ALBERDI - 131,237-466-6598,62993,tecnica2moreno@abc.gob.ar,Estatal,Oficial,ESCUELA DE EDUCACIÓN SECUNDARIA TÉCNICA,CONURBANO,Urbano,0,Oficial,SEDE,Primera,Dirección Provincial de Educación Técnico Profesional,607301909,Final 2025,1749,1146,603,58,"MAÑANA,TARDE,VESPERTINO",612062,0,2,-58.79658053945981,-34.65045512070692
6574,Navarro,6229,ESCUELA DE EDUCACIÓN SECUNDARIA AGRARIA Nº1,Región 10,0074MA0001,60200100,Educación Técnico Profesional,Nivel Secundario,RUTA PROVINCIAL 40 - KM.96 - S/N,2272-43-0930,,eesa1navarro@gmail.com,Estatal,Oficial,ESCUELA DE EDUCACIÓN SECUNDARIA AGRARIA,INTERIOR,Rural Disperso,1,Oficial,SEDE,Segunda,Dirección Provincial de Educación Técnico Profesional,607400251,Final 2025,152,83,69,8,"""DOBLE ESCOLARIDAD""",602001,0,1,-59.22033331813908,-35.009481534634695
6574,Navarro,6230,"ESCUELA DE EDUCACIÓN SECUNDARIA TÉCNICA Nº1 ""GENERAL MANUEL SAVIO""",Región 10,0074MT0001,60200000,Educación Técnico Profesional,Nivel Secundario,18 - 350,2272-42-0199/156,64101,tecnica1navarro@abc.gob.ar,Estatal,Oficial,ESCUELA DE EDUCACIÓN SECUNDARIA TÉCNICA,INTERIOR,Urbano,0,Oficial,SEDE,Segunda,Dirección Provincial de Educación Técnico Profesional,607400035,Final 2025,605,382,223,22,"""DOBLE ESCOLARIDAD""",602000,0,1,-59.27721506065498,-35.008296745948606
6638,Pilar,6996,"ESCUELA DE EDUCACIÓN SECUNDARIA Nº2 ""EVA PERÓN""",Región 11,0083MS0002,60688200,Educación Común,Nivel Secundario,HIPÓLITO YRIGOYEN - 775,230-454-0909,,secundaria2pilar@abc.gob.ar,Estatal,Oficial,ESCUELA DE EDUCACIÓN SECUNDARIA,INTERIOR,Urbano,1,Oficial,SEDE,Primera,Dirección Provincial de Educación Secundaria,608300094,Final 2025,1015,479,536,33,"MAÑANA,TARDE,VESPERTINO",606882,0,2,-58.838080090697225,-34.48699544991831
6638,Pilar,6997,ESCUELA DE EDUCACIÓN SECUNDARIA Nº3,Región 11,0083MS0003,61192000,Educación Común,Nivel Secundario,BELIERA Y ALEMANIA - S/N,348-446-8560,,escuelasecundaria3pilar@hotmail.com,Estatal,Oficial,ESCUELA DE EDUCACIÓN SECUNDARIA,INTERIOR,Urbano,0,Oficial,SEDE,Primera,Dirección Provincial de Educación Secundaria,608302120,Final 2025,724,335,389,23,"MAÑANA,TARDE,VESPERTINO",611920,0,3,-58.77494648464043,-34.41360958138722
6638,Pilar,6998,ESCUELA DE EDUCACIÓN SECUNDARIA Nº5 JULIO CORTAZAR,Región 11,0083MS0005,61183800,Educación Común,Nivel Secundario,MORENO - 1257,230-449-5105,,secundaria5pilar@hotmail.com,Estatal,Oficial,ESCUELA DE EDUCACIÓN SECUNDARIA,INTERIOR,Urbano,1,Oficial,SEDE,Primera,Dirección Provincial de Educación Secundaria,608300115,Final 2025,1153,576,577,40,"MAÑANA,TARDE,VESPERTINO",611838,0,5,-58.86948914254614,-34.4191431340086
6638,Pilar,6999,"ESCUELA DE EDUCACIÓN SECUNDARIA Nº6 ""DR. E. L. MARADONA""",Región 11,0083MS0006,60404800,Educación Común,Nivel Secundario,GARIBALDI - 1998,230-443-2799,69631,escuelasecundaria6pilar@gmail.com,Estatal,Oficial,ESCUELA DE EDUCACIÓN SECUNDARIA,INTERIOR,Urbano,1,Oficial,SEDE,Primera,Dirección Provincial de Educación Secundaria,608302098,Final 2025,925,613,312,28,"MAÑANA,TARDE,VESPERTINO",604048,0,6,-58.916241623128585,-34.48133162176045
6638,Pilar,7000,"ESCUELA DE EDUCACIÓN SECUNDARIA Nº7 ""MALVINAS ARGENTINAS""",Región 11,0083MS0007,61146500,Educación Común,Nivel Secundario,CUBA E/ RIO LIMAY Y RIO PILCOMAYO - 166,230-448-4206,,secundaria7pilar@abc.gob.ar,Estatal,Oficial,ESCUELA DE EDUCACIÓN SECUNDARIA,INTERIOR,Urbano,1,Oficial,SEDE,Primera,Dirección Provincial de Educación Secundaria,608300705,Final 2025,1003,514,489,30,"MAÑANA,TARDE,VESPERTINO",611465,0,7,-58.8535199915539,-34.49920460740643
6638,Pilar,7001,ESCUELA DE EDUCACIÓN SECUNDARIA Nº8,Región 11,0083MS0008,60845700,Educación Común,Nivel Secundario,PELAGIO LUNA - 1201,11-6046-0595,69600,secundaria8pilar@abc.gob.ar,Estatal,Oficial,ESCUELA DE EDUCACIÓN SECUNDARIA,INTERIOR,Urbano,0,Oficial,SEDE,Primera,Dirección Provincial de Educación Secundaria,608300714,Final 2025,1399,686,713,52,"MAÑANA,TARDE,VESPERTINO",608457,0,8,-58.91149378223797,-34.46690317690428
6638,Pilar,7002,CENTRO EDUCATIVO NIVEL SECUNDARIO Nº451,Región 11,0083DM0451,61309200,Educación de Jóvenes y Adultos,Nivel Secundario,BELGRANO - 787,230-4506612 (Tel. D,,cens451pilar@abc.gob.ar,Estatal,Oficial,CENTRO EDUCATIVO DE NIVEL SECUNDARIO (C.E.N.S.),INTERIOR,Urbano,0,Oficial,SEDE,Segunda,"Dirección de Educación de Jóvenes, Adultos y Adultos Mayores",608300060,Final 2025,234,104,130,10,VESPERTINO,613092,0,451,-58.91407164259186,-34.46017570694308
6638,Pilar,7003,"ESCUELA DE EDUCACIÓN SECUNDARIA TÉCNICA Nº 1 ""GRISELDA MAZETTELLE DE PÉREZ""",Región 11,0083MT0001,61045500,Educación Técnico Profesional,Nivel Secundario,TUCUMÁN - 854,230-442-6258,68986,omt0830001@abc.gov.ar,Estatal,Oficial,ESCUELA DE EDUCACIÓN SECUNDARIA TÉCNICA,INTERIOR,Urbano,0,Oficial,SEDE,Primera,Dirección Provincial de Educación Técnico Profesional,608300999,Final 2025,1225,768,457,43,"MAÑANA,TARDE,VESPERTINO",610455,0,1,-58.916969343233234,-34.455891976736034
6638,Pilar,7004,"ESCUELA DE EDUCACIÓN SECUNDARIA TÉCNICA Nº2 ""SANTIAGO DERQUI""",Región 11,0083MT0002,61146800,Educación Técnico Profesional,Nivel Secundario,"O""HIGGINS Y LAS HERAS - 900",230-448-5801,69620,tecnica2derqui@hotmail.com,Estatal,Oficial,ESCUELA DE EDUCACIÓN SECUNDARIA TÉCNICA,INTERIOR,Urbano,0,Oficial,SEDE,Primera,Dirección Provincial de Educación Técnico Profesional,608301003,Final 2025,1565,1053,512,55,"MAÑANA,TARDE,VESPERTINO",611468,0,2,-58.837671903734886,-34.49564124794492
6749,San Fernando,7812,"ESCUELA DE EDUCACIÓN SECUNDARIA Nº1 ""MANUEL BELGRANO""",Región 6,0095MS0001,60600600,Educación Común,Nivel Secundario,ARANZAZU - 2800,11-4890-1749/47,,secundaria1sanfernando@abc.gob.ar,Estatal,Oficial,ESCUELA DE EDUCACIÓN SECUNDARIA,CONURBANO,Urbano,0,Oficial,SEDE,Primera,Dirección Provincial de Educación Secundaria,609500554,Final 2025,663,319,344,27,"MAÑANA,NOCHE,TARDE",606006,0,1,-58.57395886324872,-34.44838029783988
6749,San Fernando,7813,"ESCUELA DE EDUCACIÓN SECUNDARIA Nº2 ""HERNANDO ARIAS DE SAAVEDRA""",Región 6,0095MS0002,60765300,Educación Común,Nivel Secundario,CARLOS CASARES - 3979,11-4714-3232,,secundaria2sanfernando@gmail.com,Estatal,Oficial,ESCUELA DE EDUCACIÓN SECUNDARIA,CONURBANO,Urbano,0,Oficial,SEDE,Primera,Dirección Provincial de Educación Secundaria,609501123,Final 2025,895,430,465,43,"MAÑANA,TARDE,VESPERTINO",607653,0,2,-58.57292293724268,-34.46688332740306
6749,San Fernando,7814,"ESCUELA DE EDUCACIÓN SECUNDARIA Nº3 ""JUAN N. MADERO""",Región 6,0095MS0003,60828900,Educación Común,Nivel Secundario,3 DE FEBRERO - 1810,11-4744-1502,,secundaria3sanfernando@abc.gob.ar,Estatal,Oficial,ESCUELA DE EDUCACIÓN SECUNDARIA,CONURBANO,Urbano,0,Oficial,SEDE,Segunda,Dirección Provincial de Educación Secundaria,609500176,Final 2025,365,200,165,20,"TARDE,VESPERTINO",608289,0,3,-58.551415154650016,-34.446163035417754
6749,San Fernando,7815,CENTRO EDUCATIVO NIVEL SECUNDARIO Nº452,Región 6,0095DM0452,61098500,Educación de Jóvenes y Adultos,Nivel Secundario,JUNIN - ESCUELA NRO.8 - 1412,11-4744-0854,,cens452sanfernando@gmail.com,Estatal,Oficial,CENTRO EDUCATIVO DE NIVEL SECUNDARIO (C.E.N.S.),CONURBANO,Urbano,0,Oficial,SEDE,Primera,"Dirección de Educación de Jóvenes, Adultos y Adultos Mayores",609500169,Final 2025,201,82,119,16,NOCHE,610985,0,452,-58.56425018839434,-34.43791766706609
6749,San Fernando,7816,CENTRO EDUCATIVO NIVEL SECUNDARIO Nº451,Región 6,0095DM0451,60376000,Educación de Jóvenes y Adultos,Nivel Secundario,BRANDSEN - 2547,11-4744-1558,,cens451sanfernando@abc.com.ar,Estatal,Oficial,CENTRO EDUCATIVO DE NIVEL SECUNDARIO (C.E.N.S.),CONURBANO,Urbano,0,Oficial,SEDE,Primera,"Dirección de Educación de Jóvenes, Adultos y Adultos Mayores",609500153,Final 2025,396,152,244,15,NOCHE,603760,0,451,-58.55096138495878,-34.44445011398097
6749,San Fernando,7817,"ESCUELA DE EDUCACIÓN SECUNDARIA Nº6 ""JOSÉ G ARTIGAS""",Región 6,0095MS0006,61050100,Educación Común,Nivel Secundario,3 DE FEBRERO - 181010,11-4744-1222,,ees6sanfernando@gmail.com,Estatal,Oficial,ESCUELA DE EDUCACIÓN SECUNDARIA,CONURBANO,Urbano,0,Oficial,SEDE,Primera,Dirección Provincial de Educación Secundaria,609500176,Final 2025,1108,524,584,49,"INTERMEDIO,MAÑANA",610501,0,6,-58.55158043031971,-34.44605597128303
6749,San Fernando,7818,"ESCUELA DE EDUCACIÓN SECUNDARIA TÉCNICA Nº 1 ""ALFEREZ JORGE MARÍA SOBRAL""",Región 6,0095MT0001,60690800,Educación Técnico Profesional,Nivel Secundario,RÍO PARANÁ MINI Y CANAL 4-3ºSECC. ISLAS - S/N,11-4728-1718,,escuelatecnicasobral@gmail.com,Estatal,Oficial,ESCUELA DE EDUCACIÓN SECUNDARIA TÉCNICA,CONURBANO,Rural Disperso,5,Oficial,SEDE,Segunda,Dirección Provincial de Educación Técnico Profesional,609501147,Final 2025,269,132,137,17,INTERMEDIO,606908,0,1,-58.58150771838848,-34.13981985079868
6749,San Fernando,7819,"ESCUELA DE EDUCACIÓN SECUNDARIA TÉCNICA Nº2 ""PBRO. DR. MANUEL DE SAN GINÉS""",Región 6,0095MT0002,61050300,Educación Técnico Profesional,Nivel Secundario,AYACUCHO E/SAN GINES Y AV LIBERTADOR - 937,11-4744-1643,75804,eetn2sangines@gmail.com,Estatal,Oficial,ESCUELA DE EDUCACIÓN SECUNDARIA TÉCNICA,CONURBANO,Urbano,0,Oficial,SEDE,Primera,Dirección Provincial de Educación Técnico Profesional,"609501181,609500241",Final 2025,1175,835,340,49,"MAÑANA,TARDE,VESPERTINO",610503,0,2,-58.55324595231985,-34.44069217251581
6749,San Fernando,7820,"ESCUELA DE EDUCACIÓN SECUNDARIA TÉCNICA Nº3 ""CAPITÁN DE FRAGATA CARLOS MARÍA MOYANO""",Región 6,0095MT0003,61050200,Educación Técnico Profesional,Nivel Secundario,MIGUEL CANE - 4565,11-4714-7597,75803,eest3sanfernando@abc.gob.ar,Estatal,Oficial,ESCUELA DE EDUCACIÓN SECUNDARIA TÉCNICA,CONURBANO,Urbano,0,Oficial,SEDE,Primera,Dirección Provincial de Educación Técnico Profesional,609500646,Final 2025,632,352,280,28,"MAÑANA,TARDE,VESPERTINO",610502,0,3,-58.58287649785103,-34.463445452145315
6756,San Isidro,7896,"ESCUELA DE EDUCACIÓN SECUNDARIA Nº2 ""LUIS VERNET""",Región 6,0096MS0002,61227100,Educación Común,Nivel Secundario,AVDA. DE MAYO - 1498,11-5197-6839,76804,secundaria2sanisidro@abc.gob.ar,Estatal,Oficial,ESCUELA DE EDUCACIÓN SECUNDARIA,CONURBANO,Urbano,0,Oficial,SEDE,Segunda,Dirección Provincial de Educación Secundaria,609600282,Final 2025,484,264,220,23,"MAÑANA,TARDE,VESPERTINO",612271,0,2,-58.54516531462637,-34.52228859993834
6756,San Isidro,7897,"ESCUELA DE EDUCACIÓN SECUNDARIA Nº3 ""GENERAL SAN MARTIN""",Región 6,0096MS0003,61220600,Educación Común,Nivel Secundario,DON BOSCO ESQ. GARIBALDI - 210,11-4742-3755,76502,secundaria3sanisidro@abc.gob.ar,Estatal,Oficial,ESCUELA DE EDUCACIÓN SECUNDARIA,CONURBANO,Urbano,0,Oficial,SEDE,Segunda,Dirección Provincial de Educación Secundaria,609600351,Final 2025,389,183,206,22,"MAÑANA,TARDE,VESPERTINO",612206,0,3,-58.52038875843318,-34.47013551783919
6756,San Isidro,7898,"ESCUELA DE EDUCACIÓN SECUNDARIA Nº4 ""FRAY LUIS BELTRAN""",Región 6,0096MS0004,61212500,Educación Común,Nivel Secundario,BULNES E/MEDRANO Y GASCON - 250,11-4765-5302,,esecundaria@gmail.com,Estatal,Oficial,ESCUELA DE EDUCACIÓN SECUNDARIA,CONURBANO,Urbano,0,Oficial,SEDE,Primera,Dirección Provincial de Educación Secundaria,609600501,Final 2025,612,294,318,33,"MAÑANA,TARDE,VESPERTINO",612125,0,4,-58.57003392625833,-34.509557263968304
6756,San Isidro,7899,"ESCUELA DE EDUCACIÓN SECUNDARIA Nº5 ""BARTOLOME MITRE""",Región 6,0096MS0005,61217600,Educación Común,Nivel Secundario,EZPELETA E/PRINGLES Y DIAG. SALTA - 1360,11-4793-0569,,secundaria5@abc.gob.ar,Estatal,Oficial,ESCUELA DE EDUCACIÓN SECUNDARIA,CONURBANO,Urbano,0,Oficial,SEDE,Tercera,Dirección Provincial de Educación Secundaria,609600517,Final 2025,115,59,56,9,MAÑANA,612176,0,5,-58.52122722875233,-34.490235399743256
6756,San Isidro,7900,"ESCUELA DE EDUCACIÓN SECUNDARIA Nº6 ""DR. CARLOS SAAVEDRA LAMAS""",Región 6,0096MS0006,61224200,Educación Común,Nivel Secundario,3 DE FEBRERO ESQUINA MORENO - 119,11-4743-2082,76519,secundaria6sanisidro@abc.gob.ar,Estatal,Oficial,ESCUELA DE EDUCACIÓN SECUNDARIA,CONURBANO,Urbano,0,Oficial,SEDE,Segunda,Dirección Provincial de Educación Secundaria,609600269,Final 2025,361,159,202,21,"MAÑANA,TARDE",612242,0,6,-58.51852871942357,-34.47026200298835
6756,San Isidro,7901,"ESCUELA DE EDUCACIÓN SECUNDARIA Nº7 ""NICOLAS COPERMICO""",Región 6,0096MS0007,61228200,Educación Común,Nivel Secundario,RASTREADOR FOURNIER Y AV LUIS M DRAGO - 1620,11-4587-4277,,secundaria7sanisidro@abc.gob.ar,Estatal,Oficial,ESCUELA DE EDUCACIÓN SECUNDARIA,CONURBANO,Urbano,0,Oficial,SEDE,Segunda,Dirección Provincial de Educación Secundaria,609600529,Final 2025,550,278,272,37,"MAÑANA,TARDE",612282,0,7,-58.53794644037472,-34.50839077561315
6756,San Isidro,7902,"ESCUELA DE EDUCACIÓN SECUNDARIA Nº8 ""DR. ANTONIO SAGARNA""",Región 6,0096MS0008,61228700,Educación Común,Nivel Secundario,ACASSUSO - 165,11-4747-9852,76513,secundaria8sanisidro@abc.gob.ar,Estatal,Oficial,ESCUELA DE EDUCACIÓN SECUNDARIA,CONURBANO,Urbano,0,Oficial,SEDE,Primera,Dirección Provincial de Educación Secundaria,609600538,Final 2025,709,353,356,48,"MAÑANA,TARDE",612287,0,8,-58.51046695018825,-34.47092325110649
6756,San Isidro,7903,"ESCUELA DE EDUCACIÓN SECUNDARIA Nº9 ""ROBERTO GIUSTI""",Región 6,0096MS0009,61230400,Educación Común,Nivel Secundario,JUNCAL ESQ LA PAZ - 1951,11-4717-0448,,secundaria9rg@secundaria9rg.edu.ar,Estatal,Oficial,ESCUELA DE EDUCACIÓN SECUNDARIA,CONURBANO,Urbano,0,Oficial,SEDE,Primera,Dirección Provincial de Educación Secundaria,609600540,Final 2025,715,360,355,28,"MAÑANA,TARDE",612304,0,9,-58.52417819036995,-34.49626657174424
6756,San Isidro,7904,"ESCUELA DE EDUCACIÓN SECUNDARIA Nº10 ""BATALLA DE LA VUELTA OBLIGADO""",Región 6,0096MS0010,61229100,Educación Común,Nivel Secundario,AV. SANTA FE - 1045,11-4792-0803,,secundaria10sanisidro@abc.gob.ar,Estatal,Oficial,ESCUELA DE EDUCACIÓN SECUNDARIA,CONURBANO,Urbano,0,Oficial,SEDE,Segunda,Dirección Provincial de Educación Secundaria,609600555,Final 2025,258,130,128,13,"MAÑANA,TARDE",612291,0,10,-58.50566993581754,-34.48268157569347
6756,San Isidro,7905,"ESCUELA DE EDUCACIÓN SECUNDARIA Nº11 ""DE VILLA ADELINA""",Región 6,0096MS0011,61219600,Educación Común,Nivel Secundario,EL RESERO - 165,11-4763-3233,,secundaria11sanisidro@abc.gob.ar,Estatal,Oficial,ESCUELA DE EDUCACIÓN SECUNDARIA,CONURBANO,Urbano,0,Oficial,SEDE,Segunda,Dirección Provincial de Educación Secundaria,609600564,Final 2025,295,161,134,21,"MAÑANA,TARDE",612196,0,11,-58.532568133911006,-34.513943453427
6756,San Isidro,7906,"ESCUELA DE EDUCACIÓN SECUNDARIA Nº12 ""ROBERTO ARLT""",Región 6,0096MS0012,61220900,Educación Común,Nivel Secundario,FORMOSA E/ TOMKINSON Y AVELLANEDA - 1152,11-5838-4443,,secundaria12sanisidro@abc.gob.ar,Estatal,Oficial,ESCUELA DE EDUCACIÓN SECUNDARIA,CONURBANO,Urbano,1,Oficial,SEDE,Segunda,Dirección Provincial de Educación Secundaria,609602181,Final 2025,289,159,130,15,"MAÑANA,TARDE",612209,0,12,-58.531334779375335,-34.471296593862085
6756,San Isidro,7907,"ESCUELA DE EDUCACIÓN SECUNDARIA Nº13 ""DR. MANUEL OBARRIO""",Región 6,0096MS0013,61228000,Educación Común,Nivel Secundario,MARTÍN Y OMAR - 235,11-4747-9730,,secundaria13sanisidro@gmail.com,Estatal,Oficial,ESCUELA DE EDUCACIÓN SECUNDARIA,CONURBANO,Urbano,0,Oficial,SEDE,Primera,Dirección Provincial de Educación Secundaria,609600572,Final 2025,593,274,319,38,"MAÑANA,TARDE",612280,0,13,-58.51121972051234,-34.47128755567546
6756,San Isidro,7908,"ESCUELA DE EDUCACIÓN SECUNDARIA Nº14 ""BENITO LYNCH",Región 6,0096MS0014,61212600,Educación Común,Nivel Secundario,IPIRANGA - 521,11-4737-7531,,ees14si.benitolynch@gmail.com,Estatal,Oficial,ESCUELA DE EDUCACIÓN SECUNDARIA,CONURBANO,Urbano,0,Oficial,SEDE,Primera,Dirección Provincial de Educación Secundaria,609600586,Final 2025,498,258,240,27,"MAÑANA,TARDE",612126,0,14,-58.56964793280477,-34.50270520318199
6756,San Isidro,7909,"CENTRO EDUCATIVO NIVEL SECUNDARIO Nº451 ""DR. RENÉ FAVALORO""",Región 6,0096DM0451,61219400,Educación de Jóvenes y Adultos,Nivel Secundario,LOS CEIBOS - 55,11-4735-4148,,cens451sanisidro@abc.gob.ar,Estatal,Oficial,CENTRO EDUCATIVO DE NIVEL SECUNDARIO (C.E.N.S.),CONURBANO,Urbano,0,Oficial,SEDE,Segunda,"Dirección de Educación de Jóvenes, Adultos y Adultos Mayores",609600037,Final 2025,196,91,105,11,"MAÑANA,VESPERTINO",612194,0,451,-58.56686658062706,-34.512235713706644
6756,San Isidro,7910,"CENTRO EDUCATIVO NIVEL SECUNDARIO Nº453 ""VICTORIA OCAMPO""",Región 6,0096DM0453,61232300,Educación de Jóvenes y Adultos,Nivel Secundario,LOS CEIBOS - 55,11-4735-4137,76563,odm0960453@abc.gov.ar,Estatal,Oficial,CENTRO EDUCATIVO DE NIVEL SECUNDARIO (C.E.N.S.),CONURBANO,Urbano,0,Oficial,SEDE,Segunda,"Dirección de Educación de Jóvenes, Adultos y Adultos Mayores",609600037,Final 2025,130,48,82,9,"TARDE,VESPERTINO",612323,0,453,-58.56694266141889,-34.51230097904521
6756,San Isidro,7911,ESCUELA SECUNDARIA ESPECIALIZADA EN ARTE Nº1,Región 6,0096AS0001,61216100,Educación Artística,Nivel Secundario,AV. FLEMING E\CORDOBA Y SAENZ VALIENTE - 1621,11-4717-0573,76610,esea1poli@gmail.com,Estatal,Oficial,ESCUELA DE EDUCACIÓN SECUNDARIA ESPECIALIZADA EN ARTE,CONURBANO,Urbano,0,Oficial,SEDE,Segunda,Dirección de Educación Artística,609600028,Final 2025,503,155,348,24,"""DOBLE ESCOLARIDAD""",612161,0,1,-58.52166676873205,-34.496200791498495
6756,San Isidro,7912,ESCUELA DE EDUCACIÓN SECUNDARIA TÉCNICA Nº1,Región 6,0096MT0001,61213800,Educación Técnico Profesional,Nivel Secundario,NEUQUEN E/TOMKINSON Y LINIERS - 1229,11-4707-0748,,tecnica1desanisidro@gmail.com,Estatal,Oficial,ESCUELA DE EDUCACIÓN SECUNDARIA TÉCNICA,CONURBANO,Urbano,0,Oficial,SEDE,Segunda,Dirección Provincial de Educación Técnico Profesional,609600627,Final 2025,259,161,98,19,"""DOBLE ESCOLARIDAD"",VESPERTINO",612138,0,1,-58.53244960506156,-34.4707488365217
6756,San Isidro,7913,ESCUELA DE EDUCACIÓN SECUNDARIA TÉCNICA Nº2,Región 6,0096MT0002,61224000,Educación Técnico Profesional,Nivel Secundario,PATAGONIA E/ BERMEJO Y MONTEVIDEO - 514,11-4737-1639,76504,eest2sanisidro@abc.gob.ar,Estatal,Oficial,ESCUELA DE EDUCACIÓN SECUNDARIA TÉCNICA,CONURBANO,Urbano,0,Oficial,SEDE,Segunda,Dirección Provincial de Educación Técnico Profesional,609600125,Final 2025,262,175,87,14,"""DOBLE ESCOLARIDAD""",612240,0,2,-58.57897762021992,-34.479731687866526
6756,San Isidro,7914,"ESCUELA DE EDUCACIÓN SECUNDARIA TÉCNICA Nº3 ""15 DE SEPTIEMBRE""",Región 6,0096MT0003,61220700,Educación Técnico Profesional,Nivel Secundario,25 DE MAYO - 714,11-4743-5858,76508,eest3sanisidro@abc.gob.ar,Estatal,Oficial,ESCUELA DE EDUCACIÓN SECUNDARIA TÉCNICA,CONURBANO,Urbano,0,Oficial,SEDE,Primera,Dirección Provincial de Educación Técnico Profesional,609600636,Final 2025,557,472,85,25,"MAÑANA,TARDE,VESPERTINO",612207,0,3,-58.51281624017603,-34.46690501095678
6756,San Isidro,7915,"ESCUELA DE EDUCACIÓN SECUNDARIA TÉCNICA Nº4 ""REPÚBLICA DE BOLIVIA""",Región 6,0096MT0004,61222300,Educación Técnico Profesional,Nivel Secundario,YERBAL ESQ AV ROLON - 50,11-4765-1172,76540,eest4si@gmail.com,Estatal,Oficial,ESCUELA DE EDUCACIÓN SECUNDARIA TÉCNICA,CONURBANO,Urbano,0,Oficial,SEDE,Segunda,Dirección Provincial de Educación Técnico Profesional,609600643,Final 2025,496,376,120,22,"MAÑANA,TARDE,VESPERTINO",612223,0,4,-58.56048882429865,-34.502935347787464
6568,Morón,8240,"CONSERVATORIO DE MUSICA DE MORON ""ALBERTO GINASTERA""",Región 8,0100AM0001,60553700,Educación Artística,Ciclo Medio,SAN MARTÍN - 370,11-4629-3173,78946,conservatorioginastera@gmail.com,Estatal,Oficial,CONSERVATORIO DE MÚSICA,CONURBANO,Urbano,0,Oficial,SEDE,Primera,Dirección de Educación Artística,610000028,Final 2025,547,256,291,31,"MAÑANA,TARDE,VESPERTINO",605537,0,1,-58.622544979965895,-34.652503403109044
6408,Hurlingham,8342,"ESCUELA DE EDUCACIÓN SECUNDARIA Nº1 ""ESTEBAN ECHEVERRIA""",Región 7,0135MS0001,61116700,Educación Común,Nivel Secundario,NECOCHEA (ESQ. F.C.G.S.N. SAN MARTÍN) - 1110,11-4665-1527,,secundaria1hurlingham@abc.gob.ar,Estatal,Oficial,ESCUELA DE EDUCACIÓN SECUNDARIA,CONURBANO,Urbano,0,Oficial,SEDE,Segunda,Dirección Provincial de Educación Secundaria,613500176,Final 2025,517,242,275,26,MAÑANA,611167,0,1,-58.62687223484898,-34.59364661261235
6568,Morón,8343,"ESCUELA DE EDUCACIÓN SECUNDARIA Nº2 ""CONGRESO DE TUCUMAN""",Región 8,0100MS0002,60615500,Educación Común,Nivel Secundario,DIRECTORIO E/CASEROS Y M. DE ANDREA - 1351,11-4659-0048,,brendaorozco11@yahoo.com.ar,Estatal,Oficial,ESCUELA DE EDUCACIÓN SECUNDARIA,CONURBANO,Urbano,0,Oficial,SEDE,Primera,Dirección Provincial de Educación Secundaria,610000806,Final 2025,627,321,306,37,"MAÑANA,TARDE",606155,0,2,-58.59382476831925,-34.63972357953988
6568,Morón,8344,"ESCUELA DE EDUCACIÓN SECUNDARIA Nº3 ""LEANDRO N ALEN""",Región 8,0100MS0003,60271100,Educación Común,Nivel Secundario,RIO NEGRO E/PALACIOS Y CHUBUT - 1340,11-4751-7837,79895,marce_carra67@hotmail.com,Estatal,Oficial,ESCUELA DE EDUCACIÓN SECUNDARIA,CONURBANO,Urbano,0,Oficial,SEDE,Segunda,Dirección Provincial de Educación Secundaria,610000322,Final 2025,246,111,135,17,"MAÑANA,TARDE",602711,0,3,-58.58262889030853,-34.61624224275238
6408,Hurlingham,8345,"ESCUELA DE EDUCACIÓN SECUNDARIA Nº4 ""MANUEL DORREGO""",Región 7,0135MS0004,60626700,Educación Común,Nivel Secundario,NECOCHEA - 1110,11-4665-1527,,0135ms0004@gmail.com,Estatal,Oficial,ESCUELA DE EDUCACIÓN SECUNDARIA,CONURBANO,Urbano,0,Oficial,SEDE,Segunda,Dirección Provincial de Educación Secundaria,613500176,Final 2025,301,167,134,25,"TARDE,VESPERTINO",606267,0,4,-58.62680611276422,-34.59358354914178
6410,Ituzaingó,8346,ESCUELA DE EDUCACIÓN SECUNDARIA Nº5,Región 8,0136MS0005,60619800,Educación Común,Nivel Secundario,OLAZABAL - 870,11-4661-3024,79033,mm136005@abc.gov.ar,Estatal,Oficial,ESCUELA DE EDUCACIÓN SECUNDARIA,CONURBANO,Urbano,0,Oficial,SEDE,Primera,Dirección Provincial de Educación Secundaria,613600102,Final 2025,924,411,513,33,"MAÑANA,TARDE",606198,0,5,-58.668053456830776,-34.657165342370114
6410,Ituzaingó,8347,"ESCUELA DE EDUCACIÓN SECUNDARIA Nº6 ""HIPOLITO YRIGOYEN""",Región 8,0136MS0006,60567000,Educación Común,Nivel Secundario,PEREDO - 1003,11-4481-3284,79135,escuelasecundaria6ituzaingo@gmail.com,Estatal,Oficial,ESCUELA DE EDUCACIÓN SECUNDARIA,CONURBANO,Urbano,0,Oficial,SEDE,Primera,Dirección Provincial de Educación Secundaria,613600118,Final 2025,474,253,221,24,"MAÑANA,TARDE",605670,0,6,-58.686358592411096,-34.636350222107424
6408,Hurlingham,8348,"ESCUELA DE EDUCACIÓN SECUNDARIA Nº2 ""GENERAL JUAN LAVALLE""",Región 7,0135MS0002,60554600,Educación Común,Nivel Secundario,VALENCIA - 827,11-4459-7310,,0135ms0002@gmail.com,Estatal,Oficial,ESCUELA DE EDUCACIÓN SECUNDARIA,CONURBANO,Urbano,0,Oficial,SEDE,Primera,Dirección Provincial de Educación Secundaria,613500153,Final 2025,766,395,371,39,"MAÑANA,TARDE,VESPERTINO",605546,0,2,-58.64343018987743,-34.61053725698801
6568,Morón,8349,"ESCUELA DE EDUCACIÓN SECUNDARIA Nº8 ""DOMINGO FAUSTINO SARMIENTO""",Región 8,0100MS0008,60611600,Educación Común,Nivel Secundario,BUEN VIAJE E/FRENCH Y PIEDRAS - 149,11-4483-2856,,secundaria8moron@abc.gob.ar,Estatal,Oficial,ESCUELA DE EDUCACIÓN SECUNDARIA,CONURBANO,Urbano,0,Oficial,SEDE,Primera,Dirección Provincial de Educación Secundaria,610000276,Final 2025,934,457,477,49,"MAÑANA,TARDE,VESPERTINO",606116,0,8,-58.61198558390823,-34.6517625670182
6568,Morón,8350,"ESCUELA DE EDUCACIÓN SECUNDARIA Nº9 ""FRAGATA SARMIENTO""",Región 8,0100MS0009,60554300,Educación Común,Nivel Secundario,ALFREDO BUFANO - 3425,11-4458-6317,,mcasilla@abc.gob.ar,Estatal,Oficial,ESCUELA DE EDUCACIÓN SECUNDARIA,CONURBANO,Urbano,0,Oficial,SEDE,Segunda,Dirección Provincial de Educación Secundaria,610000810,Final 2025,478,281,197,25,"MAÑANA,TARDE,VESPERTINO",605543,0,9,-58.654532094874,-34.662053824228195
6408,Hurlingham,8351,"ESCUELA DE EDUCACIÓN SECUNDARIA Nº3 ""GENERAL DON JOSÉ DE SAN MARTÍN""",Región 7,0135MS0003,60626200,Educación Común,Nivel Secundario,GÜEMES - 1563,11-4665-0637,79020,secundaria3hurlingham@abc.gob.ar,Estatal,Oficial,ESCUELA DE EDUCACIÓN SECUNDARIA,CONURBANO,Urbano,0,Oficial,SEDE,Segunda,Dirección Provincial de Educación Secundaria,613500169,Final 2025,319,168,151,18,"TARDE,VESPERTINO",606262,0,3,-58.63510506962577,-34.586155229270005
6568,Morón,8352,"ESCUELA DE EDUCACIÓN SECUNDARIA Nº11 ""AMERICA LIBRE""",Región 8,0100MS0011,61115700,Educación Común,Nivel Secundario,SANTIAGO DE CHILE - 1450,11-4697-0167,,msanchezmorales@abc.gob.ar,Estatal,Oficial,ESCUELA DE EDUCACIÓN SECUNDARIA,CONURBANO,Urbano,0,Oficial,SEDE,Primera,Dirección Provincial de Educación Secundaria,610000295,Final 2025,657,345,312,30,"MAÑANA,TARDE",611157,0,11,-58.62127343147021,-34.67833622015611
6568,Morón,8353,ESCUELA DE EDUCACIÓN SECUNDARIA Nº12,Región 8,0100MS0012,60616900,Educación Común,Nivel Secundario,MUNILLA Y SAN NICOLAS - S/N,11-4661-2059,,martavromano@hotmail.com.ar,Estatal,Oficial,ESCUELA DE EDUCACIÓN SECUNDARIA,CONURBANO,Urbano,0,Oficial,SEDE,Segunda,Dirección Provincial de Educación Secundaria,610000305,Final 2025,293,152,141,21,"MAÑANA,TARDE",606169,0,12,-58.64691682460815,-34.64029964489226
6410,Ituzaingó,8354,"ESCUELA DE EDUCACIÓN SECUNDARIA Nº1 ""FEDERICO LELOIR""",Región 8,0136MS0001,61114200,Educación Común,Nivel Secundario,BERMEJO Y LOS RANQUELES - S/N,11-4481-6349,79092,eqconduccionms1@gmail.com,Estatal,Oficial,ESCUELA DE EDUCACIÓN SECUNDARIA,CONURBANO,Urbano,1,Oficial,SEDE,Segunda,Dirección Provincial de Educación Secundaria,613600092,Final 2025,575,286,289,27,"MAÑANA,TARDE",611142,0,1,-58.716848113648815,-34.61546276879135
6568,Morón,8355,ESCUELA DE EDUCACIÓN SECUNDARIA Nº14,Región 8,0100MS0014,60558200,Educación Común,Nivel Secundario,Betbeder - 3653,11-4692-2921,70160,escuelamedia14moron@gmail.com,Estatal,Oficial,ESCUELA DE EDUCACIÓN SECUNDARIA,CONURBANO,Urbano,0,Oficial,SEDE,Primera,Dirección Provincial de Educación Secundaria,610000314,Final 2025,764,349,415,40,"MAÑANA,TARDE,VESPERTINO",605582,0,14,-58.65271141818574,-34.68716448867807
6410,Ituzaingó,8356,"ESCUELA DE EDUCACIÓN SECUNDARIA Nº2 ""16 DE SETIEMBRE""",Región 8,0136MS0002,60620300,Educación Común,Nivel Secundario,VIDELA ESQ. MONROE - 1700,11-4623-2443,,mm136002@abc.gov.ar,Estatal,Oficial,ESCUELA DE EDUCACIÓN SECUNDARIA,CONURBANO,Urbano,0,Oficial,SEDE,Segunda,Dirección Provincial de Educación Secundaria,613600351,Final 2025,343,175,168,17,"MAÑANA,TARDE,VESPERTINO",606203,0,2,-58.6878124567876,-34.650312369344675
6410,Ituzaingó,8357,"ESCUELA DE EDUCACIÓN SECUNDARIA Nº3 ""MARTA SIERRA""",Región 8,0136MS0003,60567600,Educación Común,Nivel Secundario,REPETTO Y LOS CARDALES - 1018,11-44-5003,58410,secundaria3ituzaingo@abc.gob.ar,Estatal,Oficial,ESCUELA DE EDUCACIÓN SECUNDARIA,CONURBANO,Urbano,1,Oficial,SEDE,Segunda,Dirección Provincial de Educación Secundaria,613600367,Final 2025,498,267,231,18,"MAÑANA,TARDE",605676,0,3,-58.66100748959964,-34.62467897734633
6410,Ituzaingó,8358,"ESCUELA DE EDUCACIÓN SECUNDARIA Nº4 ""HEROES DE MALVINAS""",Región 8,0136MS0004,60564700,Educación Común,Nivel Secundario,MUÑIZ - 601,-,,secundaria4ituzaingo@abc.gob.ar,Estatal,Oficial,ESCUELA DE EDUCACIÓN SECUNDARIA,CONURBANO,Urbano,0,Oficial,SEDE,Primera,Dirección Provincial de Educación Secundaria,613600379,Final 2025,663,328,335,39,"MAÑANA,TARDE",605647,0,4,-58.66463156189624,-34.63794122980345
6568,Morón,8359,CENTRO EDUCATIVO DE NIVEL SECUNDARIO N°462,Región 8,0100DM0462,61072800,Educación de Jóvenes y Adultos,Nivel Secundario,RIO NEGRO - 1340,11-4751-7837,,elbazuly@gmail.com,Estatal,Oficial,CENTRO EDUCATIVO DE NIVEL SECUNDARIO (C.E.N.S.),CONURBANO,Urbano,0,Oficial,SEDE,Segunda,"Dirección de Educación de Jóvenes, Adultos y Adultos Mayores",610000322,Final 2025,108,36,72,6,NOCHE,610728,0,462,-58.58261950986677,-34.61627185306243
6408,Hurlingham,8360,"EXTENSION I DE ESCUELA DE EDUCACIÓN SECUNDARIA Nº5 ""ALMAFUERTE""",Región 7,0135MS2050,61848501,Educación Común,Nivel Secundario,SARGENTO GOMEZ - 1563,11-4662-3793,79020,0135ms0005@gmail.com,Estatal,Oficial,ESCUELA DE EDUCACIÓN SECUNDARIA,CONURBANO,Urbano,0,Oficial,EXTENSION,Segunda,Dirección Provincial de Educación Secundaria,613500447,Final 2025,139,62,77,6,MAÑANA,618485,1,2050,-58.63492794620308,-34.58623774855923
6408,Hurlingham,8361,"ESCUELA DE EDUCACIÓN SECUNDARIA Nº6 ""LEOPOLDO MARECHAL""",Región 7,0135MS0006,61118200,Educación Común,Nivel Secundario,TORELLO ESQ RISSO - 3052,11-2384-2401,,secundaria6hurlingham@abc.gob.ar,Estatal,Oficial,ESCUELA DE EDUCACIÓN SECUNDARIA,CONURBANO,Urbano,0,Oficial,SEDE,Primera,Dirección Provincial de Educación Secundaria,613500182,Final 2025,622,331,291,27,"MAÑANA,TARDE,VESPERTINO",611182,0,6,-58.655438302534776,-34.5963164740256
6568,Morón,8362,"ESCUELA DE EDUCACIÓN SECUNDARIA Nº21 ""JOSÉ HERNANDEZ""",Región 8,0100MS0021,60861200,Educación Común,Nivel Secundario,ARISTOBULO DEL VALLE - 995,11-4629-5053,,secundaria21moron@abc.gob.ar,Estatal,Oficial,ESCUELA DE EDUCACIÓN SECUNDARIA,CONURBANO,Urbano,0,Oficial,SEDE,Segunda,Dirección Provincial de Educación Secundaria,610000823,Final 2025,412,204,208,25,"MAÑANA,TARDE",608612,0,21,-58.64009847556333,-34.659817611792874
6568,Morón,8363,ESCUELA DE EDUCACIÓN SECUNDARIA Nº22,Región 8,0100MS0022,60615900,Educación Común,Nivel Secundario,MAZA - 220,11-4696-8681,,ees22moron@gmail.com,Estatal,Oficial,ESCUELA DE EDUCACIÓN SECUNDARIA,CONURBANO,Urbano,0,Oficial,SEDE,Segunda,Dirección Provincial de Educación Secundaria,610000044,Final 2025,475,207,268,27,"MAÑANA,TARDE",606159,0,22,-58.59958618821759,-34.65837960293474
6568,Morón,8364,ESCUELA DE EDUCACIÓN SECUNDARIA Nº23,Región 8,0100MS0023,60046700,Educación Común,Nivel Secundario,ANDRES FERREYRA - 1196,11-4659-9371,78978,secundaria23moron@abc.gob.ar,Estatal,Oficial,ESCUELA DE EDUCACIÓN SECUNDARIA,CONURBANO,Urbano,0,Oficial,SEDE,Primera,Dirección Provincial de Educación Secundaria,610000834,Final 2025,536,232,304,30,"MAÑANA,TARDE",600467,0,23,-58.60812652358167,-34.63635026588878
6568,Morón,8365,"ESCUELA DE EDUCACIÓN SECUNDARIA Nº24 ""JOSÉ MANUEL ESTRADA""",Región 8,0100MS0024,60561000,Educación Común,Nivel Secundario,BERUTTI - 1142,11-4629-9809,,escuela24moron@gmail.com,Estatal,Oficial,ESCUELA DE EDUCACIÓN SECUNDARIA,CONURBANO,Urbano,0,Oficial,SEDE,Segunda,Dirección Provincial de Educación Secundaria,610000847,Final 2025,170,87,83,14,"MAÑANA,TARDE",605610,0,24,-58.622378155428194,-34.639348027388955
6568,Morón,8366,CENTRO EDUCATIVO NIVEL SECUNDARIO Nº452,Región 8,0100DM0452,60052700,Educación de Jóvenes y Adultos,Nivel Secundario,MADARIAGA - 824,11-4751-1871,79880,ahraggio@hotmail.com,Estatal,Oficial,CENTRO EDUCATIVO DE NIVEL SECUNDARIO (C.E.N.S.),CONURBANO,Urbano,0,Oficial,SEDE,Segunda,"Dirección de Educación de Jóvenes, Adultos y Adultos Mayores",610000253,Final 2025,136,59,77,6,NOCHE,600527,0,452,-58.59872168943253,-34.606643803553254
6408,Hurlingham,8367,"CENTRO EDUCATIVO NIVEL SECUNDARIO Nº451 ""MANUEL BELGRANO""",Región 7,0135DM0451,60567200,Educación de Jóvenes y Adultos,Nivel Secundario,ONTIVEROS - 4151,11-4459-7363,,cens451hurlingham@abc.gob.ar,Estatal,Oficial,CENTRO EDUCATIVO DE NIVEL SECUNDARIO (C.E.N.S.),CONURBANO,Urbano,0,Oficial,SEDE,Segunda,"Dirección de Educación de Jóvenes, Adultos y Adultos Mayores",613500148,Final 2025,158,89,69,9,"NOCHE,TARDE",605672,0,451,-58.64016105753315,-34.62399135193238
6568,Morón,8368,CENTRO EDUCATIVO NIVEL SECUNDARIO Nº451,Región 8,0100DM0451,60588500,Educación de Jóvenes y Adultos,Nivel Secundario,R.O. URUGUAY - 451,11-4627-8733,79200,cens451moron@abc.gob.ar,Estatal,Oficial,CENTRO EDUCATIVO DE NIVEL SECUNDARIO (C.E.N.S.),CONURBANO,Urbano,0,Oficial,SEDE,Segunda,"Dirección de Educación de Jóvenes, Adultos y Adultos Mayores",610000248,Final 2025,148,83,65,9,NOCHE,605885,0,451,-58.61764339720577,-34.65339124283894
6568,Morón,8369,CENTRO EDUCATIVO NIVEL SECUNDARIO Nº454,Región 8,0100DM0454,60266100,Educación de Jóvenes y Adultos,Nivel Secundario,BERLIN - 3831,11-4692-4911,,cens454moron@abc.gob.ar,Estatal,Oficial,CENTRO EDUCATIVO DE NIVEL SECUNDARIO (C.E.N.S.),CONURBANO,Urbano,0,Oficial,SEDE,Primera,"Dirección de Educación de Jóvenes, Adultos y Adultos Mayores",610000269,Final 2025,188,85,103,15,"MAÑANA,NOCHE,TARDE",602661,0,454,-58.66343837836402,-34.676625470794576
6568,Morón,8370,CENTRO EDUCATIVO NIVEL SECUNDARIO Nº453,Región 8,0100DM0453,61073100,Educación de Jóvenes y Adultos,Nivel Secundario,AV. PRESIDENTE ILLIA - 799,11-4469-9263,,cens453moron@abc.gob.ar,Estatal,Oficial,CENTRO EDUCATIVO DE NIVEL SECUNDARIO (C.E.N.S.),CONURBANO,Urbano,1,Oficial,SEDE,Segunda,"Dirección de Educación de Jóvenes, Adultos y Adultos Mayores",610002388,Final 2025,139,75,64,8,"MAÑANA,TARDE,VESPERTINO",610731,0,453,-58.572749064110525,-34.6291489393055
6568,Morón,8371,"ESCUELA DE EDUCACIÓN SECUNDARIA Nº31 ""MANUEL DORREGO""",Región 8,0100MS0031,60561200,Educación Común,Nivel Secundario,CASULLO - 125,11-4629-7641,,secundariamanueldorrego@gmail.com,Estatal,Oficial,ESCUELA DE EDUCACIÓN SECUNDARIA,CONURBANO,Urbano,0,Oficial,SEDE,Primera,Dirección Provincial de Educación Secundaria,610000346,Final 2025,1214,507,707,51,"MAÑANA,TARDE,VESPERTINO",605612,0,31,-58.624370649905096,-34.64936664409336
6568,Morón,8373,"ESCUELA DE EDUCACIÓN SECUNDARIA TÉCNICA Nº1 ""DR. DALMACIO VELEZ SARSFIELD""",Región 8,0100MT0001,61115600,Educación Técnico Profesional,Nivel Secundario,SGO. DEL ESTERO E/RUY DIAZ Y SA.TERESA - 1650,11-4697-9240,79059,tecnica1moron@abc.gob.ar,Estatal,Oficial,ESCUELA DE EDUCACIÓN SECUNDARIA TÉCNICA,CONURBANO,Urbano,1,Oficial,SEDE,Primera,Dirección Provincial de Educación Técnico Profesional,610000333,Final 2025,608,446,162,25,"MAÑANA,TARDE,VESPERTINO",611156,0,1,-58.63276145962553,-34.69013561059581
6408,Hurlingham,8374,"ESCUELA DE EDUCACIÓN SECUNDARIA TÉCNICA Nº2 ""REPÚBLICA DE PERÚ""",Región 7,0135MT0002,60927800,Educación Técnico Profesional,Nivel Secundario,OCAMPO - 1075,11-2199-4611,,eest2hurlingham@abc.gob.ar,Estatal,Oficial,ESCUELA DE EDUCACIÓN SECUNDARIA TÉCNICA,CONURBANO,Urbano,0,Oficial,SEDE,Primera,Dirección Provincial de Educación Técnico Profesional,613500583,Final 2025,1089,686,403,48,"MAÑANA,TARDE,VESPERTINO",609278,0,2,-58.62485234176122,-34.59439052999846
6410,Ituzaingó,8375,"ESCUELA DE EDUCACIÓN SECUNDARIA TÉCNICA Nº1 ""REPÚBLICA DEL PARAGUAY""",Región 8,0136MT0001,60617700,Educación Técnico Profesional,Nivel Secundario,MANSILLA - 877,11-4624-6500,79095,tecnica1ituzaingo@abc.gob.ar,Estatal,Oficial,ESCUELA DE EDUCACIÓN SECUNDARIA TÉCNICA,CONURBANO,Urbano,0,Oficial,SEDE,Primera,Dirección Provincial de Educación Técnico Profesional,613600141,Final 2025,1026,663,363,35,"MAÑANA,TARDE,VESPERTINO",606177,0,1,-58.66778687945543,-34.6578648363427
6568,Morón,8376,"ESCUELA DE EDUCACIÓN SECUNDARIA TÉCNICA Nº 4 ""PRIMERA BRIGADA AÉREA PROFESOR HÉCTOR ÁNGEL LAGUARDE""",Región 8,0100MT0004,60623600,Educación Técnico Profesional,Nivel Secundario,MATIENZO Y BERGAMINI - S/N,11-4751-0662,89139,escuelatecnica4@hotmail.com,Estatal,Oficial,ESCUELA DE EDUCACIÓN SECUNDARIA TÉCNICA,CONURBANO,Urbano,0,Oficial,SEDE,Primera,Dirección Provincial de Educación Técnico Profesional,610001040,Final 2025,808,656,152,28,"MAÑANA,TARDE",606236,0,4,-58.59973954881871,-34.6082502314513
6408,Hurlingham,8377,"ESCUELA DE EDUCACIÓN SECUNDARIA TÉCNICA Nº1 ""ORGANIZACIÓN DE LOS ESTADOS AMERICANOS""",Región 7,0135MT0001,60521800,Educación Técnico Profesional,Nivel Secundario,BRADLEY (ESQ. PIZZAGELLI) - 395,11-4450-0025,93021,mt135001@abc.gov.ar,Estatal,Oficial,ESCUELA DE EDUCACIÓN SECUNDARIA TÉCNICA,CONURBANO,Urbano,0,Oficial,SEDE,Segunda,Dirección Provincial de Educación Técnico Profesional,613500577,Final 2025,430,299,131,27,"MAÑANA,TARDE,VESPERTINO",605218,0,1,-58.62742368178497,-34.62540801163755
6568,Morón,8378,"ESCUELA DE EDUCACIÓN SECUNDARIA TÉCNICA Nº6 ""CHACABUCO""",Región 8,0100MT0006,60612000,Educación Técnico Profesional,Nivel Secundario,AVENIDA RIVADAVIA - 17337,11-4629-7744,78950,tecnica6moron@abc.gob.ar,Estatal,Oficial,ESCUELA DE EDUCACIÓN SECUNDARIA TÉCNICA,CONURBANO,Urbano,0,Oficial,SEDE,Primera,Dirección Provincial de Educación Técnico Profesional,610001055,Final 2025,1301,1068,233,51,"MAÑANA,TARDE,VESPERTINO",606120,0,6,-58.608681342058816,-34.64786407709092
6410,Ituzaingó,8379,"ESCUELA DE EDUCACIÓN SECUNDARIA TÉCNICA Nº2 ""ALBERT EINSTEIN""",Región 8,0136MT0002,60558100,Educación Técnico Profesional,Nivel Secundario,BLAS PARERA Y FRAY LUIS BELTRAN - 1425,11-4692-4086,78927,tecnica2ituzaingo@abc.gob.ar,Estatal,Oficial,ESCUELA DE EDUCACIÓN SECUNDARIA TÉCNICA,CONURBANO,Urbano,0,Oficial,SEDE,Segunda,Dirección Provincial de Educación Técnico Profesional,613600139,Final 2025,619,505,114,22,"MAÑANA,NOCHE,TARDE,VESPERTINO",605581,0,2,-58.66494907650386,-34.67474717882252
6568,Morón,8380,ESCUELA DE EDUCACIÓN SECUNDARIA TÉCNICA Nº8,Región 8,0100MT0008,60644200,Educación Técnico Profesional,Nivel Secundario,ANDRES FERREYRA - 1220,11-4659-2009,79068,eet8moron@hotmail.com,Estatal,Oficial,ESCUELA DE EDUCACIÓN SECUNDARIA TÉCNICA,CONURBANO,Urbano,0,Oficial,SEDE,Primera,Dirección Provincial de Educación Técnico Profesional,610001064,Final 2025,824,673,151,31,"MAÑANA,TARDE,VESPERTINO",606442,0,8,-58.60835850653884,-34.636139850872866
6784,Suipacha,8498,"ESCUELA DE EDUCACIÓN SECUNDARIA Nº1 ""HEROES DE MALVINAS""",Región 10,0101MS0001,61028800,Educación Común,Nivel Secundario,JUJUY - 397,2324-58-7717,,secundaria1suipacha@abc.gob.ar,Estatal,Oficial,ESCUELA DE EDUCACIÓN SECUNDARIA,INTERIOR,Urbano,0,Oficial,SEDE,Segunda,Dirección Provincial de Educación Secundaria,610100057,Final 2025,313,143,170,15,"MAÑANA,TARDE",610288,0,1,-59.68158235255383,-34.77169504851184
6756,San Isidro,9015,"CONSERVATORIO DE MUSICA ""JUAN JOSÉ CASTRO""",Región 6,0096AM0001,61457600,Educación Artística,Ciclo Medio,AV. SANTA FE - 1740,11-4792-8899,,conservatoriocastro@gmail.com,Estatal,Oficial,CONSERVATORIO DE MÚSICA,CONURBANO,Urbano,0,Oficial,SEDE,Primera,Dirección de Educación Artística,609600016,Final 2025,621,328,293,20,"INTERMEDIO,MAÑANA,TARDE,VESPERTINO",614576,0,1,-58.50137766878391,-34.487512719027194
6861,Vicente López,9052,"ESCUELA DE EDUCACIÓN SECUNDARIA Nº1 ""DR. JUAN B JUSTO""",Región 6,0109MS0001,61034900,Educación Común,Nivel Secundario,CORRIENTES E/ CORDOBA Y MAIPU - 1441,11-4790-6661,84037,es1vicentelopez@gmail.com,Estatal,Oficial,ESCUELA DE EDUCACIÓN SECUNDARIA,CONURBANO,Urbano,0,Oficial,SEDE,Segunda,Dirección Provincial de Educación Secundaria,610900143,Final 2025,176,97,79,12,"MAÑANA,TARDE",610349,0,1,-58.488535833660364,-34.51264320012283
6861,Vicente López,9053,"ESCUELA DE EDUCACIÓN SECUNDARIA Nº2 ""PATRICIAS ARGENTINAS""",Región 6,0109MS0002,60876800,Educación Común,Nivel Secundario,INTENDENTE DEPRATTI ESQ. ZORRAQUIN - S/N,11-4709-3204,,secundaria2vicentelopez@abc.gob.ar,Estatal,Oficial,ESCUELA DE EDUCACIÓN SECUNDARIA,CONURBANO,Urbano,0,Oficial,SEDE,Primera,Dirección Provincial de Educación Secundaria,610900416,Final 2025,691,360,331,33,"MAÑANA,TARDE,VESPERTINO",608768,0,2,-58.50439837898068,-34.55221406532617
6861,Vicente López,9054,"ESCUELA DE EDUCACIÓN SECUNDARIA Nº3 ""JORGE NEWBERY""",Región 6,0109MS0003,60789500,Educación Común,Nivel Secundario,DRYSDALE - 5635,11-4756-4017,,secundaria3vicentelopez@abc.gob.ar,Estatal,Oficial,ESCUELA DE EDUCACIÓN SECUNDARIA,CONURBANO,Urbano,0,Oficial,SEDE,Segunda,Dirección Provincial de Educación Secundaria,610900073,Final 2025,444,237,207,24,"MAÑANA,TARDE",607895,0,3,-58.53493284367456,-34.52726613792125
6861,Vicente López,9055,"ESCUELA DE EDUCACIÓN SECUNDARIA Nº4 ""PROVINCIAS UNIDAS""",Región 6,0109MS0004,60750700,Educación Común,Nivel Secundario,MELO - 1853,11-4791-3465,,secundaria4vl@gmail.com,Estatal,Oficial,ESCUELA DE EDUCACIÓN SECUNDARIA,CONURBANO,Urbano,0,Oficial,SEDE,Segunda,Dirección Provincial de Educación Secundaria,610900428,Final 2025,204,111,93,14,"MAÑANA,TARDE",607507,0,4,-58.484475410451175,-34.53137313709383
6861,Vicente López,9056,"ESCUELA DE EDUCACIÓN SECUNDARIA Nº5 ""REPUBLICAS DE AMERICA""",Región 6,0109MS0005,60684100,Educación Común,Nivel Secundario,Sgto Cabral - 2728,11-4730-3350,,media5vl@gmail.com,Estatal,Oficial,ESCUELA DE EDUCACIÓN SECUNDARIA,CONURBANO,Urbano,0,Oficial,SEDE,Segunda,Dirección Provincial de Educación Secundaria,610900136,Final 2025,378,183,195,22,"MAÑANA,TARDE,VESPERTINO",606841,0,5,-58.51826601756136,-34.525175088259054
6861,Vicente López,9057,"ESCUELA DE EDUCACIÓN SECUNDARIA Nº6 ""JUAN PABLO DUARTE Y DIEZ""",Región 6,0109MS0006,60681200,Educación Común,Nivel Secundario,AGUSTÍN ÁLVAREZ E/ MAIPU Y 25 DE MAYO - 1431,11-4795-8889/4928,,secundaria6vl@yahoo.com.ar,Estatal,Oficial,ESCUELA DE EDUCACIÓN SECUNDARIA,CONURBANO,Urbano,0,Oficial,SEDE,Primera,Dirección Provincial de Educación Secundaria,610900437,Final 2025,751,407,344,41,"MAÑANA,TARDE",606812,0,6,-58.47768923636772,-34.53300634776396
6861,Vicente López,9058,"ESCUELA DE EDUCACIÓN SECUNDARIA Nº7 ""LUIS F LELOIR""",Región 6,0109MS0007,61134200,Educación Común,Nivel Secundario,ARENALES /CHACABUCO Y V.LINIERS - 1945,11-4797-4189,,ees7vl@gmail.com,Estatal,Oficial,ESCUELA DE EDUCACIÓN SECUNDARIA,CONURBANO,Urbano,0,Oficial,SEDE,Segunda,Dirección Provincial de Educación Secundaria,610900444,Final 2025,327,160,167,24,"MAÑANA,TARDE",611342,0,7,-58.49007123359916,-34.52571444316628
6861,Vicente López,9059,ESCUELA DE EDUCACIÓN SECUNDARIA Nº8,Región 6,0109MS0008,61193100,Educación Común,Nivel Secundario,FRANCISCO BEIRO E/URQUIZA Y AV.ROCA - 1220,11-4760-0123,,mediaocho@yahoo.com.ar,Estatal,Oficial,ESCUELA DE EDUCACIÓN SECUNDARIA,CONURBANO,Urbano,0,Oficial,SEDE,Primera,Dirección Provincial de Educación Secundaria,610900459,Final 2025,499,250,249,24,"MAÑANA,TARDE",611931,0,8,-58.49921153368397,-34.53456320013084
6861,Vicente López,9061,"ESCUELA DE EDUCACIÓN SECUNDARIA TÉCNICA Nº1 ""EDUARDO ADER""",Región 6,0109MT0001,60958100,Educación Técnico Profesional,Nivel Secundario,CERRITO - 3966,11-4735-0174,,tecnica1vl@gmail.com,Estatal,Oficial,ESCUELA DE EDUCACIÓN SECUNDARIA TÉCNICA,CONURBANO,Urbano,0,Oficial,SEDE,Primera,Dirección Provincial de Educación Técnico Profesional,610900232,Final 2025,632,525,107,26,"ALTERNADO,MAÑANA,TARDE,VESPERTINO",609581,0,1,-58.54986823832736,-34.52932227230439
6861,Vicente López,9062,ESCUELA DE EDUCACIÓN SECUNDARIA TÉCNICA Nº2,Región 6,0109MT0002,60671900,Educación Técnico Profesional,Nivel Secundario,SARGENTO CABRAL - 2772,11-4756-2859,84029,munrotecnica2@gmail.com,Estatal,Oficial,ESCUELA DE EDUCACIÓN SECUNDARIA TÉCNICA,CONURBANO,Urbano,0,Oficial,SEDE,Segunda,Dirección Provincial de Educación Técnico Profesional,610900136,Final 2025,408,291,117,23,"MAÑANA,TARDE,VESPERTINO",606719,0,2,-58.518519465694176,-34.52471223516339
6861,Vicente López,9063,"ESCUELA DE EDUCACIÓN SECUNDARIA TÉCNICA Nº3 ""DR. HIPÓLITO YRIGOYEN""",Región 6,0109MT0003,60895400,Educación Técnico Profesional,Nivel Secundario,H. DE LA QUINTANA E/BORGES Y R. CASTRO - 3237,11-4794-8929,84050,eest3vicentelopez@abc.gob.ar,Estatal,Oficial,ESCUELA DE EDUCACIÓN SECUNDARIA TÉCNICA,CONURBANO,Urbano,0,Oficial,SEDE,Segunda,Dirección Provincial de Educación Técnico Profesional,610900503,Final 2025,219,123,96,9,"MAÑANA,VESPERTINO",608954,0,3,-58.49645316278186,-34.50855551162682
6861,Vicente López,9064,ESCUELA DE EDUCACIÓN SECUNDARIA TÉCNICA Nº4,Región 6,0109MT0004,60733900,Educación Técnico Profesional,Nivel Secundario,AVDA. SAN MARTÍN E/FRENCH Y POSADAS - 4650,11-4761-6700,84017,tecnica4vlopez@gmail.com,Estatal,Oficial,ESCUELA DE EDUCACIÓN SECUNDARIA TÉCNICA,CONURBANO,Urbano,0,Oficial,SEDE,Segunda,Dirección Provincial de Educación Técnico Profesional,610900519,Final 2025,426,271,155,24,"MAÑANA,TARDE,VESPERTINO",607339,0,4,-58.52113092395168,-34.54243996533147
6252,Escobar,9604,ESCUELA DE EDUCACIÓN SECUNDARIA Nº1,Región 11,0116MS0001,60830300,Educación Común,Nivel Secundario,PUEYRREDON E/ C. PELLEGRINI Y COLON - 3853,348-447-6036,87831,secundaria1escobar@abc.gob.ar,Estatal,Oficial,ESCUELA DE EDUCACIÓN SECUNDARIA,INTERIOR,Urbano,1,Oficial,SEDE,Primera,Dirección Provincial de Educación Secundaria,611600181,Final 2025,816,398,418,28,"MAÑANA,TARDE",608303,0,1,-58.74933787624137,-34.420945352945324
6252,Escobar,9605,"ESCUELA DE EDUCACIÓN SECUNDARIA Nº2 ""FRAY LUIS BELTRAN""",Región 11,0116MS0002,61015500,Educación Común,Nivel Secundario,MARCELO T.DE ALVEAR E/BANCALARI Y ALEM - 71,348-446-0425,87877,secundaria2matheu@gmail.com,Estatal,Oficial,ESCUELA DE EDUCACIÓN SECUNDARIA,INTERIOR,Urbano,1,Oficial,SEDE,Primera,Dirección Provincial de Educación Secundaria,611600175,Final 2025,754,398,356,32,"MAÑANA,TARDE,VESPERTINO",610155,0,2,-58.82645646929011,-34.38554371147281
6252,Escobar,9606,"ESCUELA DE EDUCACIÓN SECUNDARIA Nº3 ""RODOLFO WALSH""",Región 11,0116MS0003,60709900,Educación Común,Nivel Secundario,SOBERANIA NACIONAL - 1184,3488-42-3320,87834,secundaria3escobar@gmail.com,Estatal,Oficial,ESCUELA DE EDUCACIÓN SECUNDARIA,INTERIOR,Urbano,1,Oficial,SEDE,Primera,Dirección Provincial de Educación Secundaria,611600553,Final 2025,631,333,298,24,"MAÑANA,TARDE,VESPERTINO",607099,0,3,-58.77684569417286,-34.338006558055895
6252,Escobar,9607,"ESCUELA DE EDUCACIÓN SECUNDARIA Nº4 ""ALICIA MOREAU DE JUSTO""",Región 11,0116MS0004,61096300,Educación Común,Nivel Secundario,LA PLATA - 1240,3488-444-1422,,secundaria4escobar@abc.gob.ar,Estatal,Oficial,ESCUELA DE EDUCACIÓN SECUNDARIA,INTERIOR,Urbano,0,Oficial,SEDE,Primera,Dirección Provincial de Educación Secundaria,611600199,Final 2025,835,405,430,27,"MAÑANA,TARDE,VESPERTINO",610963,0,4,-58.73812635384748,-34.38809709810222
6252,Escobar,9608,ESCUELA DE EDUCACIÓN SECUNDARIA TÉCNICA Nº4,Región 11,0116MT0004,60721900,Educación Técnico Profesional,Nivel Secundario,PUEYRREDON - 3150,348-447-6810,,tecnica4escobar@abc.gob.ar,Estatal,Oficial,ESCUELA DE EDUCACIÓN SECUNDARIA TÉCNICA,INTERIOR,Urbano,1,Oficial,SEDE,Primera,Dirección Provincial de Educación Técnico Profesional,611600792,Final 2025,1220,677,543,43,"MAÑANA,TARDE,VESPERTINO",607219,0,4,-58.7455013153328,-34.42641967552722
6252,Escobar,9609,"ESCUELA DE EDUCACIÓN SECUNDARIA TÉCNICA Nº1 ""CAPITÁN DE NAVIO HIPÓLITO BOUCHARD""",Región 11,0116MT0001,60775800,Educación Técnico Profesional,Nivel Secundario,INDEPENDENCIA - 450,3488-442-0440,87802,eest1escobar@abc.gob.ar,Estatal,Oficial,ESCUELA DE EDUCACIÓN SECUNDARIA TÉCNICA,INTERIOR,Urbano,0,Oficial,SEDE,Primera,Dirección Provincial de Educación Técnico Profesional,611600763,Final 2025,2239,1518,721,86,"MAÑANA,TARDE,VESPERTINO",607758,0,1,-58.79928365478232,-34.35444196007759
6252,Escobar,9610,ESCUELA DE EDUCACIÓN SECUNDARIA TÉCNICA Nº2,Región 11,0116MT0002,61015600,Educación Técnico Profesional,Nivel Secundario,ING. MARIN E YRIGOYEN - S/N,3488-49-3576,,tecnica2escobar@abc.gob.ar,Estatal,Oficial,ESCUELA DE EDUCACIÓN SECUNDARIA TÉCNICA,INTERIOR,Urbano,0,Oficial,SEDE,Primera,Dirección Provincial de Educación Técnico Profesional,611600771,Final 2025,1373,850,523,48,"MAÑANA,TARDE,VESPERTINO",610156,0,2,-58.73778953256023,-34.45530398768854
6252,Escobar,9611,"ESCUELA DE EDUCACIÓN SECUNDARIA TÉCNICA Nº3 ""EVA PERÓN""",Región 11,0116MT0003,61018900,Educación Técnico Profesional,Nivel Secundario,JUAN XXIII - 125,3488-448-1109,87852,tecnica3escobar@abc.gob.ar,Estatal,Oficial,ESCUELA DE EDUCACIÓN SECUNDARIA TÉCNICA,INTERIOR,Urbano,1,Oficial,SEDE,Primera,Dirección Provincial de Educación Técnico Profesional,"611600785,611601575",Final 2025,1380,889,491,49,"INTERMEDIO,MAÑANA,VESPERTINO",610189,0,3,-58.77349563721416,-34.4097316350367
6840,Tres de Febrero,9703,"ESCUELA DE EDUCACIÓN SECUNDARIA Nº1 ""MARIANO MORENO""",Región 7,0117MS0001,60989400,Educación Común,Nivel Secundario,WENCESLAO DE TATA - 4930,11-4750-2864,89132,secundaria1tresdefebrero@abc.gob.ar,Estatal,Oficial,ESCUELA DE EDUCACIÓN SECUNDARIA,CONURBANO,Urbano,0,Oficial,SEDE,Segunda,Dirección Provincial de Educación Secundaria,611700208,Final 2025,297,150,147,15,"MAÑANA,TARDE",609894,0,1,-58.56617881599846,-34.60129536099154
6840,Tres de Febrero,9704,"ESCUELA DE EDUCACIÓN SECUNDARIA Nº2 ""BERNARDINO RIVADAVIA""",Región 7,0117MS0002,60573000,Educación Común,Nivel Secundario,MATIENZO E/ALAS ARGENTINAS Y AV. KOEHL - 2430,11-4751-4510,89168,secundaria2tresdefebrero@abc.gob.ar,Estatal,Oficial,ESCUELA DE EDUCACIÓN SECUNDARIA,CONURBANO,Urbano,0,Oficial,SEDE,Primera,Dirección Provincial de Educación Secundaria,611700352,Final 2025,1187,485,702,57,"MAÑANA,TARDE",605730,0,2,-58.59355583653159,-34.595675950783985
6840,Tres de Febrero,9705,"ESCUELA DE EDUCACIÓN SECUNDARIA Nº3 ""JOSÉ HERNANDEZ""",Región 7,0117MS0003,61013200,Educación Común,Nivel Secundario,ANDRES FERREYRA E/BELGRANO Y URQUIZA - 2679,11-4750-9047,,secundaria3tresdefebrero@abc.gob.ar,Estatal,Oficial,ESCUELA DE EDUCACIÓN SECUNDARIA,CONURBANO,Urbano,0,Oficial,SEDE,Segunda,Dirección Provincial de Educación Secundaria,611700685,Final 2025,563,281,282,39,"MAÑANA,TARDE,VESPERTINO",610132,0,3,-58.56502277258175,-34.60643069941667
6840,Tres de Febrero,9706,"ESCUELA DE EDUCACIÓN SECUNDARIA Nº4 ""JUAN BAUTISTA ALBERDI""",Región 7,0117MS0004,60683900,Educación Común,Nivel Secundario,TRES LOMAS E/PUEYRREDON Y T. PLAZA - 514,11-4653-5125,88414,secundaria4tresdefebrero@abc.gob.ar,Estatal,Oficial,ESCUELA DE EDUCACIÓN SECUNDARIA,CONURBANO,Urbano,1,Oficial,SEDE,Segunda,Dirección Provincial de Educación Secundaria,611700212,Final 2025,206,105,101,12,"MAÑANA,TARDE,VESPERTINO",606839,0,4,-58.5351780834006,-34.632561095017905
6840,Tres de Febrero,9707,"ESCUELA DE EDUCACIÓN SECUNDARIA Nº5 ""JOSÉ INGENIEROS""",Región 7,0117MS0005,60682600,Educación Común,Nivel Secundario,J.INGENIEROS - 1605,-,89160,secundaria5tresdefebrero@abc.gob.ar,Estatal,Oficial,ESCUELA DE EDUCACIÓN SECUNDARIA,CONURBANO,Urbano,1,Oficial,SEDE,Segunda,Dirección Provincial de Educación Secundaria,611700220,Final 2025,220,108,112,10,"MAÑANA,TARDE,VESPERTINO",606826,0,5,-58.533418641385786,-34.61887957780645
6840,Tres de Febrero,9708,"ESCUELA DE EDUCACIÓN SECUNDARIA Nº6 ""ALMIRANTE GUILLERMO BROWN""",Región 7,0117MS0006,60367500,Educación Común,Nivel Secundario,REVERENDA MADRE ISABEL FERNANDEZ E/LORETO Y STA. ROSALIA - 1347,11-4757-6808,,secundaria6117@gmail.com,Estatal,Oficial,ESCUELA DE EDUCACIÓN SECUNDARIA,CONURBANO,Urbano,0,Oficial,SEDE,Segunda,Dirección Provincial de Educación Secundaria,611700692,Final 2025,233,116,117,13,"MAÑANA,TARDE",603675,0,6,-58.52916499058309,-34.60743575345481
6840,Tres de Febrero,9709,"ESCUELA DE EDUCACIÓN SECUNDARIA Nº7 ""GREGORIA MATORRAS""",Región 7,0117MS0007,61141900,Educación Común,Nivel Secundario,PASO E/GARCÍA LORCA E/ RICHIERI Y AV. MILITAR - S/N,11-4653-0515,,mm117007@gmail.com,Estatal,Oficial,ESCUELA DE EDUCACIÓN SECUNDARIA,CONURBANO,Urbano,1,Oficial,SEDE,Segunda,Dirección Provincial de Educación Secundaria,611700055,Final 2025,331,150,181,18,"MAÑANA,TARDE",611419,0,7,-58.54211234642933,-34.62334319278838
6840,Tres de Febrero,9710,"ESCUELA DE EDUCACIÓN SECUNDARIA Nº8 ""NUESTRA SEÑORA DE LUJÁN""",Región 7,0117MS0008,61039300,Educación Común,Nivel Secundario,LISANDRO DE LA TORRE - 2545,11-4750-1281/8407,,secundaria8tresdefebrero@abc.gob.ar,Estatal,Oficial,ESCUELA DE EDUCACIÓN SECUNDARIA,CONURBANO,Urbano,0,Oficial,SEDE,Segunda,Dirección Provincial de Educación Secundaria,611700231,Final 2025,370,180,190,20,"MAÑANA,TARDE",610393,0,8,-58.557436887196005,-34.605591193502285
6840,Tres de Febrero,9711,"ESCUELA DE EDUCACIÓN SECUNDARIA Nº9 ""MARIA CLAUDIA FALCONE""",Región 7,0117MS0009,60672800,Educación Común,Nivel Secundario,RIO NEGRO - 10076,11-4769-8997,46567,mariaclaudiafalcone9@gmail.com,Estatal,Oficial,ESCUELA DE EDUCACIÓN SECUNDARIA,CONURBANO,Urbano,1,Oficial,SEDE,Segunda,Dirección Provincial de Educación Secundaria,611700709,Final 2025,399,208,191,28,"MAÑANA,TARDE",606728,0,9,-58.61977982547764,-34.56523917224949
6840,Tres de Febrero,9712,"ESCUELA DE EDUCACIÓN SECUNDARIA Nº10 ""MARTÍN FIERRO""",Región 7,0117MS0010,61081600,Educación Común,Nivel Secundario,RIO SALADO - 8765,11-4739-7959,,secundaria10tresdefebrero@abc.gob.ar,Estatal,Oficial,ESCUELA DE EDUCACIÓN SECUNDARIA,CONURBANO,Urbano,0,Oficial,SEDE,Primera,Dirección Provincial de Educación Secundaria,611700713,Final 2025,765,357,408,30,"MAÑANA,TARDE",610816,0,10,-58.59840741444848,-34.56686118226918
6840,Tres de Febrero,9713,"ESCUELA DE EDUCACIÓN SECUNDARIA Nº11 ""ANTONIO BERNI""",Región 7,0117MS0011,60862700,Educación Común,Nivel Secundario,ALBERTO WILLIAMS - 1350,11-4757-1283,,eemedia11@hotmail.com,Estatal,Oficial,ESCUELA DE EDUCACIÓN SECUNDARIA,CONURBANO,Urbano,0,Oficial,SEDE,Segunda,Dirección Provincial de Educación Secundaria,611700249,Final 2025,265,148,117,12,"MAÑANA,TARDE",608627,0,11,-58.55202327565247,-34.59371036194301
6840,Tres de Febrero,9714,ESCUELA DE EDUCACIÓN SECUNDARIA Nº12,Región 7,0117MS0012,61050700,Educación Común,Nivel Secundario,PERÚ - 3851,11-5197-0684,,secunadaria12tresdefebrero@abc.gob.ar,Estatal,Oficial,ESCUELA DE EDUCACIÓN SECUNDARIA,CONURBANO,Urbano,1,Oficial,SEDE,Tercera,Dirección Provincial de Educación Secundaria,611700254,Final 2025,152,71,81,12,"MAÑANA,TARDE",610507,0,12,-58.55532194209545,-34.618497966661494
6840,Tres de Febrero,9715,"ESCUELA DE EDUCACIÓN SECUNDARIA TÉCNICA Nº1 ""MANUEL BELGRANO""",Región 7,0117MT0001,60988400,Educación Técnico Profesional,Nivel Secundario,NICARAGUA - 3516,11-4712-6983,89198,eest1tresdefebrero@abc.gob.ar,Estatal,Oficial,ESCUELA DE EDUCACIÓN SECUNDARIA TÉCNICA,CONURBANO,Urbano,0,Oficial,SEDE,Primera,Dirección Provincial de Educación Técnico Profesional,611700914,Final 2025,646,476,170,32,"MAÑANA,TARDE,VESPERTINO",609884,0,1,-58.546211874356594,-34.60362191882317
6840,Tres de Febrero,9716,"ESCUELA DE EDUCACIÓN SECUNDARIA TÉCNICA Nº2 ""TRES DE FEBRERO""",Región 7,0117MT0002,61171600,Educación Técnico Profesional,Nivel Secundario,AVIADOR BRADLEY - 7350,11-4751-7084,89166,eest2tresdefebrero@abc.gob.ar,Estatal,Oficial,ESCUELA DE EDUCACIÓN SECUNDARIA TÉCNICA,CONURBANO,Urbano,0,Oficial,SEDE,Primera,Dirección Provincial de Educación Técnico Profesional,611700922,Final 2025,1066,854,212,45,"MAÑANA,TARDE,VESPERTINO",611716,0,2,-58.5991408575635,-34.58912562354813
6840,Tres de Febrero,9717,"ESCUELA DE EDUCACIÓN SECUNDARIA TÉCNICA Nº3 ""NUESTRA SRA. DE LA MERCED""",Región 7,0117MT0003,60684200,Educación Técnico Profesional,Nivel Secundario,EMANCIPADOR - 10080,11-4769-9072,29256,eest3tresdefebrero@abc.gob.ar,Estatal,Oficial,ESCUELA DE EDUCACIÓN SECUNDARIA TÉCNICA,CONURBANO,Urbano,1,Oficial,SEDE,Primera,Dirección Provincial de Educación Técnico Profesional,611700933,Final 2025,716,420,296,34,"MAÑANA,TARDE,VESPERTINO",606842,0,3,-58.612338399269774,-34.558612751356875
6840,Tres de Febrero,9718,"ESCUELA DE EDUCACIÓN SECUNDARIA TÉCNICA Nº4 ""EJÉRCITO DE LOS ANDES""",Región 7,0117MT0004,61141400,Educación Técnico Profesional,Nivel Secundario,RICCHIERI Y NECOCHEA - S/N,11-4653-9264,88402,eest4tresdefebrero@abc.gob.ar,Estatal,Oficial,ESCUELA DE EDUCACIÓN SECUNDARIA TÉCNICA,CONURBANO,Urbano,1,Oficial,SEDE,Segunda,Dirección Provincial de Educación Técnico Profesional,611700174,Final 2025,244,165,79,16,"MAÑANA,TARDE",611414,0,4,-58.53875630367228,-34.62293954362477
6760,San Miguel,10249,"CONSERVATORIO DE MÚSICA N°1 ""JULIAN AGUIRRE""",Región 9,0131AM0001,61458000,Educación Artística,Ciclo Medio,MARTÍN YRIGOYEN - 1137,11-6091-7100,,julianaguirresanmiguel@yahoo.com.ar,Estatal,Oficial,CONSERVATORIO DE MÚSICA,CONURBANO,Urbano,0,Oficial,SEDE,Segunda,Dirección de Educación Artística,613100015,Final 2025,361,190,171,79,"MAÑANA,TARDE,VESPERTINO",614580,0,1,-58.70870937773487,-34.54780548703319
6861,Vicente López,10297,ESCUELA PAULA A. DE SARMIENTO,Región 6,3109MS1488,60676700,Educación Común,Nivel Secundario,J. B. ALBERDI Y ESTRADA - 1227,11-4790-6766,,secretaria.empas@mvl.edu.ar,Estatal,Municipal,ESCUELA DE EDUCACIÓN SECUNDARIA,CONURBANO,Urbano,0,"Subvención Total 100%         ",SEDE,Primera,Dirección de Educación de Gestión Privada,610900601,Final 2025,1044,451,593,36,"MAÑANA,TARDE",606767,0,1488,-58.48821683513744,-34.509193158836446
6749,San Fernando,14835,"ESCUELA DE EDUCACIÓN SECUNDARIA Nº7 ""CACIQUE PINCEN""",Región 6,0095MS0007,61309600,Educación Común,Nivel Secundario,ALMIRANTE BROWN - S/N,11-4728-0015,,secundaria7sanfernando@abc.gob.ar,Estatal,Oficial,ESCUELA DE EDUCACIÓN SECUNDARIA,CONURBANO,Rural Disperso,5,Oficial,SEDE,Tercera,Dirección Provincial de Educación Secundaria,609500423,Final 2025,13,3,10,2,TARDE,613096,0,7,-58.25242381644716,-34.187073526154755
6756,San Isidro,15291,"CENTRO EDUCATIVO NIVEL SECUNDARIO Nº452 ""DR. RAÚL RICARDO ALFONSÍN""",Región 6,0096DM0452,61430900,Educación de Jóvenes y Adultos,Nivel Secundario,AV. ÉDISON - 1596,11-4792-7369,,cens452martinez@gmail.com,Estatal,Oficial,CENTRO EDUCATIVO DE NIVEL SECUNDARIO (C.E.N.S.),CONURBANO,Urbano,0,Oficial,SEDE,Segunda,"Dirección de Educación de Jóvenes, Adultos y Adultos Mayores",609602293,Final 2025,144,73,71,9,VESPERTINO,614309,0,452,-58.51724046905799,-34.50146123733754
6638,Pilar,15534,"ESCUELA DE EDUCACIÓN SECUNDARIA Nº9 ""MARÍA GARCHITORENA DE GALVAGNO""",Región 11,0083MS0009,60404600,Educación Común,Nivel Secundario,GOROSTIAGA - 510,230-449-0448,,secundaria9fatima@gmail.com.ar,Estatal,Oficial,ESCUELA DE EDUCACIÓN SECUNDARIA,INTERIOR,Urbano,1,Oficial,SEDE,Primera,Dirección Provincial de Educación Secundaria,608300143,Final 2025,883,456,427,28,"MAÑANA,NOCHE,TARDE",604046,0,9,-58.9926203788434,-34.433156005107904
6371,General San Martín,16580,ESCUELA DE EDUCACIÓN SECUNDARIA Nº23,Región 7,0045MS0023,61475700,Educación Común,Nivel Secundario,AV.FLEMING - 3956,11-4512-6493,,secundaria23sm@gmail.com,Estatal,Oficial,ESCUELA DE EDUCACIÓN SECUNDARIA,CONURBANO,Urbano,0,Oficial,SEDE,Segunda,Dirección Provincial de Educación Secundaria,604500988,Final 2025,276,135,141,15,"MAÑANA,TARDE",614757,0,23,-58.528447989688544,-34.540217805769245
6371,General San Martín,16709,"CENTRO EDUCATIVO DE NIVEL SECUNDARIO Nº458 ""PROFESOR RAMÓN CARRILLO""",Región 7,0045DM0458,61469400,Educación de Jóvenes y Adultos,Nivel Secundario,PROF. R. A. VIDAL - 3676,11-4753-0173,,0045dm0458@gmail.com,Estatal,Oficial,CENTRO EDUCATIVO DE NIVEL SECUNDARIO (C.E.N.S.),CONURBANO,Urbano,0,Oficial,SEDE,Segunda,"Dirección de Educación de Jóvenes, Adultos y Adultos Mayores",604502268,Final 2025,176,79,97,8,TARDE,614694,0,458,-58.54172054452894,-34.57291806055694
6568,Morón,16783,ESCUELA MUNICIPAL DE DANZAS JOSÉ NEGLIA,Región 8,3100AD2182,61476600,Educación Artística,Ciclo Medio,CRISOLOGO LARRALDE E/SALTA Y CABILDO - 885,11-4483-2144,,escuelajoseneglia@gmail.com,Estatal,Municipal,ESCUELA DE DANZAS CLÁSICAS,CONURBANO,Urbano,0,"Sin Subvención                ",SEDE,S/Datos,Dirección de Educación de Gestión Privada,610001254,Final 2025,63,0,63,5,"INTERMEDIO,MAÑANA,TARDE,VESPERTINO",614766,0,2182,-58.61943141321257,-34.646897693422524
6861,Vicente López,17180,"LICEO NAVAL MILITAR ""ALMIRANTE GUILLERMO BROWN""",Región 6,2109MM9000,69003200,Educación Común,Nivel Secundario,LAPRIDA - 555,11-4791-1115,,regente@liceobrown.edu.ar,Estatal,Nacional,ESCUELA DE EDUCACIÓN MEDIA,CONURBANO,Urbano,0,Oficial,SEDE,S/Datos,Ministerio de Educación de la Nación,610900588,Final 2025,137,75,62,8,"""DOBLE ESCOLARIDAD""",690032,0,9000,-58.46579591089552,-34.52912157544227
6412,José C. Paz,17229,ESCUELA DE EDUCACIÓN SECUNDARIA Nº10,Región 9,0132MS0010,61546000,Educación Común,Nivel Secundario,ROQUE SAENZ PEÑA Y MIGUEL CANE - S/N,2320-43-2177,,ees10jcp@hotmail.com,Estatal,Oficial,ESCUELA DE EDUCACIÓN SECUNDARIA,CONURBANO,Urbano,0,Oficial,SEDE,Primera,Dirección Provincial de Educación Secundaria,613200152,Final 2025,663,348,315,28,"MAÑANA,TARDE,VESPERTINO",615460,0,10,-58.741323334004015,-34.53301843914928
6560,Moreno,17230,"ESCUELA DE EDUCACIÓN SECUNDARIA Nº 22 ""RENÉ FAVALORO""",Región 9,0073MS0022,61545500,Educación Común,Nivel Secundario,AV. NESTOR KIRCHNER - 3018,237-481-8915,,ees22demoreno@gmail.com,Estatal,Oficial,ESCUELA DE EDUCACIÓN SECUNDARIA,CONURBANO,Urbano,0,Oficial,SEDE,Primera,Dirección Provincial de Educación Secundaria,607301379,Final 2025,617,333,284,24,"MAÑANA,TARDE",615455,0,22,-58.73848632219941,-34.592449244186504
6749,San Fernando,17231,"ESCUELA DE EDUCACIÓN SECUNDARIA Nº8 ""PRESIDENTE PERÓN""",Región 6,0095MS0008,61545800,Educación Común,Nivel Secundario,PASTEUR - 2440,11-4549-2167,,secundaria8sanfernando@abc.gob.ar,Estatal,Oficial,ESCUELA DE EDUCACIÓN SECUNDARIA,CONURBANO,Urbano,0,Oficial,SEDE,Segunda,Dirección Provincial de Educación Secundaria,609500565,Final 2025,406,189,217,21,"MAÑANA,TARDE,VESPERTINO",615458,0,8,-58.55457739433015,-34.45606408119176
6539,Merlo,17232,ESCUELA DE EDUCACIÓN SECUNDARIA Nº20,Región 8,0071MS0020,61545300,Educación Común,Nivel Secundario,BULNES - 3320,220-499-3919,,merlo.secundaria20@gmail.com,Estatal,Oficial,ESCUELA DE EDUCACIÓN SECUNDARIA,CONURBANO,Urbano,0,Oficial,SEDE,Segunda,Dirección Provincial de Educación Secundaria,607101225,Final 2025,333,174,159,12,"MAÑANA,TARDE",615453,0,20,-58.76847392565499,-34.696125253516726
6539,Merlo,17233,ESCUELA DE EDUCACIÓN SECUNDARIA Nº21,Región 8,0071MS0021,61545400,Educación Común,Nivel Secundario,AREVALO - 1930,220-489-6324,,loli-1975@live.com.ar,Estatal,Oficial,ESCUELA DE EDUCACIÓN SECUNDARIA,CONURBANO,Urbano,0,Oficial,SEDE,Primera,Dirección Provincial de Educación Secundaria,607101239,Final 2025,705,354,351,31,"MAÑANA,TARDE,VESPERTINO",615454,0,21,-58.761318474661735,-34.680663641018384
6560,Moreno,17238,"ESCUELA DE EDUCACIÓN SECUNDARIA Nº23 ""25 DE MAYO""",Región 9,0073MS0023,61545600,Educación Común,Nivel Secundario,ACONQUIJA - 5001,237-468-9896,,secundaria23moreno@abc.gob.ar,Estatal,Oficial,ESCUELA DE EDUCACIÓN SECUNDARIA,CONURBANO,Urbano,1,Oficial,SEDE,Primera,Dirección Provincial de Educación Secundaria,607300473,Final 2025,585,292,293,23,"MAÑANA,TARDE,VESPERTINO",615456,0,23,-58.804634636193626,-34.600051163952266
6515,Malvinas Argentinas,17258,"ESCUELA DE EDUCACIÓN SECUNDARIA TÉCNICA Nº1 ""GENERAL JOSÉ DE SAN MARTÍN""",Región 9,0133MT0001,61547700,Educación Técnico Profesional,Nivel Secundario,BATALLA DE CHACABUCO - 276,2320-48-0129,,tecnica1malvinasarg@abc.gob.ar,Estatal,Oficial,ESCUELA DE EDUCACIÓN SECUNDARIA TÉCNICA,CONURBANO,Urbano,0,Oficial,SEDE,Primera,Dirección Provincial de Educación Técnico Profesional,613300901,Final 2025,850,611,239,29,"MAÑANA,TARDE,VESPERTINO",615477,0,1,-58.72076072752484,-34.500674050166886
6412,José C. Paz,17259,"ESCUELA DE EDUCACIÓN SECUNDARIA TÉCNICA Nº3 ""EVITA""",Región 9,0132MT0003,61547800,Educación Técnico Profesional,Nivel Secundario,LAS TRES MARÍAS Y JOSÉ C. PAZ - S/N,2320-44-5714,,secretariatecnica3evita@gmail.com,Estatal,Oficial,ESCUELA DE EDUCACIÓN SECUNDARIA TÉCNICA,CONURBANO,Urbano,1,Oficial,SEDE,Primera,Dirección Provincial de Educación Técnico Profesional,613200802,Final 2025,700,388,312,25,"""DOBLE ESCOLARIDAD"",MAÑANA,TARDE",615478,0,3,-58.78793711170994,-34.540931675381124
6126,Campana,17275,ESCUELA DE EDUCACIÓN SECUNDARIA AGRARIA Nº1,Región 11,0015MA0001,61551300,Educación Técnico Profesional,Nivel Secundario,RUTA NACIONAL 12 KM 102 - S/N,3489-44-3007,,eesa01campana@gmail.com.ar,Estatal,Oficial,ESCUELA DE EDUCACIÓN SECUNDARIA AGRARIA,INTERIOR,Rural Disperso,4,Oficial,SEDE,Tercera,Dirección Provincial de Educación Técnico Profesional,601500546,Final 2025,90,46,44,7,"""DOBLE ESCOLARIDAD""",615513,0,1,-58.96729154867662,-33.97153661611406
6539,Merlo,17368,CENTRO EDUCATIVO NIVEL SECUNDARIO Nº452,Región 8,0071DM0452,61566000,Educación de Jóvenes y Adultos,Nivel Secundario,SANTO DOMINGO - 3055,11-6588-8887,,cens452merlo@abc.gob.ar,Estatal,Oficial,CENTRO EDUCATIVO DE NIVEL SECUNDARIO (C.E.N.S.),CONURBANO,Urbano,0,Oficial,SEDE,Tercera,"Dirección de Educación de Jóvenes, Adultos y Adultos Mayores",607101605,Final 2025,44,8,36,3,TARDE,615660,0,452,-58.6943371951698,-34.70623256018912
6539,Merlo,17369,CENTRO EDUCATIVO NIVEL SECUNDARIO Nº453,Región 8,0071DM0453,61566100,Educación de Jóvenes y Adultos,Nivel Secundario,SOLDADO ADOLFO MOLINA Y NICARAGUA - S/N,220-494-2076,,cens453merlo@abc.gob.ar,Estatal,Oficial,CENTRO EDUCATIVO DE NIVEL SECUNDARIO (C.E.N.S.),CONURBANO,Urbano,0,Oficial,SEDE,Tercera,"Dirección de Educación de Jóvenes, Adultos y Adultos Mayores",607101826,Final 2025,49,15,34,3,NOCHE,615661,0,453,-58.691727862320754,-34.69883845180317
6539,Merlo,17370,CENTRO EDUCATIVO NIVEL SECUNDARIO Nº454,Región 8,0071DM0454,61566200,Educación de Jóvenes y Adultos,Nivel Secundario,ECHAGUE Y 33 ORIENTALES - 1420,220-494-2076,,cpellegrini5@abc.gob.ar,Estatal,Oficial,CENTRO EDUCATIVO DE NIVEL SECUNDARIO (C.E.N.S.),CONURBANO,Urbano,0,Oficial,SEDE,Tercera,"Dirección de Educación de Jóvenes, Adultos y Adultos Mayores",607100080,Final 2025,44,20,24,3,NOCHE,615662,0,454,-58.69450843706333,-34.68879850101537
6408,Hurlingham,17383,ESCUELA DE EDUCACIÓN SECUNDARIA AGRARIA Nº1,Región 7,0135MA0001,61562800,Educación Técnico Profesional,Nivel Secundario,GORRITI - 3500,11-15-5002-8058,,andykarher@yahoo.com.ar,Estatal,Oficial,ESCUELA DE EDUCACIÓN SECUNDARIA AGRARIA,CONURBANO,Urbano,0,Oficial,SEDE,Segunda,Dirección Provincial de Educación Técnico Profesional,613500021,Final 2025,283,136,147,12,"""DOBLE ESCOLARIDAD""",615628,0,1,-58.67252065422167,-34.589379543664386
6126,Campana,17448,"ESCUELA DE EDUCACIÓN SECUNDARIA AGRARIA Nº 2  ""ING. FERNANDO MUJICA""",Región 11,0015MA0002,61663900,Educación Técnico Profesional,Nivel Secundario,RIO PARANA DE LAS PALMAS Y CANAL COMAS - S/N,3489-15-51-4507,,eesa2inta@gmail.com,Estatal,Oficial,ESCUELA DE EDUCACIÓN SECUNDARIA AGRARIA,INTERIOR,Rural Disperso,4,Oficial,SEDE,Tercera,Dirección Provincial de Educación Técnico Profesional,601500551,Final 2025,95,54,41,7,"""DOBLE ESCOLARIDAD""",616639,0,2,-58.86330256543786,-34.17585937870403
6364,General Rodríguez,18254,"ESCUELA DE EDUCACIÓN SECUNDARIA Nº 2 ""JOSÉ HERNÁNDEZ""",Región 10,0044MS0002,61605200,Educación Común,Nivel Secundario,DR. GARCÍA - 447,237-484-3317,,gfreites3@abc.gob.ar,Estatal,Oficial,ESCUELA DE EDUCACIÓN SECUNDARIA,INTERIOR,Urbano,0,Oficial,SEDE,Primera,Dirección Provincial de Educación Secundaria,604400124,Final 2025,1334,653,681,40,"MAÑANA,TARDE",616052,0,2,-58.9539829329346,-34.61288930993181
6568,Morón,18363,C.E.B.A.S. Nº28,Región 8,0100DS0028,61643700,Educación de Jóvenes y Adultos,Nivel Secundario,SAN MARTÍN - 350,11-4628-5371,,ciroaabraham@gmail.com,Estatal,Oficial,CENTRO ESPECIALIZADO PARA ADULTOS CON ORIENTACIÓN EN SALUD (CEBAS),CONURBANO,Urbano,0,Oficial,SEDE,Segunda,"Dirección de Educación de Jóvenes, Adultos y Adultos Mayores",610000230,Final 2025,96,34,62,6,"MAÑANA,TARDE",616437,0,28,-58.62257753623268,-34.65230677426214
6539,Merlo,18364,C.E.B.A.S. Nº29,Región 8,0071DS0029,61623300,Educación de Jóvenes y Adultos,Nivel Secundario,JULIAN M. CASTRO - 244,220-483-1339,,cebas29merlo@gmail.com,Estatal,Oficial,CENTRO ESPECIALIZADO PARA ADULTOS CON ORIENTACIÓN EN SALUD (CEBAS),CONURBANO,Urbano,0,Oficial,SEDE,Segunda,"Dirección de Educación de Jóvenes, Adultos y Adultos Mayores",607100469,Final 2025,82,23,59,6,"MAÑANA,VESPERTINO",616233,0,29,-58.72408120078612,-34.68106194934909
6638,Pilar,18381,ESCUELA DE EDUCACIÓN SECUNDARIA Nº10,Región 11,0083MS0010,61618800,Educación Común,Nivel Secundario,BATALLA DE CURUPAYTI - 327,2320-40-1213,,media10albertipilar@yahoo.com.ar,Estatal,Oficial,ESCUELA DE EDUCACIÓN SECUNDARIA,INTERIOR,Urbano,1,Oficial,SEDE,Primera,Dirección Provincial de Educación Secundaria,608300136,Final 2025,880,430,450,25,"MAÑANA,TARDE,VESPERTINO",616188,0,10,-58.78419032362377,-34.45339500839705
6805,Tigre,18413,"ESCUELA DE EDUCACIÓN SECUNDARIA Nº12 ""HORACIO QUIROGA""",Región 6,0055MS0012,61624400,Educación Común,Nivel Secundario,RIO SARMIENTO - 402,11-5469-4405,,secundaria12tigre@abc.gob.ar,Estatal,Oficial,ESCUELA DE EDUCACIÓN SECUNDARIA,CONURBANO,Rural Disperso,2,Oficial,SEDE,Tercera,Dirección Provincial de Educación Secundaria,605500350,Final 2025,121,57,64,9,"MAÑANA,TARDE",616244,0,12,-58.55934584918906,-34.38223920923949
6568,Morón,18476,"CENTRO EDUCATIVO NIVEL SECUNDARIO Nº455 ""LA CANTÁBRICA""",Región 8,0100DM0455,61644900,Educación de Jóvenes y Adultos,Nivel Secundario,TRES ARROYOS - 329,11-4489-5307,,cens455moron@gmail.com,Estatal,Oficial,CENTRO EDUCATIVO DE NIVEL SECUNDARIO (C.E.N.S.),CONURBANO,Urbano,0,Oficial,SEDE,Primera,"Dirección de Educación de Jóvenes, Adultos y Adultos Mayores",610000092,Final 2025,154,106,48,12,"MAÑANA,TARDE,VESPERTINO",616449,0,455,-58.6133707909155,-34.64128340471015
6525,Marcos Paz,18582,CENTRO EDUCATIVO NIVEL SECUNDARIO Nº451,Región 10,0067DM0451,61646900,Educación de Jóvenes y Adultos,Nivel Secundario,U. P. Nº24 RUTA NAC 1003 Y E. GOMEZ - S/N,220-477-1025 INT180,,jonathanfar@msn.com,Estatal,Oficial,CENTRO EDUCATIVO DE NIVEL SECUNDARIO (C.E.N.S.),INTERIOR,Rural Disperso,2,Oficial,SEDE,Primera,"Dirección de Educación de Jóvenes, Adultos y Adultos Mayores",606700054,Final 2025,809,809,0,32,"MAÑANA,TARDE",616469,0,451,-58.81555879218413,-34.86201536266621
6371,General San Martín,18687,CENTRO EDUCATIVO NIVEL SECUNDARIO Nº459,Región 7,0045DM0459,61674200,Educación de Jóvenes y Adultos,Nivel Secundario,RIVADAVIA - 4256,11-4842-1748,,0045dm0459@gmail.com,Estatal,Oficial,CENTRO EDUCATIVO DE NIVEL SECUNDARIO (C.E.N.S.),CONURBANO,Urbano,0,Oficial,SEDE,Segunda,"Dirección de Educación de Jóvenes, Adultos y Adultos Mayores",604500069,Final 2025,83,36,47,6,VESPERTINO,616742,0,459,-58.57550824171089,-34.57578785382581
6252,Escobar,18773,C.E.B.A.S. Nº37,Región 11,0116DS0037,61687000,Educación de Jóvenes y Adultos,Nivel Secundario,COLOMBRES - 385,348-48-7533,,cebas37escobar@abc.gob.ar,Estatal,Oficial,CENTRO ESPECIALIZADO PARA ADULTOS CON ORIENTACIÓN EN SALUD (CEBAS),INTERIOR,Urbano,0,Oficial,SEDE,Tercera,"Dirección de Educación de Jóvenes, Adultos y Adultos Mayores",611601534,Final 2025,52,11,41,3,TARDE,616870,0,37,-58.73516789264382,-34.37841589061118
6861,Vicente López,18788,INSTITUTO MUNICIPAL JOSÉ HERNANDEZ,Región 6,3109AM7368,61688400,Educación Artística,Ciclo Medio,J.B. ALBERDI - 1294,11-4513-9875,,institutojosehernandez@gmail.com,Estatal,Municipal,CONSERVATORIO DE MÚSICA,CONURBANO,Urbano,0,"Sin Subvención                ",SEDE,S/Datos,Dirección de Educación de Gestión Privada,610900590,Final 2025,121,66,55,6,"NOCHE,TARDE,VESPERTINO",616884,0,7368,-58.48859225622623,-34.50970019750535
6638,Pilar,18932,"ESCUELA DE EDUCACIÓN SECUNDARIA Nº 11 ""JUANA MANSO""",Región 11,0083MS0011,61700300,Educación Común,Nivel Secundario,AMEGHINO Y  CRUZ - S/N,230-435-4013,,secundaria11pilar@abc.gob.ar,Estatal,Oficial,ESCUELA DE EDUCACIÓN SECUNDARIA,INTERIOR,Urbano,1,Oficial,SEDE,Primera,Dirección Provincial de Educación Secundaria,608302079,Final 2025,957,495,462,29,"MAÑANA,TARDE,VESPERTINO",617003,0,11,-58.86822682148957,-34.482279396696605
6760,San Miguel,19053,"CENTRO EDUCATIVO NIVEL SECUNDARIO Nº453 ""RAFAEL OBLIGADO""",Región 9,0131DM0453,61709400,Educación de Jóvenes y Adultos,Nivel Secundario,RIO DIAMANTE - 1671,11-4668-2594,,jalmarcaliba@abc.gob.ar,Estatal,Oficial,CENTRO EDUCATIVO DE NIVEL SECUNDARIO (C.E.N.S.),CONURBANO,Urbano,1,Oficial,SEDE,Segunda,"Dirección de Educación de Jóvenes, Adultos y Adultos Mayores",613100129,Final 2025,346,79,267,12,VESPERTINO,617094,0,453,-58.68887539946517,-34.58183921932392
6515,Malvinas Argentinas,19059,CENTRO EDUCATIVO NIVEL SECUNDARIO Nº451,Región 9,0133DM0451,61707900,Educación de Jóvenes y Adultos,Nivel Secundario,MASCARDI - 3900,2320-62-7377,,cens451malvinasarg@abc.gob.ar,Estatal,Oficial,CENTRO EDUCATIVO DE NIVEL SECUNDARIO (C.E.N.S.),CONURBANO,Urbano,0,Oficial,SEDE,Segunda,"Dirección de Educación de Jóvenes, Adultos y Adultos Mayores",613300149,Final 2025,260,109,151,14,"NOCHE,VESPERTINO",617079,0,451,-58.75177586739393,-34.47299500743708
6749,San Fernando,19067,"ESCUELA DE EDUCACIÓN SECUNDARIA Nº 26 ""MARÍA ELENA WALSH""",Región 6,0095MS0026,61720500,Educación Común,Nivel Secundario,GANDOLFO - 5241,11-4589-9386,,esb2sanfernando@gmail.com.ar,Estatal,Oficial,ESCUELA DE EDUCACIÓN SECUNDARIA,CONURBANO,Urbano,0,Oficial,SEDE,Segunda,Dirección Provincial de Educación Secundaria,609500622,Final 2025,332,174,158,12,"MAÑANA,TARDE",617205,0,26,-58.58848907860708,-34.469923118656425
6756,San Isidro,19068,"ESCUELA DE EDUCACIÓN SECUNDARIA Nº 21 ""BERTOLT BRECHT""",Región 6,0096MS0021,61720600,Educación Común,Nivel Secundario,FRAY CAYETANO RODRÍGUEZ - 820,11-2844-4989,,secundaria21sanisidro@abc.gob.ar,Estatal,Oficial,ESCUELA DE EDUCACIÓN SECUNDARIA,CONURBANO,Urbano,0,Oficial,SEDE,Segunda,Dirección Provincial de Educación Secundaria,609602240,Final 2025,252,128,124,12,"MAÑANA,TARDE",617206,0,21,-58.56010219585851,-34.523386384373524
6497,Luján,19085,"ESCUELA DE EDUCACIÓN SECUNDARIA Nº19 ""LOLA MORA""",Región 10,0063MS0019,61722300,Educación Común,Nivel Secundario,LAVALLE (E/ RIVADAVIA Y FRANCIA) - 241,2323-58-2330,,secundaria19lujan@abc.gob.ar,Estatal,Oficial,ESCUELA DE EDUCACIÓN SECUNDARIA,INTERIOR,Urbano,0,Oficial,SEDE,Segunda,Dirección Provincial de Educación Secundaria,606300178,Final 2025,349,140,209,12,"MAÑANA,TARDE",617223,0,19,-59.11839505443604,-34.563572288712145
6840,Tres de Febrero,19086,"ESCUELA DE EDUCACIÓN SECUNDARIA N° 36 ""HUGO DEL CARRIL""",Región 7,0117MS0036,61722400,Educación Común,Nivel Secundario,METZIG - 1652,11-4739-0216,,sec36tresdefebrero@abc.gob.ar,Estatal,Oficial,ESCUELA DE EDUCACIÓN SECUNDARIA,CONURBANO,Urbano,0,Oficial,SEDE,Segunda,Dirección Provincial de Educación Secundaria,611700882,Final 2025,242,112,130,12,"MAÑANA,TARDE",617224,0,36,-58.60041244227938,-34.57657903149659
6840,Tres de Febrero,19097,ANEXO DE ESCUELA DE EDUCACIÓN SECUNDARIA Nº15,Región 7,0117MS3151,61879401,Educación Común,Nivel Secundario,ASAMBLEA - 4025,11-4712-7144,,secundaria15tdf@gmail.com,Estatal,Oficial,ESCUELA DE EDUCACIÓN SECUNDARIA,CONURBANO,Urbano,0,Oficial,ANEXO,S/Datos,Dirección Provincial de Educación Secundaria,611700905,Final 2025,161,88,73,9,"INTERMEDIO,MAÑANA",618794,1,3151,-58.55156955059312,-34.60076887448337
6412,José C. Paz,19100,"ESCUELA DE EDUCACIÓN SECUNDARIA Nº 35 ""HÉROE DE MALVINAS JOSÉ CARLOS GRANADO""",Región 9,0132MS0035,61723800,Educación Común,Nivel Secundario,MANSILLA Y MIRANDA - S/N,2320-44-5775,,secundaria35josecpaz@abc.gob.ar,Estatal,Oficial,ESCUELA DE EDUCACIÓN SECUNDARIA,CONURBANO,Urbano,0,Oficial,SEDE,Primera,Dirección Provincial de Educación Secundaria,613200728,Final 2025,536,268,268,21,"MAÑANA,TARDE,VESPERTINO",617238,0,35,-58.75876082425202,-34.51899582489701
6539,Merlo,19103,ESCUELA DE EDUCACIÓN SECUNDARIA Nº67,Región 8,0071MS0067,61724100,Educación Común,Nivel Secundario,ALTOLAGUIRRE E/ PERDRIELY RECONQUISTA - 1002,220-484-0169,,secundaria67merlo@abc.gob.ar,Estatal,Oficial,ESCUELA DE EDUCACIÓN SECUNDARIA,CONURBANO,Urbano,0,Oficial,SEDE,Segunda,Dirección Provincial de Educación Secundaria,607102767,Final 2025,342,160,182,12,"MAÑANA,TARDE",617241,0,67,-58.72665057038749,-34.65351200765921
6749,San Fernando,19104,"ESCUELA DE EDUCACIÓN SECUNDARIA Nº 12 ""ANTONIO BERNI""",Región 6,0095MS0012,61724200,Educación Común,Nivel Secundario,3 DE FEBRERO - 1059,11-4549-1662,,secundaria12sanfernando@abc.gob.ar,Estatal,Oficial,ESCUELA DE EDUCACIÓN SECUNDARIA,CONURBANO,Urbano,0,Oficial,SEDE,Segunda,Dirección Provincial de Educación Secundaria,609500097,Final 2025,331,141,190,12,"MAÑANA,TARDE",617242,0,12,-58.5575640410465,-34.44177385747692
6412,José C. Paz,19118,ESCUELA DE EDUCACIÓN SECUNDARIA Nº15,Región 9,0132MS0015,61725500,Educación Común,Nivel Secundario,"BOULEVARD PTO. PRINCIPE, MANZANA 38, BARRIO LAMAS - S/N",11-6153-1108,,secundaria15josecpaz@abc.gob.ar,Estatal,Oficial,ESCUELA DE EDUCACIÓN SECUNDARIA,CONURBANO,Urbano,1,Oficial,SEDE,Primera,Dirección Provincial de Educación Secundaria,613200553,Final 2025,663,315,348,22,"MAÑANA,TARDE",617255,0,15,-58.81249380544539,-34.51285646227542
6805,Tigre,19125,"ESCUELA DE EDUCACION SECUNDARIA Nº21 ""DR. RENÉ G. FAVALORO""",Región 6,0055MS0021,61726200,Educación Común,Nivel Secundario,JUJUY E/ SAN MARTÍN Y MORENO - 2748,3327-49-3204,,secundaria21tigre@abc.gob.ar,Estatal,Oficial,ESCUELA DE EDUCACIÓN SECUNDARIA,CONURBANO,Urbano,0,Oficial,SEDE,Primera,Dirección Provincial de Educación Secundaria,605500172,Final 2025,632,298,334,21,"MAÑANA,TARDE",617262,0,21,-58.68825671877177,-34.413235095422905
6539,Merlo,19128,ESCUELA DE EDUCACIÓN SECUNDARIA N°76,Región 8,0071MS0076,61726500,Educación Común,Nivel Secundario,BERMEJO - 3520,220-493-2334,,secundaria76merlo@abc.gob.ar,Estatal,Oficial,ESCUELA DE EDUCACIÓN SECUNDARIA,CONURBANO,Urbano,1,Oficial,SEDE,Segunda,Dirección Provincial de Educación Secundaria,607101679,Final 2025,490,243,247,16,"MAÑANA,TARDE",617265,0,76,-58.709764431878206,-34.707869097049496
6364,General Rodríguez,19130,"ESCUELA DE EDUCACIÓN SECUNDARIA Nº 6 ""DR. RENÉ FAVALORO""",Región 10,0044MS0006,61726700,Educación Común,Nivel Secundario,AVELLANEDA - 935,237-484-1606,,secundaria6grodriguez@abc.gob.ar,Estatal,Oficial,ESCUELA DE EDUCACIÓN SECUNDARIA,INTERIOR,Urbano,0,Oficial,SEDE,Primera,Dirección Provincial de Educación Secundaria,604400772,Final 2025,917,473,444,26,"MAÑANA,TARDE,VESPERTINO",617267,0,6,-58.94964812952976,-34.60574790819531
6568,Morón,19132,ESCUELA DE EDUCACIÓN SECUNDARIA Nº49,Región 8,0100MS0049,61726900,Educación Común,Nivel Secundario,MAESTRA CUETO E/INDEPENDENCIA Y CABILDO - 750,11-4627-3616,70334,secundaria49moron@abc.gob.ar,Estatal,Oficial,ESCUELA DE EDUCACIÓN SECUNDARIA,CONURBANO,Urbano,0,Oficial,SEDE,Segunda,Dirección Provincial de Educación Secundaria,610000966,Final 2025,267,145,122,14,"MAÑANA,TARDE",617269,0,49,-58.61914273647552,-34.64720513294361
6515,Malvinas Argentinas,19133,ESCUELA DE EDUCACIÓN SECUNDARIA Nº29,Región 9,0133MS0029,61727000,Educación Común,Nivel Secundario,BACACAY (E/ LOURDES Y RUTA 8) - 141,2320-44-4201,,jdubs@abc.gob.ar,Estatal,Oficial,ESCUELA DE EDUCACIÓN SECUNDARIA,CONURBANO,Urbano,0,Oficial,SEDE,Primera,Dirección Provincial de Educación Secundaria,613300033,Final 2025,585,308,277,18,"MAÑANA,TARDE",617270,0,29,-58.72612462711216,-34.50960888196187
6412,José C. Paz,19144,"ESCUELA DE EDUCACIÓN SECUNDARIA Nº 12 ""MADRES Y ABUELAS DE PLAZA DE MAYO""",Región 9,0132MS0012,61728100,Educación Común,Nivel Secundario,JUAN DÍAZ DE SOLÍS - 4505,11-6805-1151,,secundaria12josecpaz@abc.gob.ar,Estatal,Oficial,ESCUELA DE EDUCACIÓN SECUNDARIA,CONURBANO,Urbano,1,Oficial,SEDE,Segunda,Dirección Provincial de Educación Secundaria,613200530,Final 2025,472,229,243,18,"MAÑANA,TARDE",617281,0,12,-58.76854885654389,-34.54554375414061
6568,Morón,19146,ESCUELA DE EDUCACIÓN SECUNDARIA Nº37,Región 8,0100MS0037,61728300,Educación Común,Nivel Secundario,BERUTTI - 1142,11-5844-8852,,secundaria37moron@abc.gob.ar,Estatal,Oficial,ESCUELA DE EDUCACIÓN SECUNDARIA,CONURBANO,Urbano,0,Oficial,SEDE,Segunda,Dirección Provincial de Educación Secundaria,610000847,Final 2025,219,127,92,12,"MAÑANA,TARDE",617283,0,37,-58.62235186871638,-34.639319432924296
6638,Pilar,19151,"ESCUELA DE EDUCACIÓN SECUNDARIA Nº 24 ""JUANA AZURDUY""",Región 11,0083MS0024,61728800,Educación Común,Nivel Secundario,PRESIDENTE PERÓN - 350,2322-449-5066,,secundaria24pilar@abc.gob.ar,Estatal,Oficial,ESCUELA DE EDUCACIÓN SECUNDARIA,INTERIOR,Urbano,1,Oficial,SEDE,Primera,Dirección Provincial de Educación Secundaria,608302261,Final 2025,810,389,421,21,"MAÑANA,TARDE,VESPERTINO",617288,0,24,-58.859123987498464,-34.43180014837499
6560,Moreno,19156,ESCUELA DE EDUCACIÓN SECUNDARIA Nº39,Región 9,0073MS0039,61729300,Educación Común,Nivel Secundario,URUGUAY - 54,237-466-3911,,secundaria.39.moreno@gmail.com,Estatal,Oficial,ESCUELA DE EDUCACIÓN SECUNDARIA,CONURBANO,Urbano,0,Oficial,SEDE,Primera,Dirección Provincial de Educación Secundaria,607301474,Final 2025,681,303,378,21,"MAÑANA,TARDE",617293,0,39,-58.78718300894416,-34.65045013845276
6560,Moreno,19157,"ESCUELA DE EDUCACIÓN SECUNDARIA Nº29 ""VICTORIA OCAMPO""",Región 9,0073MS0029,61729400,Educación Común,Nivel Secundario,PAYRO E/ MADARIAGA Y SANCHEZ - 6050,231-469-1789,,lilianatutzauer@hotmail.com,Estatal,Oficial,ESCUELA DE EDUCACIÓN SECUNDARIA,CONURBANO,Urbano,1,Oficial,SEDE,Segunda,Dirección Provincial de Educación Secundaria,607300206,Final 2025,427,212,215,18,"MAÑANA,TARDE",617294,0,29,-58.79982745939073,-34.602169672631575
6252,Escobar,19159,"ESCUELA DE EDUCACIÓN SECUNDARIA Nº7 ""MARIANO MORENO""",Región 11,0116MS0007,61729600,Educación Común,Nivel Secundario,GENERAL PAZ - 1020,11-15-2608-3181,,0116ms0007@gmail.com,Estatal,Oficial,ESCUELA DE EDUCACIÓN SECUNDARIA,INTERIOR,Urbano,1,Oficial,SEDE,Segunda,Dirección Provincial de Educación Secundaria,611600576,Final 2025,431,223,208,15,"MAÑANA,TARDE",617296,0,7,-58.752533067646354,-34.41933308705198
6252,Escobar,19162,"ESCUELA DE EDUCACIÓN SECUNDARIA Nº 14 ""JUANA UZURDUY""",Región 11,0116MS0014,61729900,Educación Común,Nivel Secundario,LAMBARÉ - 800,3488-444-2967,,bs11602@yahoo.com.ar,Estatal,Oficial,ESCUELA DE EDUCACIÓN SECUNDARIA,INTERIOR,Urbano,1,Oficial,SEDE,Segunda,Dirección Provincial de Educación Secundaria,611600609,Final 2025,402,210,192,14,"MAÑANA,TARDE,VESPERTINO",617299,0,14,-58.7539997036228,-34.395702064798094
6410,Ituzaingó,19163,ANEXO I DE ESCUELA DE EDUCACIÓN SECUNDARIA Nº6,Región 8,0136MS3061,60567001,Educación Común,Nivel Secundario,JOSÉ MARIA BERNASCONI Y ESPACIO VERDE - S/N,11-4481-3691,,mm136006@abc.gov.ar,Estatal,Oficial,ESCUELA DE EDUCACIÓN SECUNDARIA,CONURBANO,Urbano,0,Oficial,ANEXO,Primera,Dirección Provincial de Educación Secundaria,613600474,Final 2025,239,133,106,10,"MAÑANA,TARDE",605670,1,3061,-58.68778094863111,-34.63458302998244
6126,Campana,19167,ESCUELA DE EDUCACIÓN SECUNDARIA Nº22,Región 11,0015MS0022,61730400,Educación Común,Nivel Secundario,PADRE ROZA Y BALBIN - 1018,3489-43-2398,,secundaria22campana@abc.gob.ar,Estatal,Oficial,ESCUELA DE EDUCACIÓN SECUNDARIA,INTERIOR,Urbano,0,Oficial,SEDE,Segunda,Dirección Provincial de Educación Secundaria,601500653,Final 2025,280,125,155,14,"MAÑANA,TARDE",617304,0,22,-58.96740450139334,-34.17546681781844
6408,Hurlingham,19179,"ESCUELA DE EDUCACIÓN SECUNDARIA Nº14 ""MARÍA ELENA WALSH""",Región 7,0135MS0014,61731600,Educación Común,Nivel Secundario,ALBARIÑOS - 2166,11-4452-5290,,secundaria14hurlingham@abc.gob.ar,Estatal,Oficial,ESCUELA DE EDUCACIÓN SECUNDARIA,CONURBANO,Urbano,0,Oficial,SEDE,Segunda,Dirección Provincial de Educación Secundaria,613501152,Final 2025,172,90,82,9,"MAÑANA,TARDE,VESPERTINO",617316,0,14,-58.6454024921063,-34.58643122572072
6515,Malvinas Argentinas,19181,ESCUELA DE EDUCACIÓN SECUNDARIA Nº17 “HEROÍNAS DE MALVINAS”,Región 9,0133MS0017,61731800,Educación Común,Nivel Secundario,MASCARDI Y PANAMA - S/N,2320-62-5333,,claudialobodir@hotmail.com,Estatal,Oficial,ESCUELA DE EDUCACIÓN SECUNDARIA,CONURBANO,Urbano,1,Oficial,SEDE,Segunda,Dirección Provincial de Educación Secundaria,613300149,Final 2025,497,254,243,15,"MAÑANA,TARDE",617318,0,17,-58.75184252379871,-34.472913138087065
6126,Campana,19251,"ESCUELA DE EDUCACIÓN SECUNDARIA Nº25 ""FRANCISCO ÁLVAREZ CAMPANA""",Región 11,0015MS0025,61734200,Educación Común,Nivel Secundario,MARCELINO SÍVORI - 792,3489-50-8084,,secundaria25campana@abc.gob.ar,Estatal,Oficial,ESCUELA DE EDUCACIÓN SECUNDARIA,INTERIOR,Urbano,0,Oficial,SEDE,Tercera,Dirección Provincial de Educación Secundaria,601500099,Final 2025,125,72,53,8,"MAÑANA,TARDE",617342,0,25,-58.95953729484289,-34.17206824127879
6126,Campana,19252,"ESCUELA DE EDUCACIÓN SECUNDARIA Nº26 ""GRANADEROS DE SAN MARTÍN""",Región 11,0015MS0026,61734300,Educación Común,Nivel Secundario,25 DE MAYO E/ LAS HERAS Y BALCARCE - 1290,3489-55-5163,,secundaria26campana@abc.gob.ar,Estatal,Oficial,ESCUELA DE EDUCACIÓN SECUNDARIA,INTERIOR,Urbano,0,Oficial,SEDE,Segunda,Dirección Provincial de Educación Secundaria,601500676,Final 2025,267,138,129,12,MAÑANA,617343,0,26,-58.9699272851373,-34.16176935194934
6371,General San Martín,19262,ESCUELA DE EDUCACIÓN SECUNDARIA Nº24,Región 7,0045MS0024,61735300,Educación Común,Nivel Secundario,SARMIENTO E/ GÜEMES Y SAN MARTÍN - 1352,11-4841-4414,,secundaria24sanmartin@abc.gob.ar,Estatal,Oficial,ESCUELA DE EDUCACIÓN SECUNDARIA,CONURBANO,Urbano,1,Oficial,SEDE,Segunda,Dirección Provincial de Educación Secundaria,604500180,Final 2025,410,205,205,16,"MAÑANA,TARDE",617353,0,24,-58.60315740872913,-34.55503051476263
6408,Hurlingham,19274,"ESCUELA DE EDUCACIÓN SECUNDARIA Nº 25 ""EVA DUARTE""",Región 7,0135MS0025,61736500,Educación Común,Nivel Secundario,AV. PEDRO DÍAZ - 425,11-4459-7731,,secundaria25hurlingham@gmail.com,Estatal,Oficial,ESCUELA DE EDUCACIÓN SECUNDARIA,CONURBANO,Urbano,0,Oficial,SEDE,Segunda,Dirección Provincial de Educación Secundaria,613500111,Final 2025,272,132,140,11,"MAÑANA,TARDE",617365,0,25,-58.63757572638188,-34.613063562810304
6371,General San Martín,19336,ESCUELA DE EDUCACIÓN SECUNDARIA Nº54,Región 7,0045MS0054,61742600,Educación Común,Nivel Secundario,JOSÉ HERNANDEZ - 3897,11-4738-4681,84220,secundaria54sanmartin@abc.gob,Estatal,Oficial,ESCUELA DE EDUCACIÓN SECUNDARIA,CONURBANO,Urbano,0,Oficial,SEDE,Segunda,Dirección Provincial de Educación Secundaria,604500076,Final 2025,247,127,120,9,"MAÑANA,TARDE",617426,0,54,-58.5625978337362,-34.559346825552026
6371,General San Martín,19337,ESCUELA DE EDUCACIÓN SECUNDARIA N°45,Región 7,0045MS0045,61742700,Educación Común,Nivel Secundario,ESTRADA ESQ. LAS HERAS - 2985,11-4755-0793,,secundaria45sanmartin@abc.gob.ar,Estatal,Oficial,ESCUELA DE EDUCACIÓN SECUNDARIA,CONURBANO,Urbano,0,Oficial,SEDE,Segunda,Dirección Provincial de Educación Secundaria,604502206,Final 2025,142,88,54,7,TARDE,617427,0,45,-58.52997694068204,-34.573506197352465
6371,General San Martín,19338,ESCUELA DE EDUCACIÓN SECUNDARIA Nº56,Región 7,0045MS0056,61742800,Educación Común,Nivel Secundario,INGENIERO HUERGO E/ SAENZ Y MEDRANO - 8630,11-4722-4176,,secundaria56sanmartin@abc.gob.ar,Estatal,Oficial,ESCUELA DE EDUCACIÓN SECUNDARIA,CONURBANO,Urbano,0,Oficial,SEDE,Segunda,Dirección Provincial de Educación Secundaria,604501145,Final 2025,224,105,119,8,"MAÑANA,TARDE",617428,0,56,-58.57742354908429,-34.516977834367445
6515,Malvinas Argentinas,19340,"ESCUELA DE EDUCACIÓN SECUNDARIA Nº33 ""ALEXANDER FLEMING""",Región 9,0133MS0033,61743000,Educación Común,Nivel Secundario,SAN MARTÍN - 3080,11-4660-4888,,kamarin@abc.gob.ar,Estatal,Oficial,ESCUELA DE EDUCACIÓN SECUNDARIA,CONURBANO,Urbano,0,Oficial,SEDE,Segunda,Dirección Provincial de Educación Secundaria,613301596,Final 2025,271,144,127,12,"MAÑANA,TARDE",617430,0,33,-58.69329993240216,-34.49796854252753
6412,José C. Paz,19341,ESCUELA DE EDUCACIÓN SECUNDARIA Nº26,Región 9,0132MS0026,61743100,Educación Común,Nivel Secundario,GIRONDO - 1541,2320-42-2250,,secundaria26josecpaz@abc.gob.ar,Estatal,Oficial,ESCUELA DE EDUCACIÓN SECUNDARIA,CONURBANO,Urbano,0,Oficial,SEDE,Primera,Dirección Provincial de Educación Secundaria,613200054,Final 2025,341,151,190,12,"MAÑANA,TARDE",617431,0,26,-58.75060163955337,-34.517410838139284
6760,San Miguel,19342,ESCUELA DE EDUCACIÓN SECUNDARIA Nº 39,Región 9,0131MS0039,62489800,Educación Común,Nivel Secundario,AV. PRIMERA JUNTA - 1108,11-4667-0174,70382,amorales15@abc.gob.ar,Estatal,Oficial,ESCUELA DE EDUCACIÓN SECUNDARIA,CONURBANO,Urbano,0,Oficial,SEDE,Segunda,Dirección Provincial de Educación Secundaria,613100027,Final 2025,270,143,127,12,"MAÑANA,TARDE",624898,0,39,-58.72389557772964,-34.53300311579975
6515,Malvinas Argentinas,19344,ANEXO I A ESCUELA DE EDUCACIÓN SECUNDARIA Nº5,Región 9,0133MS3051,60788201,Educación Común,Nivel Secundario,GUAYAQUIL ESQUINA ING. PABLO NOGUES - 3061,2320-41-0838/412130,,secundario5malvinasarg@abc.gob.ar,Estatal,Oficial,ESCUELA DE EDUCACIÓN SECUNDARIA,CONURBANO,Urbano,0,Oficial,ANEXO,Primera,Dirección Provincial de Educación Secundaria,613301614,Final 2025,330,174,156,12,"MAÑANA,TARDE",607882,1,3051,-58.70159379521621,-34.487542612218554
6638,Pilar,19345,ESCUELA DE EDUCACIÓN SECUNDARIA Nº30,Región 11,0083MS0030,61743500,Educación Común,Nivel Secundario,MITRE - 1394,2320-40-0678,,mfcsm@hotmail.com,Estatal,Oficial,ESCUELA DE EDUCACIÓN SECUNDARIA,INTERIOR,Urbano,1,Oficial,SEDE,Primera,Dirección Provincial de Educación Secundaria,608300883,Final 2025,604,249,355,20,"MAÑANA,TARDE,VESPERTINO",617435,0,30,-58.80531075517351,-34.44282126981497
6515,Malvinas Argentinas,19347,"ESCUELA DE EDUCACIÓN SECUNDARIA Nº 34 ""JUAN BIALET MASSE""",Región 9,0133MS0034,61743700,Educación Común,Nivel Secundario,PERITO MORENO - 2048,11-4660-1889,,obs1330005@abc.gov.ar,Estatal,Oficial,ESCUELA DE EDUCACIÓN SECUNDARIA,CONURBANO,Urbano,0,Oficial,SEDE,Segunda,Dirección Provincial de Educación Secundaria,613300120,Final 2025,299,140,159,12,"MAÑANA,TARDE",617437,0,34,-58.69872776911001,-34.507666910928
6515,Malvinas Argentinas,19348,ESCUELA DE EDUCACIÓN SECUNDARIA Nº36,Región 9,0133MS0036,61743800,Educación Común,Nivel Secundario,LUIS VERNET - 782,2320-48-0305,,secundario36malvinasarg@abc.gob.ar,Estatal,Oficial,ESCUELA DE EDUCACIÓN SECUNDARIA,CONURBANO,Urbano,1,Oficial,SEDE,Segunda,Dirección Provincial de Educación Secundaria,613300046,Final 2025,479,261,218,14,"MAÑANA,TARDE",617438,0,36,-58.7360281094445,-34.4888450869556
6515,Malvinas Argentinas,19349,"ESCUELA DE EDUCACIÓN SECUNDARIA Nº8 ""HÉROES DE MALVINAS""",Región 9,0133MS0008,61743900,Educación Común,Nivel Secundario,ESTADO DE ISRAEL - 2965,11-4463-8953,,sec8.heroesdemalvinas@gmail.com,Estatal,Oficial,ESCUELA DE EDUCACIÓN SECUNDARIA,CONURBANO,Urbano,0,Oficial,SEDE,Primera,Dirección Provincial de Educación Secundaria,613300623,Final 2025,643,297,346,21,"MAÑANA,TARDE",617439,0,8,-58.67307610370949,-34.51467514736631
6412,José C. Paz,19350,ESCUELA DE EDUCACIÓN SECUNDARIA N°38,Región 9,0132MS0038,62400500,Educación Común,Nivel Secundario,VALENTÍN ALSINA Y CORBETA URUGUAY - S/N,2320-44-5939,,glamafer1969@yhoo.com,Estatal,Oficial,ESCUELA DE EDUCACIÓN SECUNDARIA,CONURBANO,Urbano,1,Oficial,SEDE,Segunda,Dirección Provincial de Educación Secundaria,613200759,Final 2025,511,263,248,15,"MAÑANA,TARDE,VESPERTINO",624005,0,38,-58.796584879587954,-34.51755420536194
6412,José C. Paz,19351,ESCUELA DE EDUCACIÓN SECUNDARIA Nº13,Región 9,0132MS0013,61744100,Educación Común,Nivel Secundario,CHILE - 995,2320-44-5694,,vanesa_acosta1978@hotmail.com,Estatal,Oficial,ESCUELA DE EDUCACIÓN SECUNDARIA,CONURBANO,Urbano,0,Oficial,SEDE,Segunda,Dirección Provincial de Educación Secundaria,613200548,Final 2025,360,190,170,12,"MAÑANA,TARDE",617441,0,13,-58.73153890169828,-34.52519584371284
6515,Malvinas Argentinas,19352,"ESCUELA DE EDUCACIÓN SECUNDARIA Nº 28 ""MARIANO MORENO""",Región 9,0133MS0028,61744200,Educación Común,Nivel Secundario,PERITO MORENO E/ MAZZA Y VERDI - S/N,11-5413-1073,,secundario28malvinasarg@abc.gob.ar,Estatal,Oficial,ESCUELA DE EDUCACIÓN SECUNDARIA,CONURBANO,Urbano,0,Oficial,SEDE,Segunda,Dirección Provincial de Educación Secundaria,613300804,Final 2025,333,188,145,12,"MAÑANA,TARDE",617442,0,28,-58.708694664559495,-34.516142978298674
6412,José C. Paz,19353,ESCUELA DE EDUCACIÓN SECUNDARIA Nº29,Región 9,0132MS0029,61744300,Educación Común,Nivel Secundario,AGRELO - 4253,2320-44-4469,,juacabrera2@abc.gob.ar,Estatal,Oficial,ESCUELA DE EDUCACIÓN SECUNDARIA,CONURBANO,Urbano,1,Oficial,SEDE,Primera,Dirección Provincial de Educación Secundaria,613200049,Final 2025,839,430,409,23,"MAÑANA,TARDE,VESPERTINO",617443,0,29,-58.788242924770586,-34.51911487085425
6412,José C. Paz,19354,"ESCUELA DE EDUCACIÓN SECUNDARIA Nº 27 ""SAN GABRIEL""",Región 9,0132MS0027,61744400,Educación Común,Nivel Secundario,CRISTOBAL COLÓN - 4209,2320-44-5566,,secundaria27josecpaz@abc.gob.ar,Estatal,Oficial,ESCUELA DE EDUCACIÓN SECUNDARIA,CONURBANO,Urbano,0,Oficial,SEDE,Segunda,Dirección Provincial de Educación Secundaria,613200650,Final 2025,300,160,140,10,"MAÑANA,TARDE",617444,0,27,-58.77562029683863,-34.53238816727973
6412,José C. Paz,19355,ESCUELA DE EDUCACIÓN SECUNDARIA N°37,Región 9,0132MS0037,62400400,Educación Común,Nivel Secundario,GRITO DE ASENCIO Y BELA BARTOK - S/N,2320-44-5700,,alegomez12003@yahoo.com.ar,Estatal,Oficial,ESCUELA DE EDUCACIÓN SECUNDARIA,CONURBANO,Urbano,1,Oficial,SEDE,Segunda,Dirección Provincial de Educación Secundaria,613200744,Final 2025,487,254,233,14,"MAÑANA,TARDE",624004,0,37,-58.80068072133766,-34.50390805361343
6412,José C. Paz,19356,"ESCUELA DE EDUCACIÓN SECUNDARIA Nº14 ""BASE ESPERANZA""",Región 9,0132MS0014,61744600,Educación Común,Nivel Secundario,UGARTECHE E/ CONGRESO Y LAPRIDA - 1977,2320-46-8684,,secundaria14josecpaz@abc.gob.ar,Estatal,Oficial,ESCUELA DE EDUCACIÓN SECUNDARIA,CONURBANO,Urbano,0,Oficial,SEDE,Primera,Dirección Provincial de Educación Secundaria,613200077,Final 2025,622,304,318,22,"MAÑANA,TARDE",617446,0,14,-58.76642275384848,-34.50459432629271
6412,José C. Paz,19357,"ESCUELA DE EDUCACIÓN SECUNDARIA Nº 25 ""MERCEDES SOSA""",Región 9,0132MS0025,61744700,Educación Común,Nivel Secundario,AYACUCHO E/SANTA MARTA Y JOSÉ ANTONIO PÁEZ - S/N,2320-45-5878,,secundaria25josecpaz@abc.gob.ar,Estatal,Oficial,ESCUELA DE EDUCACIÓN SECUNDARIA,CONURBANO,Urbano,1,Oficial,SEDE,Primera,Dirección Provincial de Educación Secundaria,613200645,Final 2025,571,306,265,19,"MAÑANA,TARDE,VESPERTINO",617447,0,25,-58.7939849782236,-34.52937289334404
6760,San Miguel,19358,ESCUELA DE EDUCACIÓN SECUNDARIA Nº12,Región 9,0131MS0012,61744800,Educación Común,Nivel Secundario,EMILIO LAMARCA Y JUAN NEPPER - S/N,11-4468-2683,,secundaria12sanmiguel@abc.gob.ar,Estatal,Oficial,ESCUELA DE EDUCACIÓN SECUNDARIA,CONURBANO,Urbano,1,Oficial,SEDE,Primera,Dirección Provincial de Educación Secundaria,613100661,Final 2025,674,353,321,24,"MAÑANA,TARDE",617448,0,12,-58.72175164462201,-34.59507204164101
6515,Malvinas Argentinas,19359,ESCUELA DE EDUCACIÓN SECUNDARIA Nº26,Región 9,0133MS0026,61744900,Educación Común,Nivel Secundario,MASCARDI E/ NAZCA Y PASCO - S/N,2320-41-2729,,secundario26malvinasarg@abc.ob.ar,Estatal,Oficial,ESCUELA DE EDUCACIÓN SECUNDARIA,CONURBANO,Urbano,1,Oficial,SEDE,Primera,Dirección Provincial de Educación Secundaria,613300787,Final 2025,642,316,326,18,"MAÑANA,TARDE",617449,0,26,-58.73208670203814,-34.49841589962625
6515,Malvinas Argentinas,19360,"ESCUELA DE EDUCACIÓN SECUNDARIA Nº 37 ""MARÍA REMEDIOS DEL VALLE""",Región 9,0133MS0037,61745000,Educación Común,Nivel Secundario,AGRELO Y JOSÉ HERNÁNDEZ - 29,2320-41-6238,,esb310@gmail.com,Estatal,Oficial,ESCUELA DE EDUCACIÓN SECUNDARIA,CONURBANO,Urbano,1,Oficial,SEDE,Primera,Dirección Provincial de Educación Secundaria,613300051,Final 2025,585,298,287,16,"MAÑANA,TARDE",617450,0,37,-58.74290836572786,-34.49426909204461
6515,Malvinas Argentinas,19361,ESCUELA DE EDUCACIÓN SECUNDARIA Nº18,Región 9,0133MS0018,61745100,Educación Común,Nivel Secundario,VALPARAISO (ESQ. MAURE) - 1155,2320-41-2024,,secundario18malvinasarg@abc.gob.arg,Estatal,Oficial,ESCUELA DE EDUCACIÓN SECUNDARIA,CONURBANO,Urbano,1,Oficial,SEDE,Segunda,Dirección Provincial de Educación Secundaria,613300718,Final 2025,425,211,214,15,"MAÑANA,TARDE",617451,0,18,-58.714767072541655,-34.484851684757075
6412,José C. Paz,19362,ESCUELA DE EDUCACIÓN SECUNDARIA Nº11,Región 9,0132MS0011,61745200,Educación Común,Nivel Secundario,ALSINA E/ TAPI Y HUACHI - 793,2320-45-5886,,secundaria11josecpaz@abc.gob.ar,Estatal,Oficial,ESCUELA DE EDUCACIÓN SECUNDARIA,CONURBANO,Urbano,1,Oficial,SEDE,Primera,Dirección Provincial de Educación Secundaria,613200524,Final 2025,594,268,326,20,"MAÑANA,TARDE",617452,0,11,-58.79883713002898,-34.529567122624265
6412,José C. Paz,19364,"ESCUELA DE EDUCACIÓN SECUNDARIA Nº17 ""RUNA HUASI""",Región 9,0132MS0017,61745400,Educación Común,Nivel Secundario,ALTUBE Y RODRIGO DE TRIANA - 4771,2320-44-5720,,secundaria17josecpaz@abc.gob.ar,Estatal,Oficial,ESCUELA DE EDUCACIÓN SECUNDARIA,CONURBANO,Urbano,1,Oficial,SEDE,Primera,Dirección Provincial de Educación Secundaria,613200576,Final 2025,670,314,356,21,"MAÑANA,TARDE,VESPERTINO",617454,0,17,-58.77978142667096,-34.538657093050055
6515,Malvinas Argentinas,19365,ESCUELA DE EDUCACIÓN SECUNDARIA Nº30 “ALMAFUERTE”,Región 9,0133MS0030,61745500,Educación Común,Nivel Secundario,CAPITAN GIACHIINO - 1020,11-4463-0815,,alicialencinab@yahoo.com.ar,Estatal,Oficial,ESCUELA DE EDUCACIÓN SECUNDARIA,CONURBANO,Urbano,1,Oficial,SEDE,Segunda,Dirección Provincial de Educación Secundaria,613300815,Final 2025,413,207,206,15,"MAÑANA,TARDE",617455,0,30,-58.68960653773903,-34.471705977964525
6412,José C. Paz,19366,ESCUELA DE EDUCACIÓN SECUNDARIA Nº20,Región 9,0132MS0020,61745600,Educación Común,Nivel Secundario,CARMEN PUCH E/ PASTEUR Y AGRELO - 1781,2320-44-6227,,lsecundaria20josecpaz@abc.gob.ar,Estatal,Oficial,ESCUELA DE EDUCACIÓN SECUNDARIA,CONURBANO,Urbano,1,Oficial,SEDE,Primera,Dirección Provincial de Educación Secundaria,613200595,Final 2025,523,289,234,17,"MAÑANA,TARDE,VESPERTINO",617456,0,20,-58.78166764224731,-34.514307846129824
6760,San Miguel,19367,ESCUELA DE EDUCACIÓN SECUNDARIA Nº11,Región 9,0131MS0011,61745700,Educación Común,Nivel Secundario,RÍO TUNUYAN Y SANTA CLARA - S/N,11-4666-4178,,secundaria11sanmiguel@abc.gob.ar,Estatal,Oficial,ESCUELA DE EDUCACIÓN SECUNDARIA,CONURBANO,Urbano,1,Oficial,SEDE,Primera,Dirección Provincial de Educación Secundaria,613100657,Final 2025,609,298,311,20,"MAÑANA,TARDE,VESPERTINO",617457,0,11,-58.69564494055874,-34.57797631646108
6412,José C. Paz,19368,"ESCUELA DE EDUCACIÓN SECUNDARIA Nº24  ""FLOREAL AVELLANEDA""",Región 9,0132MS0024,61745800,Educación Común,Nivel Secundario,VIENA Y SALVADOR MARÍA DEL CARRIL - 3394,46-8730,,secundaria24josecpaz@abc.gob.ar,Estatal,Oficial,ESCUELA DE EDUCACIÓN SECUNDARIA,CONURBANO,Urbano,1,Oficial,SEDE,Primera,Dirección Provincial de Educación Secundaria,613200632,Final 2025,761,393,368,28,"MAÑANA,TARDE",617458,0,24,-58.78239381388104,-34.506918274121105
6412,José C. Paz,19370,"ESCUELA DE EDUCACIÓN SECUNDARIA Nº 22 ""RENÉ FAVALORO""",Región 9,0132MS0022,61746000,Educación Común,Nivel Secundario,FRAGATA SARMIENTO - 1057,2320-44-5946,,ees22jcp@gmail.com.ar,Estatal,Oficial,ESCUELA DE EDUCACIÓN SECUNDARIA,CONURBANO,Urbano,1,Oficial,SEDE,Segunda,Dirección Provincial de Educación Secundaria,613200613,Final 2025,405,199,206,13,"MAÑANA,TARDE",617460,0,22,-58.78888495139998,-34.52470538627072
6805,Tigre,19372,ESCUELA DE EDUCACIÓN SECUNDARIA N°38,Región 6,0055MS0038,61746200,Educación Común,Nivel Secundario,OZANAM ESQ. EL CANO - 3419,11-4727-1472,47507,secundaria38tigre@abc.gob.ar,Estatal,Oficial,ESCUELA DE EDUCACIÓN SECUNDARIA,CONURBANO,Urbano,0,Oficial,SEDE,Segunda,Dirección Provincial de Educación Secundaria,605501187,Final 2025,309,155,154,12,"MAÑANA,TARDE",617462,0,38,-58.611575967855664,-34.48213804163678
6805,Tigre,19373,"ESCUELA DE EDUCACIÓN SECUNDARIA N°42 ""MARÍA ELENA WALSH""",Región 6,0055MS0042,61746300,Educación Común,Nivel Secundario,HUERGO - S/N,11-4519-6512,,ees42tigre@gmail.com,Estatal,Oficial,ESCUELA DE EDUCACIÓN SECUNDARIA,CONURBANO,Urbano,0,Oficial,SEDE,Segunda,Dirección Provincial de Educación Secundaria,605501207,Final 2025,279,145,134,12,"MAÑANA,TARDE",617463,0,42,-58.65263717066805,-34.491539406817694
6805,Tigre,19374,"ESCUELA DE EDUCACIÓN SECUNDARIA N°37 ""JUAN DOMINGO HORISBERGER""",Región 6,0055MS0037,61746400,Educación Común,Nivel Secundario,CRUZ DEL SUR - 2058,11-4506-6244,,secundaria37tigre@abc.gob.ar,Estatal,Oficial,ESCUELA DE EDUCACIÓN SECUNDARIA,CONURBANO,Urbano,0,Oficial,SEDE,Segunda,Dirección Provincial de Educación Secundaria,605500117,Final 2025,361,167,194,16,"MAÑANA,TARDE",617464,0,37,-58.66120410618374,-34.45822754786257
6805,Tigre,19375,ESCUELA DE EDUCACIÓN SECUNDARIA Nº23,Región 6,0055MS0023,61746500,Educación Común,Nivel Secundario,INDEPENDENCIA (ESQ. GENERAL PACHECO) - 161,11-4726-6550,,secundaria23tigre@gmail.com,Estatal,Oficial,ESCUELA DE EDUCACIÓN SECUNDARIA,CONURBANO,Urbano,0,Oficial,SEDE,Segunda,Dirección Provincial de Educación Secundaria,605501102,Final 2025,348,176,172,15,"MAÑANA,TARDE",617465,0,23,-58.630917304888825,-34.47208645492545
6539,Merlo,19419,ESCUELA DE EDUCACIÓN SECUNDARIA Nº46,Región 8,0071MS0046,61750900,Educación Común,Nivel Secundario,TORRENT E/ BARILOCHE Y CUENCA - S/N,220-487-2565,,secundaria46merlo@abc.gob.ar,Estatal,Oficial,ESCUELA DE EDUCACIÓN SECUNDARIA,CONURBANO,Urbano,1,Oficial,SEDE,Segunda,Dirección Provincial de Educación Secundaria,607101434,Final 2025,308,164,144,14,"MAÑANA,TARDE",617509,0,46,-58.726013894727686,-34.69682077408227
6539,Merlo,19420,ESCUELA DE EDUCACIÓN SECUNDARIA Nº45,Región 8,0071MS0045,61751000,Educación Común,Nivel Secundario,25 DE MAYO - 2893,220-487-0865,,secundaria45merlo@abc.gob.ar,Estatal,Oficial,ESCUELA DE EDUCACIÓN SECUNDARIA,CONURBANO,Urbano,0,Oficial,SEDE,Primera,Dirección Provincial de Educación Secundaria,607101423,Final 2025,562,281,281,24,"MAÑANA,TARDE,VESPERTINO",617510,0,45,-58.72860016197271,-34.68756491261467
6539,Merlo,19421,ESCUELA DE EDUCACIÓN SECUNDARIA Nº33,Región 8,0071MS0033,61751100,Educación Común,Nivel Secundario,FILIBERTO - 1168,220-489-1593,,secundaria33merlo@abc.gob.ar,Estatal,Oficial,ESCUELA DE EDUCACIÓN SECUNDARIA,CONURBANO,Urbano,0,Oficial,SEDE,Segunda,Dirección Provincial de Educación Secundaria,607101327,Final 2025,370,186,184,15,"MAÑANA,TARDE",617511,0,33,-58.7609582536547,-34.67025994297131
6539,Merlo,19423,ESCUELA DE EDUCACIÓN SECUNDARIA N°81,Región 8,0071MS0081,61751300,Educación Común,Nivel Secundario,FRAGA - 2756,220-489-4431,,marylynmuller@yahoo.com.ar,Estatal,Oficial,ESCUELA DE EDUCACIÓN SECUNDARIA,CONURBANO,Urbano,1,Oficial,SEDE,Segunda,Dirección Provincial de Educación Secundaria,607102854,Final 2025,480,231,249,18,"MAÑANA,TARDE",617513,0,81,-58.77397870054628,-34.68206545430021
6539,Merlo,19424,ESCUELA DE EDUCACIÓN SECUNDARIA Nº24,Región 8,0071MS0024,61751400,Educación Común,Nivel Secundario,SOLIS - 876,220-483-5357,,secundaria24merlo@abc.gob.ar,Estatal,Oficial,ESCUELA DE EDUCACIÓN SECUNDARIA,CONURBANO,Urbano,0,Oficial,SEDE,Segunda,Dirección Provincial de Educación Secundaria,607100226,Final 2025,353,159,194,14,"MAÑANA,TARDE",617514,0,24,-58.71059811152989,-34.67378024631312
6539,Merlo,19425,ESCUELA DE EDUCACIÓN SECUNDARIA Nº44,Región 8,0071MS0044,61751500,Educación Común,Nivel Secundario,L. M. CAMPOS Y EIFFEL - S/N,11-3854-0287,,frosanabeatriz@yahoo.com.ar,Estatal,Oficial,ESCUELA DE EDUCACIÓN SECUNDARIA,CONURBANO,Urbano,1,Oficial,SEDE,Segunda,Dirección Provincial de Educación Secundaria,607101410,Final 2025,319,169,150,12,"MAÑANA,TARDE",617515,0,44,-58.74935114242098,-34.68724301988818
6539,Merlo,19426,EXTENSION I DE ESCUELA DE EDUCACIÓN SECUNDARIA Nº13,Región 8,0071MS2130,60932901,Educación Común,Nivel Secundario,MOSCONI - 555,-,,secundaria13merlo@abc.gob.ar,Estatal,Oficial,ESCUELA DE EDUCACIÓN SECUNDARIA,CONURBANO,Urbano,0,Oficial,EXTENSION,Primera,Dirección Provincial de Educación Secundaria,607101738,Final 2025,224,107,117,8,"INTERMEDIO,MAÑANA",609329,1,2130,-58.74746476604186,-34.69900148234372
6539,Merlo,19427,ESCUELA DE EDUCACIÓN SECUNDARIA Nº40,Región 8,0071MS0040,61751700,Educación Común,Nivel Secundario,TUPAC AMARU - 446,220-494-0746,,secundaria40merlo@abc.gob.ar,Estatal,Oficial,ESCUELA DE EDUCACIÓN SECUNDARIA,CONURBANO,Urbano,1,Oficial,SEDE,Segunda,Dirección Provincial de Educación Secundaria,607101370,Final 2025,375,179,196,17,"MAÑANA,TARDE",617517,0,40,-58.65617900709637,-34.69720926511341
6539,Merlo,19428,ESCUELA DE EDUCACIÓN SECUNDARIA Nº30,Región 8,0071MS0030,61751800,Educación Común,Nivel Secundario,RAMON FREYRE - 841,220-498-4895,,secundaria30merlo@abc.gob.ar,Estatal,Oficial,ESCUELA DE EDUCACIÓN SECUNDARIA,CONURBANO,Urbano,1,Oficial,SEDE,Segunda,Dirección Provincial de Educación Secundaria,607100183,Final 2025,399,218,181,20,"MAÑANA,TARDE,VESPERTINO",617518,0,30,-58.76570949583071,-34.69983862659003
6539,Merlo,19430,ESCUELA DE EDUCACIÓN SECUNDARIA Nº34,Región 8,0071MS0034,61752000,Educación Común,Nivel Secundario,DE MARÍA - 3654,220-499-5939,,ines27673@gmail.com,Estatal,Oficial,ESCUELA DE EDUCACIÓN SECUNDARIA,CONURBANO,Urbano,1,Oficial,SEDE,Primera,Dirección Provincial de Educación Secundaria,607101336,Final 2025,559,287,272,18,"MAÑANA,TARDE",617520,0,34,-58.7729928249583,-34.69273508565533
6560,Moreno,19436,"ESCUELA DE EDUCACIÓN SECUNDARIA Nº68 ""DON QUIJOTE DE LA MANCHA""",Región 9,0073MS0068,61752600,Educación Común,Nivel Secundario,REP.ARGENTINA E/LOS OLMOS Y AROMOS - 757,2320-45-7235,,secundaria68moreno@abc.gob.ar,Estatal,Oficial,ESCUELA DE EDUCACIÓN SECUNDARIA,CONURBANO,Urbano,1,Oficial,SEDE,Segunda,Dirección Provincial de Educación Secundaria,607301708,Final 2025,493,245,248,15,"MAÑANA,TARDE",617526,0,68,-58.772629297403576,-34.563712176475455
6560,Moreno,19437,"ESCUELA DE EDUCACIÓN SECUNDARIA Nº74 ""MARÍA CLARA CIOCCHINI""",Región 9,0073MS0074,61752700,Educación Común,Nivel Secundario,FALUCHO - S/N,237-463-4907,70442,secundaria74moreno@abc.gob.ar,Estatal,Oficial,ESCUELA DE EDUCACIÓN SECUNDARIA,CONURBANO,Urbano,0,Oficial,SEDE,Segunda,Dirección Provincial de Educación Secundaria,607301765,Final 2025,296,150,146,12,"MAÑANA,TARDE",617527,0,74,-58.80669084455291,-34.667117869595714
6560,Moreno,19438,"ESCUELA DE EDUCACIÓN SECUNDARIA N°84 ""COMANDANTE ANDRESITO""",Región 9,0073MS0084,61752800,Educación Común,Nivel Secundario,LUIS AGOTE - 10698,2320-45-5271,,secundaria84moreno@abc.gob.ar,Estatal,Oficial,ESCUELA DE EDUCACIÓN SECUNDARIA,CONURBANO,Urbano,1,Oficial,SEDE,Segunda,Dirección Provincial de Educación Secundaria,607301847,Final 2025,468,228,240,15,"INTERMEDIO,MAÑANA",617528,0,84,-58.81051082620966,-34.52948224477964
6560,Moreno,19439,"ESCUELA DE EDUCACIÓN SECUNDARIA Nº61 ""CLAUDIA FALCONE""",Región 9,0073MS0061,61752900,Educación Común,Nivel Secundario,GUTIERREZ - 9945,237-481-5389,,secundaria61moreno@abc.gob.ar,Estatal,Oficial,ESCUELA DE EDUCACIÓN SECUNDARIA,CONURBANO,Urbano,0,Oficial,SEDE,Segunda,Dirección Provincial de Educación Secundaria,607301658,Final 2025,402,193,209,14,"MAÑANA,TARDE",617529,0,61,-58.756072203137215,-34.58969581244093
6560,Moreno,19440,ESCUELA DE EDUCACIÓN SECUNDARIA Nº73,Región 9,0073MS0073,61753000,Educación Común,Nivel Secundario,MARTINEZ LA MUSICA - 10801,2320-45-5300,,secundaria73moreno@abc.gob.ar,Estatal,Oficial,ESCUELA DE EDUCACIÓN SECUNDARIA,CONURBANO,Urbano,1,Oficial,SEDE,Segunda,Dirección Provincial de Educación Secundaria,607301754,Final 2025,532,289,243,15,"MAÑANA,TARDE",617530,0,73,-58.80624201195875,-34.53094792820401
6560,Moreno,19441,"ESCUELA DE EDUCACIÓN SECUNDARIA Nº30 ""SOLDADO WALTER BECERRA""",Región 9,0073MS0030,61753100,Educación Común,Nivel Secundario,JOSÉ MARMOL - 1151,237-462-3135,,secundaria.30.moreno@gmail.com,Estatal,Oficial,ESCUELA DE EDUCACIÓN SECUNDARIA,CONURBANO,Urbano,0,Oficial,SEDE,Segunda,Dirección Provincial de Educación Secundaria,607301426,Final 2025,361,170,191,12,"MAÑANA,TARDE",617531,0,30,-58.80238891147027,-34.632978575113945
6560,Moreno,19442,ESCUELA DE EDUCACIÓN SECUNDARIA Nº49,Región 9,0073MS0049,61753200,Educación Común,Nivel Secundario,JUAN TORRES DE VERA Y ARAGÓN - 10807,2320-45-5775,,secundaria49moreno@abc.gob.ar,Estatal,Oficial,ESCUELA DE EDUCACIÓN SECUNDARIA,CONURBANO,Urbano,1,Oficial,SEDE,Segunda,Dirección Provincial de Educación Secundaria,607302872,Final 2025,383,190,193,12,"MAÑANA,TARDE,VESPERTINO",617532,0,49,-58.81693675332795,-34.519180753388774
6638,Pilar,19454,ESCUELA DE EDUCACIÓN SECUNDARIA Nº12,Región 11,0083MS0012,61754400,Educación Común,Nivel Secundario,SILVIO GONZALEZ - 894,348-446-2701,,secundaria12pilar@abc.gob.ar,Estatal,Oficial,ESCUELA DE EDUCACIÓN SECUNDARIA,INTERIOR,Urbano,1,Oficial,SEDE,Segunda,Dirección Provincial de Educación Secundaria,608300158,Final 2025,506,281,225,15,"MAÑANA,TARDE,VESPERTINO",617544,0,12,-58.869489032792224,-34.37297291776565
6638,Pilar,19456,"ESCUELA DE EDUCACIÓN SECUNDARIA Nº13 ""MANUELA PEDRAZA""",Región 11,0083MS0013,61754600,Educación Común,Nivel Secundario,ACONCAGUA Y MERCEDARIO - S/N,230-442-2474,,secundaria13pilar@hotmail.com,Estatal,Oficial,ESCUELA DE EDUCACIÓN SECUNDARIA,INTERIOR,Urbano,0,Oficial,SEDE,Segunda,Dirección Provincial de Educación Secundaria,608300733,Final 2025,385,187,198,12,"MAÑANA,TARDE",617546,0,13,-58.92270453506549,-34.462797397531034
6749,San Fernando,19480,"ESCUELA DE EDUCACIÓN SECUNDARIA Nº13 ""EVA DUARTE DE PERÓN""",Región 6,0095MS0013,61757000,Educación Común,Nivel Secundario,ING. WHITE E/ CONSTITUCIÓN Y PERÓN - 1147,11-4725-3761,,secundaria13sanfernando@abc.gob.ar,Estatal,Oficial,ESCUELA DE EDUCACIÓN SECUNDARIA,CONURBANO,Urbano,0,Oficial,SEDE,Segunda,Dirección Provincial de Educación Secundaria,609500577,Final 2025,303,157,146,12,"MAÑANA,TARDE",617570,0,13,-58.540739925306106,-34.452045356307494
6749,San Fernando,19481,"ESCUELA DE EDUCACIÓN SECUNDARIA Nº10 ""RODOLFO WALSH""",Región 6,0095MS0010,61757100,Educación Común,Nivel Secundario,ACEVEDO - 2574,11-4744-0220,,secundaria10sanfernando@abc.gob.ar,Estatal,Oficial,ESCUELA DE EDUCACIÓN SECUNDARIA,CONURBANO,Urbano,0,Oficial,SEDE,Segunda,Dirección Provincial de Educación Secundaria,609500107,Final 2025,274,136,138,13,"MAÑANA,TARDE",617571,0,10,-58.54815967842524,-34.452889401524025
6410,Ituzaingó,19503,"ESCUELA DE EDUCACIÓN SECUNDARIA Nº 10 ""MADRES DE MALVINAS""",Región 8,0136MS0010,61759300,Educación Común,Nivel Secundario,MIGUEL CAMINO - 4270,11-4621-6342,,secundaria10ituzaingo@abc.gob.ar,Estatal,Oficial,ESCUELA DE EDUCACIÓN SECUNDARIA,CONURBANO,Urbano,1,Oficial,SEDE,Segunda,Dirección Provincial de Educación Secundaria,613600044,Final 2025,241,117,124,12,"MAÑANA,TARDE",617593,0,10,-58.70063581202538,-34.61277798564218
6568,Morón,19505,ESCUELA DE EDUCACIÓN SECUNDARIA Nº59,Región 8,0100MS0059,61759500,Educación Común,Nivel Secundario,PASAJE EVARISTO IGLESIAS - 3570,11-4692-0300,,secundaria59moron@abc.gob.ar,Estatal,Oficial,ESCUELA DE EDUCACIÓN SECUNDARIA,CONURBANO,Urbano,0,Oficial,SEDE,Segunda,Dirección Provincial de Educación Secundaria,610002319,Final 2025,304,146,158,16,"MAÑANA,TARDE",617595,0,59,-58.66104858992244,-34.682843029823054
6408,Hurlingham,19506,ESCUELA DE EDUCACIÓN SECUNDARIA Nº16,Región 7,0135MS0016,61759600,Educación Común,Nivel Secundario,MINOGUYE - 2602,11-3526-8618,,secundaria16hurlingham@abc.gob.ar,Estatal,Oficial,ESCUELA DE EDUCACIÓN SECUNDARIA,CONURBANO,Urbano,0,Oficial,SEDE,Segunda,Dirección Provincial de Educación Secundaria,613501199,Final 2025,294,154,140,14,"MAÑANA,TARDE,VESPERTINO",617596,0,16,-58.65803659177615,-34.58884513621697
6568,Morón,19507,ESCUELA DE EDUCACIÓN SECUNDARIA Nº47,Región 8,0100MS0047,61759700,Educación Común,Nivel Secundario,JOSEFINA B. DE MARQUÉS E/VINARA Y LOS DAVOBE - 4800,11-4690-6204,,secundaria47moron@abc.gob.ar,Estatal,Oficial,ESCUELA DE EDUCACIÓN SECUNDARIA,CONURBANO,Urbano,1,Oficial,SEDE,Segunda,Dirección Provincial de Educación Secundaria,610000173,Final 2025,313,150,163,12,"MAÑANA,TARDE",617597,0,47,-58.64444009885952,-34.69884482828383
6252,Escobar,19542,ESCUELA DE EDUCACIÓN SECUNDARIA Nº23,Región 11,0116MS0023,61763200,Educación Común,Nivel Secundario,CESAR LARROCA - 1050,3484-45-7308,87878,e.e.s.23escobar@gmail.com,Estatal,Oficial,ESCUELA DE EDUCACIÓN SECUNDARIA,INTERIOR,Urbano,0,Oficial,SEDE,Primera,Dirección Provincial de Educación Secundaria,611600678,Final 2025,814,394,420,24,"MAÑANA,TARDE,VESPERTINO",617632,0,23,-58.73090655419343,-34.420123170247734
6252,Escobar,19543,EXTENSION I DE ESCUELA DE EDUCACIÓN SECUNDARIA Nº2,Región 11,0116MS2020,61015501,Educación Común,Nivel Secundario,M. T. DE ALVEAR - 50,348-442-5602,,secundaria2escobar@abc.gob.ar,Estatal,Oficial,ESCUELA DE EDUCACIÓN SECUNDARIA,INTERIOR,Urbano,0,Oficial,EXTENSION,Primera,Dirección Provincial de Educación Secundaria,611600175,Final 2025,341,176,165,12,"MAÑANA,TARDE",610155,1,2020,-58.82654933687839,-34.385490121654385
6252,Escobar,19544,"ESCUELA DE EDUCACIÓN SECUNDARIA Nº22 ""XUL SOLAR""",Región 11,0116MS0022,61763400,Educación Común,Nivel Secundario,QUIROGA - 3123,3488-448-8163,,secundaria22escobar@abc.gob.ar,Estatal,Oficial,ESCUELA DE EDUCACIÓN SECUNDARIA,INTERIOR,Urbano,1,Oficial,SEDE,Segunda,Dirección Provincial de Educación Secundaria,611601432,Final 2025,299,152,147,12,"MAÑANA,TARDE",617634,0,22,-58.76499506586897,-34.32053890544578
6252,Escobar,19545,"ESCUELA DE EDUCACIÓN SECUNDARIA Nº16 ""HÉROES Y CAÍDOS EN MALVINAS""",Región 11,0116MS0016,61763500,Educación Común,Nivel Secundario,GENERAL LAS HERAS - 1616,348-474-0014,,esb.1166@yahoo.com.ar,Estatal,Oficial,ESCUELA DE EDUCACIÓN SECUNDARIA,INTERIOR,Urbano,0,Oficial,SEDE,Primera,Dirección Provincial de Educación Secundaria,611600020,Final 2025,568,314,254,17,"MAÑANA,TARDE",617635,0,16,-58.74504476280489,-34.38514616526296
6252,Escobar,19546,ESCUELA DE EDUCACIÓN SECUNDARIA Nº29,Región 11,0116MS0029,61763600,Educación Común,Nivel Secundario,JOSÉ HERNANDEZ - 940,3488-443-1893,,secundaria29escobar@gmail.com,Estatal,Oficial,ESCUELA DE EDUCACIÓN SECUNDARIA,INTERIOR,Urbano,1,Oficial,SEDE,Segunda,Dirección Provincial de Educación Secundaria,611600049,Final 2025,328,170,158,12,"MAÑANA,TARDE,VESPERTINO",617636,0,29,-58.783043511448334,-34.33352054543651
6252,Escobar,19547,"ESCUELA DE EDUCACIÓN SECUNDARIA N°33 ""HEROES DE MALVINAS""",Región 11,0116MS0033,61763700,Educación Común,Nivel Secundario,REINA YOLANDA - 1290,-,,secundaria33escobar@abc.gob.ar,Estatal,Oficial,ESCUELA DE EDUCACIÓN SECUNDARIA,INTERIOR,Urbano,1,Oficial,SEDE,Segunda,Dirección Provincial de Educación Secundaria,611601450,Final 2025,349,170,179,10,"MAÑANA,TARDE",617637,0,33,-58.813045186514735,-34.37923648317737
6252,Escobar,19548,ESCUELA DE EDUCACIÓN SECUNDARIA Nº32,Región 11,0116MS0032,61763800,Educación Común,Nivel Secundario,MONTEVIDEO E/ LAVALLE Y SAN MARTÍN - 629,348-462-4844,,secundaria32escobar@abc.gob.ar,Estatal,Oficial,ESCUELA DE EDUCACIÓN SECUNDARIA,INTERIOR,Urbano,1,Oficial,SEDE,Segunda,Dirección Provincial de Educación Secundaria,611600728,Final 2025,357,191,166,12,"MAÑANA,TARDE,VESPERTINO",617638,0,32,-58.73879366789278,-34.430104972266314
6252,Escobar,19549,ESCUELA DE EDUCACIÓN SECUNDARIA Nº15,Región 11,0116MS0015,61763900,Educación Común,Nivel Secundario,LAS VIOLETAS - S/N,348-446-7706,,secundaria15ms@gmail.com,Estatal,Oficial,ESCUELA DE EDUCACIÓN SECUNDARIA,INTERIOR,Urbano,1,Oficial,SEDE,Primera,Dirección Provincial de Educación Secundaria,611600613,Final 2025,651,314,337,17,"MAÑANA,TARDE,VESPERTINO",617639,0,15,-58.77708634375919,-34.40000073424613
6252,Escobar,19550,ESCUELA DE EDUCACIÓN SECUNDARIA Nº30,Región 11,0116MS0030,61764000,Educación Común,Nivel Secundario,PIEDRABUENA - S/N,11-15-5835-9270,,ees30escobar@gmail.com,Estatal,Oficial,ESCUELA DE EDUCACIÓN SECUNDARIA,INTERIOR,Urbano,1,Oficial,SEDE,Segunda,Dirección Provincial de Educación Secundaria,611600700,Final 2025,420,226,194,13,"MAÑANA,TARDE,VESPERTINO",617640,0,30,-58.724394519191016,-34.43542509439221
6252,Escobar,19551,"ESCUELA DE EDUCACIÓN SECUNDARIA Nº9 ""GENERAL JOSÉ DE SAN MARTIN""",Región 11,0116MS0009,61764100,Educación Común,Nivel Secundario,MAIPU Y LAVALLE - 2350,3488-446-6714,,secundaria9escobar@abc.gob.ar,Estatal,Oficial,ESCUELA DE EDUCACIÓN SECUNDARIA,INTERIOR,Urbano,1,Oficial,SEDE,Primera,Dirección Provincial de Educación Secundaria,611600110,Final 2025,675,318,357,19,"MAÑANA,TARDE,VESPERTINO",617641,0,9,-58.77183651804032,-34.399708438393354
6252,Escobar,19552,ESCUELA DE EDUCACIÓN SECUNDARIA Nº31,Región 11,0116MS0031,61764200,Educación Común,Nivel Secundario,JUJUY Y MENDOZA - 90,3488-46-0006,,secundaria31escobar@abc.gob.ar,Estatal,Oficial,ESCUELA DE EDUCACIÓN SECUNDARIA,INTERIOR,Urbano,1,Oficial,SEDE,Segunda,Dirección Provincial de Educación Secundaria,611600716,Final 2025,301,163,138,12,"MAÑANA,TARDE,VESPERTINO",617642,0,31,-58.824366558169615,-34.388477087747084
6252,Escobar,19553,"ESCUELA DE EDUCACIÓN SECUNDARIA Nº 8 ""JULIO CORTÁZAR""",Región 11,0116MS0008,61764300,Educación Común,Nivel Secundario,SALTA - 891,3488-445-7031,,secundaria8escobar@abc.gob.ar,Estatal,Oficial,ESCUELA DE EDUCACIÓN SECUNDARIA,INTERIOR,Urbano,1,Oficial,SEDE,Primera,Dirección Provincial de Educación Secundaria,611600582,Final 2025,776,378,398,28,"MAÑANA,TARDE,VESPERTINO",617643,0,8,-58.73771283659831,-34.40529443180667
6840,Tres de Febrero,19554,"ESCUELA DE EDUCACIÓN SECUNDARIA Nº 24 ""MARÍA REMEDIOS DEL VALLE""",Región 7,0117MS0024,61764400,Educación Común,Nivel Secundario,PUÁN - 4851,11-4734-0463,,mfirpo9@abc.gob.ar,Estatal,Oficial,ESCUELA DE EDUCACIÓN SECUNDARIA,CONURBANO,Urbano,0,Oficial,SEDE,Segunda,Dirección Provincial de Educación Secundaria,611700811,Final 2025,207,98,109,9,"MAÑANA,TARDE",617644,0,24,-58.56546060841925,-34.61497923660189
6840,Tres de Febrero,19555,ESCUELA DE EDUCACIÓN SECUNDARIA Nº16,Región 7,0117MS0016,61764500,Educación Común,Nivel Secundario,MARIANO MORENO - 5750,11-4758-6847,,secundaria16tresdefebrero@abc.gob.ar,Estatal,Oficial,ESCUELA DE EDUCACIÓN SECUNDARIA,CONURBANO,Urbano,0,Oficial,SEDE,Tercera,Dirección Provincial de Educación Secundaria,611700573,Final 2025,86,49,37,6,"MAÑANA,TARDE",617645,0,16,-58.58117916688401,-34.60733300811125
6840,Tres de Febrero,19556,"ESCUELA DE EDUCACIÓN SECUNDARIA N° 33 ""LILIANA BODOC""",Región 7,0117MS0033,61764600,Educación Común,Nivel Secundario,GAUCHO CRUZ E/ HERNANDEZ Y A. ILLIA - 5644,11-4844-7389,,secundaria33tresdefebrero@abc.gob.ar,Estatal,Oficial,ESCUELA DE EDUCACIÓN SECUNDARIA,CONURBANO,Urbano,0,Oficial,SEDE,Segunda,Dirección Provincial de Educación Secundaria,611700869,Final 2025,249,140,109,12,"MAÑANA,TARDE",617646,0,33,-58.57449674542735,-34.587351039918
6840,Tres de Febrero,19557,"ESCUELA DE EDUCACIÓN SECUNDARIA Nº26 ""JUAN ALBERTO BADÍA""",Región 7,0117MS0026,61764700,Educación Común,Nivel Secundario,LAPRIDA E/ REPUBLICA Y ACOSTA - 4720,11-4647-3280,70562,117esb8@gmail.com,Estatal,Oficial,ESCUELA DE EDUCACIÓN SECUNDARIA,CONURBANO,Urbano,0,Oficial,SEDE,Segunda,Dirección Provincial de Educación Secundaria,611700830,Final 2025,246,124,122,12,"MAÑANA,TARDE",617647,0,26,-58.56300577939207,-34.62689454864394
6840,Tres de Febrero,19558,ESCUELA DE EDUCACIÓN SECUNDARIA Nº17,Región 7,0117MS0017,61764800,Educación Común,Nivel Secundario,GERANIOS - 6212,11-2194-1199,79882,secundaria17tresdefebrero@abc.gob.ar,Estatal,Oficial,ESCUELA DE EDUCACIÓN SECUNDARIA,CONURBANO,Urbano,0,Oficial,SEDE,Segunda,Dirección Provincial de Educación Secundaria,611700750,Final 2025,216,118,98,12,"MAÑANA,TARDE",617648,0,17,-58.59305709950448,-34.602501521827215
6840,Tres de Febrero,19559,"ESCUELA DE EDUCACIÓN SECUNDARIA Nº 25 ""CLAUDIO GROSSO""",Región 7,0117MS0025,61764900,Educación Común,Nivel Secundario,PADRE ELIZALDE - 102,11-4488-0750,70421,117secundaria25@gmail.com,Estatal,Oficial,ESCUELA DE EDUCACIÓN SECUNDARIA,CONURBANO,Urbano,0,Oficial,SEDE,Segunda,Dirección Provincial de Educación Secundaria,611700824,Final 2025,315,187,128,13,"MAÑANA,TARDE",617649,0,25,-58.54269307202642,-34.63872942981872
6840,Tres de Febrero,19560,EXTENSIÓN I DE ESCUELA DE EDUCACIÓN SECUNDARIA Nº13,Región 7,0117MS2130,62066501,Educación Común,Nivel Secundario,JUAN XXIII E/ LA CAUTIVA Y EL MATADERO - S/N,11-4842-9129,,secundaria13tresdefebrero@abc.gob.ar,Estatal,Oficial,ESCUELA DE EDUCACIÓN SECUNDARIA,CONURBANO,Urbano,0,Oficial,EXTENSION,Segunda,Dirección Provincial de Educación Secundaria,611702009,Final 2025,110,49,61,6,MAÑANA,620665,1,2130,-58.58768822898466,-34.572864257137006
6840,Tres de Febrero,19562,"ESCUELA DE EDUCACIÓN SECUNDARIA Nº30 ""SOLDADO CABALLERO""",Región 7,0117MS0030,61765200,Educación Común,Nivel Secundario,PTO.ARGENTINO E/ ESPORA Y BERLIN - 2208,11-4769-0070,,secundaria30tresdefebrero@abc.gob.ar,Estatal,Oficial,ESCUELA DE EDUCACIÓN SECUNDARIA,CONURBANO,Urbano,1,Oficial,SEDE,Segunda,Dirección Provincial de Educación Secundaria,611700135,Final 2025,417,190,227,17,"MAÑANA,TARDE",617652,0,30,-58.61558264632111,-34.57299745806573
6840,Tres de Febrero,19563,ESCUELA DE EDUCACIÓN SECUNDARIA N°34,Región 7,0117MS0034,61765300,Educación Común,Nivel Secundario,PRIMERA JUNTA - 10512,11-4506-1423,,secundaria34tdfebrero@abc.gob.ar,Estatal,Oficial,ESCUELA DE EDUCACIÓN SECUNDARIA,CONURBANO,Urbano,1,Oficial,SEDE,Segunda,Dirección Provincial de Educación Secundaria,611700876,Final 2025,213,106,107,9,"MAÑANA,TARDE",617653,0,34,-58.61735819942044,-34.55596483630761
6840,Tres de Febrero,19564,"ESCUELA DE EDUCACIÓN SECUNDARIA N°31 ""MARÍA JOSEFA FERNÁNDEZ""",Región 7,0117MS0031,61765400,Educación Común,Nivel Secundario,AV. URQUIZA - 4694,11-5434-4550,89131,sbtdf15@gmail.com,Estatal,Oficial,ESCUELA DE EDUCACIÓN SECUNDARIA,CONURBANO,Urbano,0,Oficial,SEDE,Segunda,Dirección Provincial de Educación Secundaria,611700093,Final 2025,291,125,166,12,MAÑANA,617654,0,31,-58.5617744690154,-34.60604493612432
6515,Malvinas Argentinas,19584,ESCUELA DE EDUCACIÓN SECUNDARIA Nº20,Región 9,0133MS0020,61767400,Educación Común,Nivel Secundario,SAN LORENZO Y CANGALLO - S/N,2320-41-3798,,escuela20gb@gmail.com,Estatal,Oficial,ESCUELA DE EDUCACIÓN SECUNDARIA,CONURBANO,Urbano,1,Oficial,SEDE,Segunda,Dirección Provincial de Educación Secundaria,613300739,Final 2025,257,134,123,11,"MAÑANA,VESPERTINO",617674,0,20,-58.72218240366617,-34.49696743597256
6560,Moreno,19596,"ESCUELA DE EDUCACIÓN SECUNDARIA Nº41 ""RICARDO CARPANI""",Región 9,0073MS0041,61768600,Educación Común,Nivel Secundario,EVA DUARTE DE PERÓN - 3192,11-6362-8807,,secundaria41moreno@abc.gob.ar,Estatal,Oficial,ESCUELA DE EDUCACIÓN SECUNDARIA,CONURBANO,Urbano,1,Oficial,SEDE,Primera,Dirección Provincial de Educación Secundaria,607302840,Final 2025,567,288,279,16,"MAÑANA,TARDE",617686,0,41,-58.8261450208699,-34.672149728899605
6412,José C. Paz,19597,ESCUELA DE EDUCACIÓN SECUNDARIA Nº32,Región 9,0132MS0032,61768700,Educación Común,Nivel Secundario,DINAMARCA (E/ PORTUGAL Y GRECIA) - S/N,2320-62-6048,,claudiolopez330@hotmail.com,Estatal,Oficial,ESCUELA DE EDUCACIÓN SECUNDARIA,CONURBANO,Urbano,1,Oficial,SEDE,Primera,Dirección Provincial de Educación Secundaria,613200697,Final 2025,698,377,321,19,"MAÑANA,TARDE,VESPERTINO",617687,0,32,-58.80624484302458,-34.499669201671985
6840,Tres de Febrero,19599,"ESCUELA DE EDUCACIÓN SECUNDARIA Nº29 ""CLELIA DEHARBE FONTANA, ABUELA DE PLAZA DE MAYO""",Región 7,0117MS0029,61768900,Educación Común,Nivel Secundario,J CROTTO Y JUAN PABLO II - S/N,11-4842-9072,,secundaria29tresdefebrero@abc.gob.ar,Estatal,Oficial,ESCUELA DE EDUCACIÓN SECUNDARIA,CONURBANO,Urbano,0,Oficial,SEDE,Segunda,Dirección Provincial de Educación Secundaria,611701999,Final 2025,288,135,153,12,"MAÑANA,TARDE",617689,0,29,-58.59900706499944,-34.58113063815792
6756,San Isidro,19625,CENTRO EDUCATIVO NIVEL SECUNDARIO Nº456,Región 6,0096DM0456,61717100,Educación de Jóvenes y Adultos,Nivel Secundario,ALVARADO - 1376,11-4545-1113,,cens456si@gmail.com,Estatal,Oficial,CENTRO EDUCATIVO DE NIVEL SECUNDARIO (C.E.N.S.),CONURBANO,Urbano,0,Oficial,SEDE,Segunda,"Dirección de Educación de Jóvenes, Adultos y Adultos Mayores",609600092,Final 2025,89,27,62,6,VESPERTINO,617171,0,456,-58.54152895483779,-34.47312175875327
6532,Mercedes,19637,"ESCUELA DE EDUCACIÓN SECUNDARIA TÉCNICA Nº2 ""DR. LUIS FEDERICO LELOIR""",Región 10,0070MT0002,61713000,Educación Técnico Profesional,Nivel Secundario,CALLE 509 Y 504 - S/N,2324-42-1421,70393,mpiccone3@abc.gob.ar,Estatal,Oficial,ESCUELA DE EDUCACIÓN SECUNDARIA TÉCNICA,INTERIOR,Rural Agrupado,1,Oficial,SEDE,Segunda,Dirección Provincial de Educación Técnico Profesional,607000175,Final 2025,276,162,114,12,"MAÑANA,TARDE,VESPERTINO",617130,0,2,-59.34938284829634,-34.65098263424856
6412,José C. Paz,19725,ESCUELA DE EDUCACIÓN SECUNDARIA Nº23,Región 9,0132MS0023,61776900,Educación Común,Nivel Secundario,FÉLIX IGLESIAS - 1675,2320-33-3920,,secundaria23josecpaz@abc.gob.ar,Estatal,Oficial,ESCUELA DE EDUCACIÓN SECUNDARIA,CONURBANO,Urbano,0,Oficial,SEDE,Primera,Dirección Provincial de Educación Secundaria,613200621,Final 2025,590,290,300,21,"MAÑANA,TARDE",617769,0,23,-58.7597989314749,-34.50414488557764
6539,Merlo,19737,ESCUELA DE EDUCACIÓN SECUNDARIA Nº53,Región 8,0071MS0053,61778100,Educación Común,Nivel Secundario,JONTE E/ FINLAY Y 24 DE NOVIEMBRE - 2856,220-499-9516,,secundaria53merlo@abc.gob.ar,Estatal,Oficial,ESCUELA DE EDUCACIÓN SECUNDARIA,CONURBANO,Urbano,1,Oficial,SEDE,Primera,Dirección Provincial de Educación Secundaria,607101499,Final 2025,624,298,326,22,"MAÑANA,TARDE,VESPERTINO",617781,0,53,-58.78266140887961,-34.72068299213479
6840,Tres de Febrero,19800,ANEXO I DE LA ESCUELA DE EDUCACIÓN SECUNDARIA Nº1,Región 7,0117MS3011,60989401,Educación Común,Nivel Secundario,LARRALDE Y DR. DELLA ROSA - 1521,11-4716-6497,,secundaria1tresdefebrero@abc.gob.ar,Estatal,Oficial,ESCUELA DE EDUCACIÓN SECUNDARIA,CONURBANO,Urbano,0,Oficial,ANEXO,Segunda,Dirección Provincial de Educación Secundaria,611700489,Final 2025,68,43,25,5,"MAÑANA,TARDE",609894,1,3011,-58.56796775100982,-34.595779422281936
6371,General San Martín,19911,ESCUELA DE EDUCACIÓN SECUNDARIA Nº49,Región 7,0045MS0049,61793800,Educación Común,Nivel Secundario,BELGRANO E/ URUGUAY Y SAN MARTÍN - 3740,11-4508-9112,,0045ms0049@gmail.com,Estatal,Oficial,ESCUELA DE EDUCACIÓN SECUNDARIA,CONURBANO,Urbano,0,Oficial,SEDE,Segunda,Dirección Provincial de Educación Secundaria,604500339,Final 2025,283,135,148,12,"MAÑANA,TARDE",617938,0,49,-58.53704984677576,-34.57762263167507
6371,General San Martín,19912,ESCUELA DE EDUCACIÓN SECUNDARIA Nº46,Región 7,0045MS0046,61793900,Educación Común,Nivel Secundario,DIAG. 180 E/ ARTIGAS Y S. DEL ESTERO - 3528,11-4729-5931,,0045ms0045@gmail.com,Estatal,Oficial,ESCUELA DE EDUCACIÓN SECUNDARIA,CONURBANO,Urbano,1,Oficial,SEDE,Segunda,Dirección Provincial de Educación Secundaria,604500200,Final 2025,283,131,152,12,"MAÑANA,TARDE",617939,0,46,-58.58209741246458,-34.53686492497576
6371,General San Martín,19913,ESCUELA DE EDUCACIÓN SECUNDARIA Nº33,Región 7,0045MS0033,61794000,Educación Común,Nivel Secundario,MENDOZA - 1069,11-4713-4532,,0045ms0033@gmail.com,Estatal,Oficial,ESCUELA DE EDUCACIÓN SECUNDARIA,CONURBANO,Urbano,1,Oficial,SEDE,Tercera,Dirección Provincial de Educación Secundaria,604502247,Final 2025,168,88,80,12,"MAÑANA,TARDE",617940,0,33,-58.522632986208265,-34.5544770697456
6371,General San Martín,19914,"ESCUELA DE EDUCACIÓN SECUNDARIA Nº26 ""LUIS ALBERTO SPINETTA""",Región 7,0045MS0026,61794100,Educación Común,Nivel Secundario,AVDA. 9 DE JULIO ESQ. MONACO - 6351,11-4589-8824,,secunda26sanmartin@abc.gob.ar,Estatal,Oficial,ESCUELA DE EDUCACIÓN SECUNDARIA,CONURBANO,Urbano,1,Oficial,SEDE,Segunda,Dirección Provincial de Educación Secundaria,604500990,Final 2025,471,231,240,17,"MAÑANA,TARDE",617941,0,26,-58.58024165297281,-34.54931502182212
6371,General San Martín,19915,ESCUELA DE EDUCACIÓN SECUNDARIA Nº25,Región 7,0045MS0025,61794200,Educación Común,Nivel Secundario,MALVINAS ARGENTINAS - 8361,11-4589-8872,,0045ms0025@gmail.com,Estatal,Oficial,ESCUELA DE EDUCACIÓN SECUNDARIA,CONURBANO,Urbano,1,Oficial,SEDE,Segunda,Dirección Provincial de Educación Secundaria,604500903,Final 2025,312,159,153,15,"MAÑANA,TARDE",617942,0,25,-58.58666465575269,-34.53223094443333
6371,General San Martín,19916,ESCUELA DE EDUCACIÓN SECUNDARIA Nº35,Región 7,0045MS0035,61794300,Educación Común,Nivel Secundario,JULIO A. ROCA - 2400,11-4755-0066,46460,secundaria35sanmartin@abc.gob.ar,Estatal,Oficial,ESCUELA DE EDUCACIÓN SECUNDARIA,CONURBANO,Urbano,1,Oficial,SEDE,Segunda,Dirección Provincial de Educación Secundaria,604501047,Final 2025,152,82,70,6,"MAÑANA,TARDE",617943,0,35,-58.52371951724065,-34.56102286900955
6760,San Miguel,19917,ESCUELA DE EDUCACIÓN SECUNDARIA Nº24,Región 9,0131MS0024,61794400,Educación Común,Nivel Secundario,TRES MARÍAS - 246,11-4465-4638,70180,secundaria24sanmiguel@abc.gob.ar,Estatal,Oficial,ESCUELA DE EDUCACIÓN SECUNDARIA,CONURBANO,Urbano,1,Oficial,SEDE,Segunda,Dirección Provincial de Educación Secundaria,613100043,Final 2025,548,275,273,20,"MAÑANA,TARDE,VESPERTINO",617944,0,24,-58.73239076773413,-34.582926353649256
6539,Merlo,19960,ESCUELA DE EDUCACIÓN SECUNDARIA Nº25,Región 8,0071MS0025,61798700,Educación Común,Nivel Secundario,AV. REAL - 47,220-486-7638,,sitorres4@abc.gob.ar,Estatal,Oficial,ESCUELA DE EDUCACIÓN SECUNDARIA,CONURBANO,Urbano,0,Oficial,SEDE,Segunda,Dirección Provincial de Educación Secundaria,607100359,Final 2025,550,254,296,24,"MAÑANA,TARDE",617987,0,25,-58.72329763857447,-34.67353534507969
6539,Merlo,19961,ESCUELA DE EDUCACIÓN SECUNDARIA Nº32,Región 8,0071MS0032,61798800,Educación Común,Nivel Secundario,JUAN MANUEL DE ROSAS - 840,220-412-1197,,secundaria32merlo@abc.gob.ar,Estatal,Oficial,ESCUELA DE EDUCACIÓN SECUNDARIA,CONURBANO,Urbano,0,Oficial,SEDE,Primera,Dirección Provincial de Educación Secundaria,607101315,Final 2025,632,302,330,23,"MAÑANA,TARDE",617988,0,32,-58.72988877512764,-34.666654228209204
6539,Merlo,19962,ESCUELA DE EDUCACIÓN SECUNDARIA Nº61,Región 8,0071MS0061,61798900,Educación Común,Nivel Secundario,PEHUAJO Y CHASCOMUS - S/N,220-494-2396,,secundariabasica24@hotmail.com,Estatal,Oficial,ESCUELA DE EDUCACIÓN SECUNDARIA,CONURBANO,Urbano,1,Oficial,SEDE,Segunda,Dirección Provincial de Educación Secundaria,607101554,Final 2025,477,233,244,16,"MAÑANA,TARDE",617989,0,61,-58.66566533643709,-34.70719910553989
6539,Merlo,19963,ESCUELA DE EDUCACIÓN SECUNDARIA Nº64,Región 8,0071MS0064,61799000,Educación Común,Nivel Secundario,LAFAYETTE - S/N,220-498-3322,,eesn64@hotmail.com,Estatal,Oficial,ESCUELA DE EDUCACIÓN SECUNDARIA,CONURBANO,Urbano,1,Oficial,SEDE,Primera,Dirección Provincial de Educación Secundaria,607101577,Final 2025,561,279,282,18,"MAÑANA,TARDE",617990,0,64,-58.79453141539844,-34.73586778152857
6539,Merlo,19964,ESCUELA DE EDUCACIÓN SECUNDARIA Nº35,Región 8,0071MS0035,61799100,Educación Común,Nivel Secundario,SUCRE E/ AYACUCHO Y MAZA - 1250,220-486-0346,,secundaria35merlo@abc.gob.ar,Estatal,Oficial,ESCUELA DE EDUCACIÓN SECUNDARIA,CONURBANO,Urbano,0,Oficial,SEDE,Segunda,Dirección Provincial de Educación Secundaria,607100177,Final 2025,402,191,211,14,"MAÑANA,TARDE",617991,0,35,-58.71120936458792,-34.688292445397614
6539,Merlo,19965,ESCUELA DE EDUCACIÓN SECUNDARIA Nº66,Región 8,0071MS0066,61799200,Educación Común,Nivel Secundario,ALIPPI E/PAGANO Y O'CONORS - S/N,220-498-6263,,secundaria66merlo@abc.gob.ar,Estatal,Oficial,ESCUELA DE EDUCACIÓN SECUNDARIA,CONURBANO,Urbano,0,Oficial,SEDE,Segunda,Dirección Provincial de Educación Secundaria,607101596,Final 2025,304,148,156,12,"MAÑANA,TARDE",617992,0,66,-58.7848623572672,-34.704057166119874
6539,Merlo,19966,"ESCUELA DE EDUCACIÓN SECUNDARIA Nº47 ""ABRAZO DE NACIONES""",Región 8,0071MS0047,61799300,Educación Común,Nivel Secundario,HEREDIA E/ MARIMONIAS Y JONTE - 548,220-498-4046,,secundaria47merlo@abc.gob.ar,Estatal,Oficial,ESCUELA DE EDUCACIÓN SECUNDARIA,CONURBANO,Urbano,0,Oficial,SEDE,Segunda,Dirección Provincial de Educación Secundaria,607101447,Final 2025,587,273,314,22,"MAÑANA,TARDE,VESPERTINO",617993,0,47,-58.77137755329337,-34.7071679146627
6539,Merlo,19967,ESCUELA DE EDUCACIÓN SECUNDARIA Nº43,Región 8,0071MS0043,61799400,Educación Común,Nivel Secundario,MILLER - 696,220-494-3686,,secundaria43merlo@abc.gob.ar,Estatal,Oficial,ESCUELA DE EDUCACIÓN SECUNDARIA,CONURBANO,Urbano,0,Oficial,SEDE,Segunda,Dirección Provincial de Educación Secundaria,607101406,Final 2025,435,222,213,16,"MAÑANA,TARDE",617994,0,43,-58.68041517668986,-34.68693140001487
6539,Merlo,19968,ESCUELA DE EDUCACIÓN SECUNDARIA Nº63,Región 8,0071MS0063,61799500,Educación Común,Nivel Secundario,MADARIAGA ( ESQ. JOSÉ MARTI) - 291,220-489-6518,,direees63@gmail.com,Estatal,Oficial,ESCUELA DE EDUCACIÓN SECUNDARIA,CONURBANO,Urbano,0,Oficial,SEDE,Segunda,Dirección Provincial de Educación Secundaria,607100196,Final 2025,273,137,136,12,"MAÑANA,TARDE",617995,0,63,-58.760683913286975,-34.67768609087808
6539,Merlo,19969,ESCUELA DE EDUCACIÓN SECUNDARIA Nº39,Región 8,0071MS0039,61799600,Educación Común,Nivel Secundario,LUIS VIALE Y ALBARIÑOS - S/N,220-498-0461,,danielaacevedourquiza@gmail.com,Estatal,Oficial,ESCUELA DE EDUCACIÓN SECUNDARIA,CONURBANO,Urbano,2,Oficial,SEDE,Segunda,Dirección Provincial de Educación Secundaria,607100149,Final 2025,355,174,181,11,"MAÑANA,TARDE",617996,0,39,-58.73955714367115,-34.720026086767525
6539,Merlo,19970,ESCUELA DE EDUCACIÓN SECUNDARIA Nº48,Región 8,0071MS0048,61799700,Educación Común,Nivel Secundario,PAGOLA ESQ. BALASTRO - 795,11-2166-5633,70194,spisacco@abc.gob.ar,Estatal,Oficial,ESCUELA DE EDUCACIÓN SECUNDARIA,CONURBANO,Urbano,0,Oficial,SEDE,Segunda,Dirección Provincial de Educación Secundaria,607100203,Final 2025,316,159,157,13,"INTERMEDIO,MAÑANA",617997,0,48,-58.71693621464022,-34.69656591590149
6539,Merlo,19971,ESCUELA DE EDUCACIÓN SECUNDARIA N°77,Región 8,0071MS0077,61799800,Educación Común,Nivel Secundario,BENAVENTE - 1373,220-487-5236,,secundaria77merlo@abc.gob.ar,Estatal,Oficial,ESCUELA DE EDUCACIÓN SECUNDARIA,CONURBANO,Urbano,0,Oficial,SEDE,Segunda,Dirección Provincial de Educación Secundaria,607101680,Final 2025,303,169,134,14,"MAÑANA,TARDE",617998,0,77,-58.75074507512446,-34.677482930892175
6539,Merlo,19972,ESCUELA DE EDUCACIÓN SECUNDARIA Nº36,Región 8,0071MS0036,61799900,Educación Común,Nivel Secundario,ROMA Y RIVERA INDARTE - S/N,220-492-0424,,obc0710036@abc.gov.ar,Estatal,Oficial,ESCUELA DE EDUCACIÓN SECUNDARIA,CONURBANO,Urbano,0,Oficial,SEDE,Segunda,Dirección Provincial de Educación Secundaria,607101343,Final 2025,476,244,232,16,"MAÑANA,TARDE",617999,0,36,-58.69340159041284,-34.740910727899966
6539,Merlo,19973,ESCUELA DE EDUCACIÓN SECUNDARIA Nº41,Región 8,0071MS0041,61800000,Educación Común,Nivel Secundario,SERRANO - 1702,220-483-7410,,obs0710037@abc.gov.ar,Estatal,Oficial,ESCUELA DE EDUCACIÓN SECUNDARIA,CONURBANO,Urbano,0,Oficial,SEDE,Segunda,Dirección Provincial de Educación Secundaria,607101389,Final 2025,280,128,152,12,"MAÑANA,TARDE",618000,0,41,-58.7410407697151,-34.663749151901484
6539,Merlo,19974,ESCUELA DE EDUCACIÓN SECUNDARIA Nº51,Región 8,0071MS0051,61800100,Educación Común,Nivel Secundario,JUANA AZURDUY - 1420,11-3103-0479,,ees51losvascos@gmail.com,Estatal,Oficial,ESCUELA DE EDUCACIÓN SECUNDARIA,CONURBANO,Urbano,0,Oficial,SEDE,Segunda,Dirección Provincial de Educación Secundaria,607101475,Final 2025,152,77,75,6,"MAÑANA,TARDE",618001,0,51,-58.73430858018597,-34.68077589074488
6539,Merlo,19976,ESCUELA DE EDUCACIÓN SECUNDARIA Nº22,Región 8,0071MS0022,61800300,Educación Común,Nivel Secundario,CONSTITUCIÓN - 352,220-485-5798,,esecundaria22@gmail.com,Estatal,Oficial,ESCUELA DE EDUCACIÓN SECUNDARIA,CONURBANO,Urbano,0,Oficial,SEDE,Segunda,Dirección Provincial de Educación Secundaria,607101241,Final 2025,257,146,111,12,"MAÑANA,TARDE",618003,0,22,-58.73064650315582,-34.67523938018277
6539,Merlo,19978,ESCUELAS DE EDUCACIÓN SECUNDARIA Nº54,Región 8,0071MS0054,61800500,Educación Común,Nivel Secundario,PEDRIEL Y CORVALÁN - 3050,220-483-1515,70564,secundaria54merlo@abc.gob.ar,Estatal,Oficial,ESCUELA DE EDUCACIÓN SECUNDARIA,CONURBANO,Urbano,1,Oficial,SEDE,Segunda,Dirección Provincial de Educación Secundaria,607101508,Final 2025,330,175,155,12,"MAÑANA,TARDE",618005,0,54,-58.72997213557069,-34.64892122804453
6539,Merlo,19979,ESCUELA DE EDUCACIÓN SECUNDARIA Nº55,Región 8,0071MS0055,61800600,Educación Común,Nivel Secundario,MADRID - 88,220-497-8050,,071ms055@gmail.com,Estatal,Oficial,ESCUELA DE EDUCACIÓN SECUNDARIA,CONURBANO,Urbano,0,Oficial,SEDE,Segunda,Dirección Provincial de Educación Secundaria,607100288,Final 2025,298,151,147,13,"MAÑANA,TARDE",618006,0,55,-58.709131548870914,-34.6940980985599
6539,Merlo,19980,ESCUELA DE EDUCACIÓN SECUNDARIA Nº56,Región 8,0071MS0056,61800700,Educación Común,Nivel Secundario,DOBLAS - 1851,220-495-0715,,obs0710056@abc.gov.ar,Estatal,Oficial,ESCUELA DE EDUCACIÓN SECUNDARIA,CONURBANO,Urbano,1,Oficial,SEDE,Segunda,Dirección Provincial de Educación Secundaria,607100290,Final 2025,328,161,167,12,"MAÑANA,TARDE",618007,0,56,-58.6525227029535,-34.701751738185514
6539,Merlo,19981,ESCUELA DE EDUCACIÓN SECUNDARIA N°72,Región 8,0071MS0072,61800800,Educación Común,Nivel Secundario,DÁVILA ESQ. BURELA - S/N,220-489-0111,,secundaria72merlo@gmail.com,Estatal,Oficial,ESCUELA DE EDUCACIÓN SECUNDARIA,CONURBANO,Urbano,1,Oficial,SEDE,Segunda,Dirección Provincial de Educación Secundaria,607101633,Final 2025,401,205,196,15,"MAÑANA,TARDE",618008,0,72,-58.78240025793967,-34.6797719670786
6539,Merlo,19982,ESCUELA DE EDUCACIÓN SECUNDARIA Nº60,Región 8,0071MS0060,61800900,Educación Común,Nivel Secundario,IBERA - 3950,220-498-5462,,secundaria60merlo@abc.gob.ar,Estatal,Oficial,ESCUELA DE EDUCACIÓN SECUNDARIA,CONURBANO,Urbano,1,Oficial,SEDE,Primera,Dirección Provincial de Educación Secundaria,607101549,Final 2025,581,295,286,21,"MAÑANA,TARDE,VESPERTINO",618009,0,60,-58.79146989775136,-34.72947276096593
6539,Merlo,19983,ESCUELA DE EDUCACIÓN SECUNDARIA N°82,Región 8,0071MS0082,61801000,Educación Común,Nivel Secundario,MUÑIZ - 1709,220-492-2022,,secundaria82merlo@abc.gob.ar,Estatal,Oficial,ESCUELA DE EDUCACIÓN SECUNDARIA,CONURBANO,Urbano,1,Oficial,SEDE,Primera,Dirección Provincial de Educación Secundaria,607101717,Final 2025,576,263,313,16,"MAÑANA,TARDE",618010,0,82,-58.71129552721132,-34.73075252225206
6539,Merlo,19984,ESCUELA DE EDUCACIÓN SECUNDARIA N°83,Región 8,0071MS0083,61801100,Educación Común,Nivel Secundario,FEVAL E/ FRAGA Y DEAN FUNES - 651,220-489-2050,,jumano@abc.gob.ar,Estatal,Oficial,ESCUELA DE EDUCACIÓN SECUNDARIA,CONURBANO,Urbano,1,Oficial,SEDE,Segunda,Dirección Provincial de Educación Secundaria,607101729,Final 2025,468,228,240,17,"MAÑANA,TARDE",618011,0,83,-58.77301859323293,-34.68227186575363
6539,Merlo,19985,ESCUELA DE EDUCACIÓN SECUNDARIA N°71,Región 8,0071MS0071,61801200,Educación Común,Nivel Secundario,PLAZA Y J. CELMAN - S/N,220-492-5553,,mberg1@abc.gob.ar,Estatal,Oficial,ESCUELA DE EDUCACIÓN SECUNDARIA,CONURBANO,Urbano,1,Oficial,SEDE,Segunda,Dirección Provincial de Educación Secundaria,607101622,Final 2025,457,220,237,13,"MAÑANA,TARDE",618012,0,71,-58.67076740379571,-34.75559497467554
6749,San Fernando,20002,ESCUELA DE EDUCACIÓN SECUNDARIA Nº20,Región 6,0095MS0020,61802900,Educación Común,Nivel Secundario,MAIPU - 5523,11-4589-4560,,secundaria20sanfernando@gmail.com,Estatal,Oficial,ESCUELA DE EDUCACIÓN SECUNDARIA,CONURBANO,Urbano,2,Oficial,SEDE,Segunda,Dirección Provincial de Educación Secundaria,609500605,Final 2025,271,134,137,12,"MAÑANA,TARDE",618029,0,20,-58.59530388476548,-34.466181713214965
6568,Morón,20012,ESCUELA DE EDUCACIÓN SECUNDARIA Nº50,Región 8,0100MS0050,61803900,Educación Común,Nivel Secundario,URUGUAY E/ GARCÍA Y MITRE - 451,11-3772-7552,,secundaria50moron@abc.gob.ar,Estatal,Oficial,ESCUELA DE EDUCACIÓN SECUNDARIA,CONURBANO,Urbano,0,Oficial,SEDE,Segunda,Dirección Provincial de Educación Secundaria,610000248,Final 2025,245,119,126,10,"MAÑANA,TARDE",618039,0,50,-58.61758115865763,-34.65312489342261
6568,Morón,20013,"ESCUELA DE EDUCACIÓN SECUNDARIA N°54 ""MARÍA ELENA WALSH""",Región 8,0100MS0054,61804000,Educación Común,Nivel Secundario,ARREDONDO - 2465,11-4627-8776,,sb17castelar@hotmail.com,Estatal,Oficial,ESCUELA DE EDUCACIÓN SECUNDARIA,CONURBANO,Urbano,0,Oficial,SEDE,Segunda,Dirección Provincial de Educación Secundaria,610000063,Final 2025,373,177,196,18,"MAÑANA,TARDE",618040,0,54,-58.643035422643486,-34.648384713608955
6568,Morón,20016,ESCUELA DE EDUCACIÓN SECUNDARIA Nº45,Región 8,0100MS0045,61804300,Educación Común,Nivel Secundario,RICARDO GUTIERREZ - 453,11-4656-2236,70420,secundaria45moron@abc.gob.ar,Estatal,Oficial,ESCUELA DE EDUCACIÓN SECUNDARIA,CONURBANO,Urbano,0,Oficial,SEDE,Segunda,Dirección Provincial de Educación Secundaria,610000945,Final 2025,264,139,125,12,"MAÑANA,TARDE",618043,0,45,-58.57241531836138,-34.63776914574037
6568,Morón,20017,ESCUELA DE EDUCACIÓN SECUNDARIA N°60,Región 8,0100MS0060,61804400,Educación Común,Nivel Secundario,O´CONNOR - 460,11-4654-7005,,secundaria60moron@abc.gob.ar,Estatal,Oficial,ESCUELA DE EDUCACIÓN SECUNDARIA,CONURBANO,Urbano,0,Oficial,SEDE,Segunda,Dirección Provincial de Educación Secundaria,610001029,Final 2025,167,79,88,12,"MAÑANA,TARDE",618044,0,60,-58.56304332790096,-34.63649146755966
6568,Morón,20018,ESCUELA DE EDUCACIÓN SECUNDARIA Nº36,Región 8,0100MS0036,61804500,Educación Común,Nivel Secundario,HUNGRIA - 303,11-4476-0911,,secundaria36moron@abc.gob.ar,Estatal,Oficial,ESCUELA DE EDUCACIÓN SECUNDARIA,CONURBANO,Urbano,0,Oficial,SEDE,Segunda,Dirección Provincial de Educación Secundaria,610000899,Final 2025,344,157,187,17,"MAÑANA,TARDE",618045,0,36,-58.64163784179416,-34.69358554021035
6410,Ituzaingó,20019,ESCUELA DE EDUCACIÓN SECUNDARIA Nº19,Región 8,0136MS0019,61804600,Educación Común,Nivel Secundario,PATAGONIA - 2648,11-4481-5147,,secundaria18deituzaingo@gmail.com,Estatal,Oficial,ESCUELA DE EDUCACIÓN SECUNDARIA,CONURBANO,Urbano,1,Oficial,SEDE,Segunda,Dirección Provincial de Educación Secundaria,613600984,Final 2025,240,121,119,12,"MAÑANA,TARDE",618046,0,19,-58.70620598841997,-34.64618289331936
6568,Morón,20020,ESCUELA DE EDUCACIÓN SECUNDARIA Nº48,Región 8,0100MS0048,61804700,Educación Común,Nivel Secundario,CARTAGENA - 1158,11-3569-2376,,arhernandez@abc.gob.ar,Estatal,Oficial,ESCUELA DE EDUCACIÓN SECUNDARIA,CONURBANO,Urbano,0,Oficial,SEDE,Segunda,Dirección Provincial de Educación Secundaria,610000950,Final 2025,278,159,119,10,"MAÑANA,TARDE,VESPERTINO",618047,0,48,-58.63145834463776,-34.68218144252023
6568,Morón,20021,"ESCUELA DE EDUCACIÓN SECUNDARIA Nº38 ""PROVINCIAS ARGENTINAS""",Región 8,0100MS0038,61804800,Educación Común,Nivel Secundario,E. LOPEZ - 1364,-,,rcolella@abc.gob.ar,Estatal,Oficial,ESCUELA DE EDUCACIÓN SECUNDARIA,CONURBANO,Urbano,0,Oficial,SEDE,Tercera,Dirección Provincial de Educación Secundaria,610000810,Final 2025,119,57,62,12,"MAÑANA,TARDE",618048,0,38,-58.65444588037754,-34.66179323959296
6568,Morón,20022,ESCUELA DE EDUCACIÓN SECUNDARIA Nº42,Región 8,0100MS0042,61804900,Educación Común,Nivel Secundario,ACHAGA ESQ. TIERRA DEL FUEGO - 3476,11-4697-9266,,secundaria42moron@abc.gob.ar,Estatal,Oficial,ESCUELA DE EDUCACIÓN SECUNDARIA,CONURBANO,Urbano,0,Oficial,SEDE,Segunda,Dirección Provincial de Educación Secundaria,610000921,Final 2025,172,84,88,11,"MAÑANA,TARDE",618049,0,42,-58.6406296446374,-34.68645688019922
6408,Hurlingham,20023,"ESCUELA DE EDUCACIÓN SECUNDARIA Nº15 ""RENÉ FAVALORO""",Región 7,0135MS0015,61805000,Educación Común,Nivel Secundario,ASAMBLEA DEL AÑO XIII Y THEVENIN - S/N,11-5435-4154,,0135bs0015@gmail.com,Estatal,Oficial,ESCUELA DE EDUCACIÓN SECUNDARIA,CONURBANO,Urbano,0,Oficial,SEDE,Tercera,Dirección Provincial de Educación Secundaria,613500512,Final 2025,112,62,50,6,"MAÑANA,TARDE",618050,0,15,-58.62897814532423,-34.578587525193655
6408,Hurlingham,20026,"ESCUELA DE EDUCACIÓN SECUNDARIA Nº21 ""HÉROES DE MALVINAS""",Región 7,0135MS0021,61805300,Educación Común,Nivel Secundario,NIGHTINGALE - 1070,11-4450-0263,70371,0135bs@gmail.com,Estatal,Oficial,ESCUELA DE EDUCACIÓN SECUNDARIA,CONURBANO,Urbano,0,Oficial,SEDE,Segunda,Dirección Provincial de Educación Secundaria,613500148,Final 2025,184,90,94,9,"MAÑANA,TARDE",618053,0,21,-58.64062200258416,-34.62389888771785
6410,Ituzaingó,20027,ESCUELA DE EDUCACIÓN SECUNDARIA Nº16,Región 8,0136MS0016,61805400,Educación Común,Nivel Secundario,REPUBLICANA SUDAFRICANA - 2764,11-4458-4950,,secundaria16ituzaingo@gmail.com,Estatal,Oficial,ESCUELA DE EDUCACIÓN SECUNDARIA,CONURBANO,Urbano,0,Oficial,SEDE,Segunda,Dirección Provincial de Educación Secundaria,613600426,Final 2025,432,223,209,19,"MAÑANA,TARDE",618054,0,16,-58.695481285957925,-34.659802034072534
6408,Hurlingham,20028,"ESCUELA DE EDUCACIÓN SECUNDARIA N°23 ""ATAHUALPA YUPANQUI""",Región 7,0135MS0023,61805500,Educación Común,Nivel Secundario,MUSTONI (E/ PIOVANO Y MINOGUYE) - 2384,11-4452-7859,,0135bs0020@gmail.com,Estatal,Oficial,ESCUELA DE EDUCACIÓN SECUNDARIA,CONURBANO,Urbano,0,Oficial,SEDE,Tercera,Dirección Provincial de Educación Secundaria,613500554,Final 2025,106,53,53,6,"MAÑANA,TARDE",618055,0,23,-58.64678742204244,-34.579659485209554
6408,Hurlingham,20029,"ESCUELA DE EDUCACIÓN SECUNDARIA Nº 12 ""MERCEDES SOSA""",Región 7,0135MS0012,61805600,Educación Común,Nivel Secundario,GABRIEL DE ARISTIZÁBAL - 915,11-4450-0138,,secundaria12hurlingham@abc.gob.ar,Estatal,Oficial,ESCUELA DE EDUCACIÓN SECUNDARIA,CONURBANO,Urbano,0,Oficial,SEDE,Segunda,Dirección Provincial de Educación Secundaria,613500481,Final 2025,211,114,97,12,"MAÑANA,TARDE",618056,0,12,-58.65650572743452,-34.61995928567989
6408,Hurlingham,20030,"ESCUELA DE EDUCACIÓN SECUNDARIA TÉCNICA Nº3 ""VICTOR MERCANTE""",Región 7,0135MT0003,61805700,Educación Técnico Profesional,Nivel Secundario,ANDONAEGUI - 2295,11-4665-2867,,eest3hurlingham@abc.gob.ar,Estatal,Oficial,ESCUELA DE EDUCACIÓN SECUNDARIA TÉCNICA,CONURBANO,Urbano,0,Oficial,SEDE,Primera,Dirección Provincial de Educación Técnico Profesional,613501175,Final 2025,609,406,203,23,"MAÑANA,TARDE,VESPERTINO",618057,0,3,-58.65553728677713,-34.596889708307025
6410,Ituzaingó,20031,ESCUELA DE EDUCACIÓN SECUNDARIA Nº18,Región 8,0136MS0018,61805800,Educación Común,Nivel Secundario,GENERAL PINTO E/ QUIROS Y ESPEJO - 1754,2205-3658,,secundaria18ituzaingo@abc.gob.ar,Estatal,Oficial,ESCUELA DE EDUCACIÓN SECUNDARIA,CONURBANO,Urbano,1,Oficial,SEDE,Segunda,Dirección Provincial de Educación Secundaria,613600442,Final 2025,293,133,160,12,"MAÑANA,TARDE",618058,0,18,-58.67474410823384,-34.67483216340241
6408,Hurlingham,20033,"ESCUELA DE EDUCACIÓN SECUNDARIA Nº 9 "" RODOLFO WALSH""",Región 7,0135MS0009,61806000,Educación Común,Nivel Secundario,JÁCHAL - 3680,11-4665-4088,,hurlinghamsecundaria9@gmail.com,Estatal,Oficial,ESCUELA DE EDUCACIÓN SECUNDARIA,CONURBANO,Urbano,1,Oficial,SEDE,Segunda,Dirección Provincial de Educación Secundaria,613500078,Final 2025,468,230,238,18,"MAÑANA,TARDE",618060,0,9,-58.66774303517349,-34.58371718312718
6539,Merlo,20042,ESCUELA DE EDUCACIÓN SECUNDARIA Nº65,Región 8,0071MS0065,61806900,Educación Común,Nivel Secundario,VELLOSO Y QUESADA - S/N,220-498-4919,,secundaria65merlo@abc.gob.ar,Estatal,Oficial,ESCUELA DE EDUCACIÓN SECUNDARIA,CONURBANO,Urbano,0,Oficial,SEDE,Segunda,Dirección Provincial de Educación Secundaria,607101583,Final 2025,500,256,244,19,"MAÑANA,TARDE",618069,0,65,-58.77960905187611,-34.7027573107018
6539,Merlo,20050,ESCUELA DE EDUCACIÓN SECUNDARIA Nº38,Región 8,0071MS0038,61807700,Educación Común,Nivel Secundario,BACH Y MOZART - S/N,220-480-5841,,paaguilar@abc.gob.ar,Estatal,Oficial,ESCUELA DE EDUCACIÓN SECUNDARIA,CONURBANO,Urbano,1,Oficial,SEDE,Segunda,Dirección Provincial de Educación Secundaria,607101362,Final 2025,333,167,166,12,"MAÑANA,TARDE",618077,0,38,-58.75934587036688,-34.69411343868774
6539,Merlo,20051,ESCUELA DE EDUCACIÓN SECUNDARIA N°6 - ANEXO 1,Región 8,0071MS3061,61181501,Educación Común,Nivel Secundario,NUÑEZ ESQ. CORONDA - S/N,220-493-4318,,secundaria6merlo@abc.gob.ar,Estatal,Oficial,ESCUELA DE EDUCACIÓN SECUNDARIA,CONURBANO,Urbano,1,Oficial,ANEXO,S/Datos,Dirección Provincial de Educación Secundaria,607100257,Final 2025,197,106,91,6,"MAÑANA,TARDE",611815,1,3061,-58.72050279291143,-34.71057911481117
6371,General San Martín,20101,ESCUELA DE EDUCACIÓN SECUNDARIA Nº30,Región 7,0045MS0030,61812300,Educación Común,Nivel Secundario,ESPAÑA - 5640,11-4769-7638,,0045ms0030@gmail.com,Estatal,Oficial,ESCUELA DE EDUCACIÓN SECUNDARIA,CONURBANO,Urbano,0,Oficial,SEDE,Segunda,Dirección Provincial de Educación Secundaria,604501023,Final 2025,156,88,68,6,"MAÑANA,TARDE",618123,0,30,-58.58087998851961,-34.56105266894495
6371,General San Martín,20102,ESCUELA DE EDUCACIÓN SECUNDARIA Nº55,Región 7,0045MS0055,61812400,Educación Común,Nivel Secundario,BOULEVARD BALLESTER - 554,11-4738-0370,,0045ms0055@gmail.com,Estatal,Oficial,ESCUELA DE EDUCACIÓN SECUNDARIA,CONURBANO,Urbano,0,Oficial,SEDE,Segunda,Dirección Provincial de Educación Secundaria,604501132,Final 2025,227,115,112,12,"MAÑANA,TARDE",618124,0,55,-58.55821440377057,-34.54359499611156
6371,General San Martín,20104,ESCUELA DE EDUCACIÓN SECUNDARIA Nº31,Región 7,0045MS0031,61812600,Educación Común,Nivel Secundario,SAENZ PEÑA - 2953,11-4508-9158,,secundaria31sanmartin@abc.gob.ar,Estatal,Oficial,ESCUELA DE EDUCACIÓN SECUNDARIA,CONURBANO,Urbano,0,Oficial,SEDE,Segunda,Dirección Provincial de Educación Secundaria,604500683,Final 2025,179,106,73,12,"MAÑANA,TARDE",618126,0,31,-58.5358219035568,-34.568491647770685
6371,General San Martín,20105,ESCUELA DE EDUCACIÓN SECUNDARIA Nº53,Región 7,0045MS0053,61812700,Educación Común,Nivel Secundario,BARTOLOME MITRE E/ CUBA Y ENSENADA - 5473,11-4738-1755,84221,secundaria53sanmartin@abc.gob.ar,Estatal,Oficial,ESCUELA DE EDUCACIÓN SECUNDARIA,CONURBANO,Urbano,0,Oficial,SEDE,Tercera,Dirección Provincial de Educación Secundaria,604501121,Final 2025,151,84,67,6,MAÑANA,618127,0,53,-58.56724767112536,-34.55100767428584
6371,General San Martín,20106,ESCUELA DE EDUCACIÓN SECUNDARIA Nº28,Región 7,0045MS0028,61812800,Educación Común,Nivel Secundario,RIO NEGRO E/ LACROZE Y BOULEVARD - 350,11-4720-7947,47101,0045ms0028@gmail.com,Estatal,Oficial,ESCUELA DE EDUCACIÓN SECUNDARIA,CONURBANO,Urbano,0,Oficial,SEDE,Segunda,Dirección Provincial de Educación Secundaria,604501010,Final 2025,175,99,76,8,"MAÑANA,TARDE",618128,0,28,-58.56703775039075,-34.53702023069851
6371,General San Martín,20107,ESCUELA DE EDUCACIÓN SECUNDARIA Nº40,Región 7,0045MS0040,61812900,Educación Común,Nivel Secundario,OMBU ESQ. TUNUYAN - 1490,11-4518-1600,,secundaria40sanmartin@abc.gob.ar,Estatal,Oficial,ESCUELA DE EDUCACIÓN SECUNDARIA,CONURBANO,Urbano,0,Oficial,SEDE,Segunda,Dirección Provincial de Educación Secundaria,604500789,Final 2025,180,89,91,6,MAÑANA,618129,0,40,-58.54782860343583,-34.59196585456398
6371,General San Martín,20108,"ESCUELA DE EDUCACIÓN SECUNDARIA Nº52 ""DOCTOR RENÉ FAVALORO""",Región 7,0045MS0052,61813000,Educación Común,Nivel Secundario,INFANTA ISABEL - 2649,11-5197-0473,,0045ms0052@gmail.com,Estatal,Oficial,ESCUELA DE EDUCACIÓN SECUNDARIA,CONURBANO,Urbano,0,Oficial,SEDE,Segunda,Dirección Provincial de Educación Secundaria,604500237,Final 2025,240,120,120,12,"MAÑANA,TARDE",618130,0,52,-58.56240304926018,-34.58732461963492
6371,General San Martín,20109,ESCUELA DE EDUCACIÓN SECUNDARIA Nº44,Región 7,0045MS0044,61813100,Educación Común,Nivel Secundario,90 E/15 Y 17 - 750,11-6080-5148,,secundaria44sanmartin@abc.gob.ar,Estatal,Oficial,ESCUELA DE EDUCACIÓN SECUNDARIA,CONURBANO,Urbano,0,Oficial,SEDE,Segunda,Dirección Provincial de Educación Secundaria,604500179,Final 2025,215,100,115,12,"MAÑANA,TARDE",618131,0,44,-58.53105598821325,-34.54483012390205
6371,General San Martín,20110,ESCUELA DE EDUCACIÓN SECUNDARIA Nº32,Región 7,0045MS0032,61813200,Educación Común,Nivel Secundario,PROFESOR SIMON Y QUINTANA - 1439,11-4849-0160/11588,,secundaria32sanmartin@abc.gob.ar,Estatal,Oficial,ESCUELA DE EDUCACIÓN SECUNDARIA,CONURBANO,Urbano,0,Oficial,SEDE,Segunda,Dirección Provincial de Educación Secundaria,604501034,Final 2025,208,109,99,12,"MAÑANA,TARDE",618132,0,32,-58.55341761949593,-34.53398588331286
6539,Merlo,20115,ESCUELA DE EDUCACIÓN SECUNDARIA Nº29,Región 8,0071MS0029,61813700,Educación Común,Nivel Secundario,TRENQUE LAUQUEN E/D. ALIGHIERI Y LORIA - S/N,220-498-9603,,gracieladevita@hotmail.es,Estatal,Oficial,ESCUELA DE EDUCACIÓN SECUNDARIA,CONURBANO,Urbano,1,Oficial,SEDE,Primera,Dirección Provincial de Educación Secundaria,607102896,Final 2025,701,355,346,22,"MAÑANA,TARDE",618137,0,29,-58.83688867600412,-34.691640184024244
6539,Merlo,20116,ESCUELA DE EDUCACIÓN SECUNDARIA Nº70,Región 8,0071MS0070,61813800,Educación Común,Nivel Secundario,CHASCOMÚS - 1079,220-497-2541,,secundaria70merlo@abc.gob.ar,Estatal,Oficial,ESCUELA DE EDUCACIÓN SECUNDARIA,CONURBANO,Urbano,1,Oficial,SEDE,Segunda,Dirección Provincial de Educación Secundaria,607101614,Final 2025,319,153,166,12,"MAÑANA,TARDE",618138,0,70,-58.677724772959856,-34.69836803227031
6539,Merlo,20117,ESCUELA DE EDUCACIÓN SECUNDARIA N°69,Región 8,0071MS0069,61813900,Educación Común,Nivel Secundario,RIVAROLA Y SANTO DOMINGO - S/N,220-494-8255,70355,manuel_fernandez07@hotmail.com,Estatal,Oficial,ESCUELA DE EDUCACIÓN SECUNDARIA,CONURBANO,Urbano,0,Oficial,SEDE,Segunda,Dirección Provincial de Educación Secundaria,607101605,Final 2025,426,183,243,14,"MAÑANA,TARDE",618139,0,69,-58.69411721170008,-34.706232929519885
6539,Merlo,20118,ESCUELA DE EDUCACIÓN SECUNDARIA Nº50,Región 8,0071MS0050,61814000,Educación Común,Nivel Secundario,JUAN POSSE - S/N,220-498-2578,,secundaria50merlo@abc.gob.ar,Estatal,Oficial,ESCUELA DE EDUCACIÓN SECUNDARIA,CONURBANO,Urbano,0,Oficial,SEDE,Segunda,Dirección Provincial de Educación Secundaria,607101468,Final 2025,381,199,182,13,"MAÑANA,TARDE",618140,0,50,-58.79019603683039,-34.71208490114187
6539,Merlo,20119,ESCUELA DE EDUCACIÓN SECUNDARIA N°85,Región 8,0071MS0085,62440200,Educación Común,Nivel Secundario,CARCARAÑA - 439,220-482-6562,,secundaria85merlo@abc.gob.ar,Estatal,Oficial,ESCUELA DE EDUCACIÓN SECUNDARIA,CONURBANO,Urbano,0,Oficial,SEDE,Segunda,Dirección Provincial de Educación Secundaria,607102831,Final 2025,160,92,68,6,MAÑANA,624402,0,85,-58.74999544390028,-34.66920968443775
6539,Merlo,20120,ESCUELA DE EDUCACIÓN SECUNDARIA Nº26,Región 8,0071MS0026,61814200,Educación Común,Nivel Secundario,SAN JUAN - 1150,220-483-2115,,hbarrios1@abc.gob.ar,Estatal,Oficial,ESCUELA DE EDUCACIÓN SECUNDARIA,CONURBANO,Urbano,0,Oficial,SEDE,Segunda,Dirección Provincial de Educación Secundaria,607101260,Final 2025,323,165,158,14,"MAÑANA,TARDE",618142,0,26,-58.70963474825623,-34.661673976951725
6539,Merlo,20121,"ESCUELA DE EDUCACIÓN SECUNDARIA Nº27 ""LAGO DEL BOSQUE""",Región 8,0071MS0027,61814300,Educación Común,Nivel Secundario,RODIN Y GALENO - S/N,220-482-2977,,pablocarmo1973@gmail.com,Estatal,Oficial,ESCUELA DE EDUCACIÓN SECUNDARIA,CONURBANO,Urbano,1,Oficial,SEDE,Segunda,Dirección Provincial de Educación Secundaria,607101273,Final 2025,307,157,150,12,"MAÑANA,TARDE",618143,0,27,-58.74326416762732,-34.6579967239792
6539,Merlo,20122,"ESCUELA DE EDUCACIÓN SECUNDARIA N°80 ""EL OMBÚ""",Región 8,0071MS0080,61814400,Educación Común,Nivel Secundario,PORTELA - 4789,11-6359-9868,,obs0710046@abc.gov.ar,Estatal,Oficial,ESCUELA DE EDUCACIÓN SECUNDARIA,CONURBANO,Urbano,1,Oficial,SEDE,Segunda,Dirección Provincial de Educación Secundaria,607101698,Final 2025,475,229,246,16,"MAÑANA,TARDE",618144,0,80,-58.68278653076485,-34.742003507040664
6539,Merlo,20123,ESCUELA DE EDUCACIÓN SECUNDARIA Nº58,Región 8,0071MS0058,61814500,Educación Común,Nivel Secundario,OPERATIVO CONDOR Y FRAGA - S/N,220-498-5730,,escuelasecundaria58@outlook.com,Estatal,Oficial,ESCUELA DE EDUCACIÓN SECUNDARIA,CONURBANO,Urbano,1,Oficial,SEDE,Segunda,Dirección Provincial de Educación Secundaria,607102798,Final 2025,368,200,168,15,"MAÑANA,TARDE",618145,0,58,-58.78066521635722,-34.68799907764584
6539,Merlo,20124,ESCUELA DE EDUCACIÓN SECUNDARIA Nº73,Región 8,0071MS0073,61814600,Educación Común,Nivel Secundario,MATACO Y TEHERÁN - 2625,220-497-4946,,esecundaria73region8@gmail.com,Estatal,Oficial,ESCUELA DE EDUCACIÓN SECUNDARIA,CONURBANO,Urbano,1,Oficial,SEDE,Segunda,Dirección Provincial de Educación Secundaria,607101646,Final 2025,173,86,87,6,"MAÑANA,TARDE",618146,0,73,-58.665223450700886,-34.691327266239895
6539,Merlo,20125,ESCUELA DE EDUCACIÓN SECUNDARIA Nº49,Región 8,0071MS0049,61814700,Educación Común,Nivel Secundario,SEGUROLA - 66,220-497-3263,70130,ees49secretaria@gmail.com,Estatal,Oficial,ESCUELA DE EDUCACIÓN SECUNDARIA,CONURBANO,Urbano,1,Oficial,SEDE,Tercera,Dirección Provincial de Educación Secundaria,607102877,Final 2025,123,66,57,6,"MAÑANA,TARDE",618147,0,49,-58.702091878015295,-34.69928344777154
6539,Merlo,20126,ESCUELA DE EDUCACIÓN SECUNDARIA Nº59,Región 8,0071MS0059,61814800,Educación Común,Nivel Secundario,HUGO DEL CARRIL Y LA NIÑA - 3610,220-498-5446,,secundaria59merlo@abc.gob.ar,Estatal,Oficial,ESCUELA DE EDUCACIÓN SECUNDARIA,CONURBANO,Urbano,1,Oficial,SEDE,Segunda,Dirección Provincial de Educación Secundaria,607101531,Final 2025,412,213,199,15,"MAÑANA,TARDE",618148,0,59,-58.8043279628959,-34.723729717845764
6539,Merlo,20128,ESCUELA DE EDUCACIÓN SECUNDARIA Nº37,Región 8,0071MS0037,61815000,Educación Común,Nivel Secundario,ESCOBAR - 2417,220-494-0666,,secundariabasica53@hotmail.com,Estatal,Oficial,ESCUELA DE EDUCACIÓN SECUNDARIA,CONURBANO,Urbano,1,Oficial,SEDE,Segunda,Dirección Provincial de Educación Secundaria,607101358,Final 2025,320,165,155,12,"MAÑANA,TARDE",618150,0,37,-58.68557237016796,-34.704401518414905
6568,Morón,20163,ESCUELA DE EDUCACIÓN SECUNDARIA Nº51,Región 8,0100MS0051,61818500,Educación Común,Nivel Secundario,SAN MARTÍN E/ PELLEGRINI Y SANTA FE - 620,11-4629-0213,70181,secundaria51moron@abc.gob.ar,Estatal,Oficial,ESCUELA DE EDUCACIÓN SECUNDARIA,CONURBANO,Urbano,0,Oficial,SEDE,Segunda,Dirección Provincial de Educación Secundaria,610000037,Final 2025,252,108,144,12,"MAÑANA,TARDE",618185,0,51,-58.62267028458661,-34.65497255599808
6408,Hurlingham,20164,"ESCUELA DE EDUCACIÓN SECUNDARIA Nº7 ""MARÍA REMEDIOS DEL VALLE""",Región 7,0135MS0007,61818600,Educación Común,Nivel Secundario,KIERNAN  Y PROF. CASTAGNA - S/N,11-4459-7309,,secundaria7hurlingham@abc.gob.ar,Estatal,Oficial,ESCUELA DE EDUCACIÓN SECUNDARIA,CONURBANO,Urbano,0,Oficial,SEDE,Segunda,Dirección Provincial de Educación Secundaria,613500452,Final 2025,261,122,139,12,MAÑANA,618186,0,7,-58.6509698646798,-34.62639761257098
6568,Morón,20165,ESCUELA DE EDUCACIÓN SECUNDARIA Nº46,Región 8,0100MS0046,61818700,Educación Común,Nivel Secundario,FERNANDEZ MORENO - 851,11-4645-0947,,graolmos@hotmail.com,Estatal,Oficial,ESCUELA DE EDUCACIÓN SECUNDARIA,CONURBANO,Urbano,0,Oficial,SEDE,Segunda,Dirección Provincial de Educación Secundaria,610000160,Final 2025,212,110,102,12,"MAÑANA,TARDE",618187,0,46,-58.620558675355,-34.66119343863607
6568,Morón,20166,"ESCUELA DE EDUCACIÓN SECUNDARIA Nº44 ""NUESTRA SEÑORA DE LAS MERCEDES""",Región 8,0100MS0044,61818800,Educación Común,Nivel Secundario,AVDA. VERGARA ESQ. A. FARIAS - 352,11-4483-2136,,secundaria44moron@abc.gob.ar,Estatal,Oficial,ESCUELA DE EDUCACIÓN SECUNDARIA,CONURBANO,Urbano,0,Oficial,SEDE,Segunda,Dirección Provincial de Educación Secundaria,610000156,Final 2025,305,132,173,14,"MAÑANA,TARDE",618188,0,44,-58.62690670987583,-34.63786116406094
6568,Morón,20167,ESCUELA DE EDUCACIÓN SECUNDARIA Nº40,Región 8,0100MS0040,61818900,Educación Común,Nivel Secundario,AVDA. EVA PERÓN - 2352,11-4697-2898,,40secundaria@gmail.com,Estatal,Oficial,ESCUELA DE EDUCACIÓN SECUNDARIA,CONURBANO,Urbano,0,Oficial,SEDE,Segunda,Dirección Provincial de Educación Secundaria,610000059,Final 2025,300,136,164,12,"MAÑANA,TARDE",618189,0,40,-58.63113620755505,-34.67452339843649
6410,Ituzaingó,20168,ESCUELA DE EDUCACIÓN SECUNDARIA Nº17,Región 8,0136MS0017,61819000,Educación Común,Nivel Secundario,SAN JUSTO E/ CERRITO Y SCHWEITZER - 3574,-,,secundaria17ituzaingo@abc.gob.ar,Estatal,Oficial,ESCUELA DE EDUCACIÓN SECUNDARIA,CONURBANO,Urbano,0,Oficial,SEDE,Segunda,Dirección Provincial de Educación Secundaria,613600435,Final 2025,327,187,140,13,"MAÑANA,TARDE,VESPERTINO",618190,0,17,-58.701878030626574,-34.63407382284997
6408,Hurlingham,20169,ESCUELA DE EDUCACIÓN SECUNDARIA Nº17 ALFONSINA STORNI,Región 7,0135MS0017,61819100,Educación Común,Nivel Secundario,DELL EVA - 1935,11-4662-4720,,secundaria17hurlingham@abc.gob.ar,Estatal,Oficial,ESCUELA DE EDUCACIÓN SECUNDARIA,CONURBANO,Urbano,0,Oficial,SEDE,Segunda,Dirección Provincial de Educación Secundaria,613501134,Final 2025,244,139,105,12,"MAÑANA,TARDE",618191,0,17,-58.64456253428299,-34.5934262465414
6408,Hurlingham,20170,"ESCUELA DE EDUCACIÓN SECUNDARIA Nº18 ""MALVINAS ARGENTINAS""",Región 7,0135MS0018,61819200,Educación Común,Nivel Secundario,RECAGNO - 550,11-4662-1022,,0135ms0018@gmail.com,Estatal,Oficial,ESCUELA DE EDUCACIÓN SECUNDARIA,CONURBANO,Urbano,0,Oficial,SEDE,Segunda,Dirección Provincial de Educación Secundaria,613500531,Final 2025,258,120,138,12,"MAÑANA,TARDE",618192,0,18,-58.6397656373794,-34.57559662511459
6410,Ituzaingó,20171,ESCUELA DE EDUCACIÓN SECUNDARIA Nº15,Región 8,0136MS0015,61819300,Educación Común,Nivel Secundario,BAGNAT E/TERRERO Y POSADAS - 955,11-4458-2378,,edgutierrez3@abc.gob.ar,Estatal,Oficial,ESCUELA DE EDUCACIÓN SECUNDARIA,CONURBANO,Urbano,0,Oficial,SEDE,Tercera,Dirección Provincial de Educación Secundaria,613600419,Final 2025,154,73,81,6,"MAÑANA,TARDE",618193,0,15,-58.68368028398418,-34.65746110858241
6408,Hurlingham,20172,"ESCUELA DE EDUCACIÓN SECUNDARIA Nº10 ""LEONARDO ROSALES""",Región 7,0135MS0010,61819400,Educación Común,Nivel Secundario,BALBOA - 151,11-4459-6482,,ericadb@hotmail.com,Estatal,Oficial,ESCUELA DE EDUCACIÓN SECUNDARIA,CONURBANO,Urbano,0,Oficial,SEDE,Segunda,Dirección Provincial de Educación Secundaria,613500468,Final 2025,286,131,155,17,"MAÑANA,TARDE",618194,0,10,-58.62925719771626,-34.612613566673886
6568,Morón,20173,ESCUELA DE EDUCACIÓN SECUNDARIA Nº57,Región 8,0100MS0057,61819500,Educación Común,Nivel Secundario,EL RODEO - 730,11-4758-3159,79881,lilianailerin@gmail.com,Estatal,Oficial,ESCUELA DE EDUCACIÓN SECUNDARIA,CONURBANO,Urbano,0,Oficial,SEDE,Segunda,Dirección Provincial de Educación Secundaria,610001017,Final 2025,155,94,61,6,"MAÑANA,TARDE",618195,0,57,-58.59150790932273,-34.616938353148875
6568,Morón,20174,ESCUELA DE EDUCACIÓN SECUNDARIA Nº43,Región 8,0100MS0043,61819600,Educación Común,Nivel Secundario,SANTA TERESA - 2046,11-6038-9489,,adolfo.dir@hotmail.com,Estatal,Oficial,ESCUELA DE EDUCACIÓN SECUNDARIA,CONURBANO,Urbano,0,Oficial,SEDE,Segunda,Dirección Provincial de Educación Secundaria,610000932,Final 2025,255,136,119,12,"MAÑANA,TARDE",618196,0,43,-58.612481124459904,-34.67262573161111
6568,Morón,20175,ESCUELA DE EDUCACIÓN SECUNDARIA Nº53,Región 8,0100MS0053,61819700,Educación Común,Nivel Secundario,NEUQUEN - 529,11-4751-3319,,ees53palomar@gmail.com,Estatal,Oficial,ESCUELA DE EDUCACIÓN SECUNDARIA,CONURBANO,Urbano,0,Oficial,SEDE,Segunda,Dirección Provincial de Educación Secundaria,610000984,Final 2025,392,211,181,18,"MAÑANA,TARDE",618197,0,53,-58.59008007892992,-34.608320165644585
6410,Ituzaingó,20176,"ESCUELA DE EDUCACIÓN SECUNDARIA Nº 9 ""AMÉRICA LATINA""",Región 8,0136MS0009,61819800,Educación Común,Nivel Secundario,CASTELAR - 3300,11-4621-6817,,secundaria9ituzaingo@abc.gob.ar,Estatal,Oficial,ESCUELA DE EDUCACIÓN SECUNDARIA,CONURBANO,Urbano,0,Oficial,SEDE,Segunda,Dirección Provincial de Educación Secundaria,613600063,Final 2025,258,133,125,12,"MAÑANA,TARDE",618198,0,9,-58.70550417855031,-34.64235122534975
6410,Ituzaingó,20177,"ESCUELA DE EDUCACIÓN SECUNDARIA Nº11 ""MARÍA EVA DUARTE""",Región 8,0136MS0011,61819900,Educación Común,Nivel Secundario,CAAGUAZU ESQ. 24 DE OCTUBRE - 910,11-4623-9723,,secundaria11ituzaingo@abc.gob.ar,Estatal,Oficial,ESCUELA DE EDUCACIÓN SECUNDARIA,CONURBANO,Urbano,0,Oficial,SEDE,Segunda,Dirección Provincial de Educación Secundaria,613600398,Final 2025,249,129,120,12,"MAÑANA,TARDE",618199,0,11,-58.68200779487279,-34.670395935980736
6408,Hurlingham,20179,"ESCUELA DE EDUCACIÓN SECUNDARIA Nº11 ""SARGENTO CABRAL""",Región 7,0135MS0011,61820100,Educación Común,Nivel Secundario,BEETHOVEN - 1048,11-4452-2195,,secundaria11hurlingham@abc.gob.ar,Estatal,Oficial,ESCUELA DE EDUCACIÓN SECUNDARIA,CONURBANO,Urbano,0,Oficial,SEDE,Segunda,Dirección Provincial de Educación Secundaria,613500475,Final 2025,282,132,150,11,"MAÑANA,TARDE",618201,0,11,-58.64086301565411,-34.60405383933373
6410,Ituzaingó,20180,ESCUELA DE EDUCACIÓN SECUNDARIA Nº12,Región 8,0136MS0012,61820200,Educación Común,Nivel Secundario,ORAN ESQ. LA PIEDAD - 2070,11-4624-7714,,lamagaba@hotmail.com,Estatal,Oficial,ESCUELA DE EDUCACIÓN SECUNDARIA,CONURBANO,Urbano,1,Oficial,SEDE,Segunda,Dirección Provincial de Educación Secundaria,613600037,Final 2025,150,75,75,7,"MAÑANA,TARDE",618202,0,12,-58.679184436351534,-34.63894289029933
6568,Morón,20182,ESCUELA DE EDUCACIÓN SECUNDARIA Nº39,Región 8,0100MS0039,61820400,Educación Común,Nivel Secundario,CAÑADA DE JUAN RUIZ - 320,11-4483-0255,,secundaria39moron@abc.gob.ar,Estatal,Oficial,ESCUELA DE EDUCACIÓN SECUNDARIA,CONURBANO,Urbano,0,Oficial,SEDE,Tercera,Dirección Provincial de Educación Secundaria,610000913,Final 2025,127,77,50,12,"TARDE,VESPERTINO",618204,0,39,-58.62890701938957,-34.648672190889044
6410,Ituzaingó,20183,"ESCUELA DE EDUCACIÓN SECUNDARIA Nº8 ""SONIA VON SCHMELING""",Región 8,0136MS0008,61820500,Educación Común,Nivel Secundario,DEL CABESTRO E/ SARMIENTO Y L. CARO - 350,11-4621-7506,,eesituz@hotmail.com,Estatal,Oficial,ESCUELA DE EDUCACIÓN SECUNDARIA,CONURBANO,Urbano,1,Oficial,SEDE,Segunda,Dirección Provincial de Educación Secundaria,613600380,Final 2025,245,123,122,11,"MAÑANA,TARDE",618205,0,8,-58.695086202765296,-34.60095790388377
6410,Ituzaingó,20196,ESCUELA DE EDUCACIÓN SECUNDARIA Nº20,Región 8,0136MS0020,61821800,Educación Común,Nivel Secundario,AVDA. PEREZ QUINTANA Y GAONA - 4500,11-2820-5996,,esb20arte@gmail.com,Estatal,Oficial,ESCUELA DE EDUCACIÓN SECUNDARIA,CONURBANO,Urbano,0,Oficial,SEDE,Segunda,Dirección Provincial de Educación Secundaria,613600461,Final 2025,222,110,112,9,"MAÑANA,TARDE",618218,0,20,-58.71159960382146,-34.62987341990586
6410,Ituzaingó,20199,ESCUELA DE EDUCACIÓN SECUNDARIA Nº14,Región 8,0136MS0014,61822100,Educación Común,Nivel Secundario,AUSTRIA E/ ALMAGRO Y PORTUGAL - 2757,11-2205-3669,70357,eesecundaria14@gmail.com,Estatal,Oficial,ESCUELA DE EDUCACIÓN SECUNDARIA,CONURBANO,Urbano,1,Oficial,SEDE,Segunda,Dirección Provincial de Educación Secundaria,613600403,Final 2025,150,62,88,6,MAÑANA,618221,0,14,-58.69927509393208,-34.65121333615987
6364,General Rodríguez,20212,"ESCUELA DE EDUCACIÓN SECUNDARIA Nº7 ""JUANA AZURDUY""",Región 10,0044MS0007,61827200,Educación Común,Nivel Secundario,J. LINERA Y VELEZ SARSFIELD - 1161,2323-66-8500,,secundaria7grodriguez@abc.gob.ar,Estatal,Oficial,ESCUELA DE EDUCACIÓN SECUNDARIA,INTERIOR,Urbano,0,Oficial,SEDE,Segunda,Dirección Provincial de Educación Secundaria,604400032,Final 2025,524,259,265,15,"MAÑANA,TARDE,VESPERTINO",618272,0,7,-58.99956780872751,-34.60129420033267
6364,General Rodríguez,20213,ESCUELA DE EDUCACIÓN SECUNDARIA Nº5,Región 10,0044MS0005,61827300,Educación Común,Nivel Secundario,PUERTA DEL PLATA - 650,237-484-3095,,adrianbertoli@hotmail.com,Estatal,Oficial,ESCUELA DE EDUCACIÓN SECUNDARIA,INTERIOR,Urbano,0,Oficial,SEDE,Primera,Dirección Provincial de Educación Secundaria,604400508,Final 2025,728,329,399,18,"MAÑANA,TARDE",618273,0,5,-58.930363588804624,-34.59390790340106
6760,San Miguel,20215,ESCUELA DE EDUCACIÓN SECUNDARIA Nº8,Región 9,0131MS0008,61827500,Educación Común,Nivel Secundario,BARRIO DE SUBOFICIALES SARGENTO CABRAL - S/N,11-4451-7179,,secundaria8sanmiguel@abc.gob.ar,Estatal,Oficial,ESCUELA DE EDUCACIÓN SECUNDARIA,CONURBANO,Urbano,0,Oficial,SEDE,Primera,Dirección Provincial de Educación Secundaria,613100626,Final 2025,610,300,310,26,"MAÑANA,TARDE",618275,0,8,-58.69499757776917,-34.52763532724254
6760,San Miguel,20217,"ESCUELA DE EDUCACIÓN SECUNDARIA Nº25 ""STELLA MALDONADO""",Región 9,0131MS0025,61827700,Educación Común,Nivel Secundario,URQUIZA - 1327,11-4667-2678,,secundaria25sanmiguel@abc.gob.ar,Estatal,Oficial,ESCUELA DE EDUCACIÓN SECUNDARIA,CONURBANO,Urbano,0,Oficial,SEDE,Segunda,Dirección Provincial de Educación Secundaria,613101913,Final 2025,492,258,234,21,"MAÑANA,TARDE",618277,0,25,-58.70493971169646,-34.54050963846846
6760,San Miguel,20218,"ESCUELA DE EDUCACIÓN SECUNDARIA Nº30 ""DR. RENÉ FAVALORO""",Región 9,0131MS0030,61827800,Educación Común,Nivel Secundario,LAS DELICIAS - 3579,-,,ees30sanmiguel@gmail.com,Estatal,Oficial,ESCUELA DE EDUCACIÓN SECUNDARIA,CONURBANO,Urbano,1,Oficial,SEDE,Segunda,Dirección Provincial de Educación Secundaria,613100089,Final 2025,361,191,170,12,"MAÑANA,TARDE",618278,0,30,-58.74785283653856,-34.5495637335791
6760,San Miguel,20219,"ESCUELA DE EDUCACIÓN SECUNDARIA Nº21 ""FLOREAL AVELLANEDA""",Región 9,0131MS0021,61827900,Educación Común,Nivel Secundario,LAS TRES MARÍAS - 1953,11-6068-3214,,secundaria21sanmiguel@abc.gob.ar,Estatal,Oficial,ESCUELA DE EDUCACIÓN SECUNDARIA,CONURBANO,Urbano,1,Oficial,SEDE,Segunda,Dirección Provincial de Educación Secundaria,613100252,Final 2025,343,178,165,13,"MAÑANA,TARDE",618279,0,21,-58.750518870112025,-34.570945280629886
6760,San Miguel,20220,ESCUELA DE EDUCACIÓN SECUNDARIA Nº28,Región 9,0131MS0028,61828000,Educación Común,Nivel Secundario,EL ZONDA E/ IRIGOIN Y MALVINAS - 2475,11-4465-0965,,secundaria28sanmiguel@abc.gob.ar,Estatal,Oficial,ESCUELA DE EDUCACIÓN SECUNDARIA,CONURBANO,Urbano,0,Oficial,SEDE,Primera,Dirección Provincial de Educación Secundaria,613100851,Final 2025,443,210,233,16,"MAÑANA,TARDE",618280,0,28,-58.74933024840932,-34.56213328496854
6515,Malvinas Argentinas,20221,"ESCUELA DE EDUCACIÓN SECUNDARIA Nº 41 ""JUANA AZURDUY""",Región 9,0133MS0041,61828100,Educación Común,Nivel Secundario,PERÚ - 1286,2320-62-5869,,silviacoronel28@hotmail.com,Estatal,Oficial,ESCUELA DE EDUCACIÓN SECUNDARIA,CONURBANO,Urbano,1,Oficial,SEDE,Segunda,Dirección Provincial de Educación Secundaria,613300862,Final 2025,442,229,213,16,"MAÑANA,TARDE",618281,0,41,-58.73522761634609,-34.47834338101664
6515,Malvinas Argentinas,20222,"ESCUELA DE EDUCACIÓN SECUNDARIA Nº23 ""JULIETA LANTERI""",Región 9,0133MS0023,61828200,Educación Común,Nivel Secundario,PIEDRABUENA - 898,2320-48-0782,,secundaria23malvinasarg@abc.gob.ar,Estatal,Oficial,ESCUELA DE EDUCACIÓN SECUNDARIA,CONURBANO,Urbano,2,Oficial,SEDE,Segunda,Dirección Provincial de Educación Secundaria,613300760,Final 2025,505,267,238,18,"MAÑANA,TARDE",618282,0,23,-58.73886040689478,-34.48353066657503
6412,José C. Paz,20223,ESCUELA DE EDUCACIÓN SECUNDARIA Nº21,Región 9,0132MS0021,61828300,Educación Común,Nivel Secundario,CANAL DE PANAMA Y SAN BLAS - S/N,2320-44-5431,,ramon-antoni-orioz@hotmail.com,Estatal,Oficial,ESCUELA DE EDUCACIÓN SECUNDARIA,CONURBANO,Urbano,1,Oficial,SEDE,Primera,Dirección Provincial de Educación Secundaria,613200609,Final 2025,625,303,322,17,"MAÑANA,TARDE,VESPERTINO",618283,0,21,-58.81111341285319,-34.505817611093576
6805,Tigre,20224,ESCUELA DE EDUCACIÓN SECUNDARIA Nº33,Región 6,0055MS0033,61828400,Educación Común,Nivel Secundario,PADRE NUESTRO Y TALAN TALAN - 2175,-,,secundaria33tigre@gmail.com,Estatal,Oficial,ESCUELA DE EDUCACIÓN SECUNDARIA,CONURBANO,Urbano,3,Oficial,SEDE,Segunda,Dirección Provincial de Educación Secundaria,605501141,Final 2025,387,203,184,14,"MAÑANA,TARDE",618284,0,33,-58.65531124241669,-34.44897814825072
6805,Tigre,20225,"ESCUELA DE EDUCACIÓN SECUNDARIA Nº 13 ""AMÉRICA LATINA""",Región 6,0055MS0013,61828500,Educación Común,Nivel Secundario,DA VINCI Y FRENCH - 621,11-4859-2289,,secundaria13tigre@abc.gob.ar,Estatal,Oficial,ESCUELA DE EDUCACIÓN SECUNDARIA,CONURBANO,Urbano,2,Oficial,SEDE,Segunda,Dirección Provincial de Educación Secundaria,605501037,Final 2025,245,136,109,12,"MAÑANA,TARDE",618285,0,13,-58.60797701821408,-34.45909759824652
6805,Tigre,20226,ESCUELA DE EDUCACIÓN SECUNDARIA Nº16,Región 6,0055MS0016,61828600,Educación Común,Nivel Secundario,9 DE JULIO - 24,348-444-3362,,secundaria16tigre@gmail.com,Estatal,Oficial,ESCUELA DE EDUCACIÓN SECUNDARIA,CONURBANO,Urbano,1,Oficial,SEDE,Segunda,Dirección Provincial de Educación Secundaria,605501044,Final 2025,399,202,197,15,"MAÑANA,TARDE",618286,0,16,-58.68634382556062,-34.35831247911575
6805,Tigre,20228,ESCUELA DE EDUCACIÓN SECUNDARIA Nº14,Región 6,0055MS0014,61828800,Educación Común,Nivel Secundario,C. LARRALDE - 2228,11-4506-9047,,secundaria14tigre@abc.gob.ar,Estatal,Oficial,ESCUELA DE EDUCACIÓN SECUNDARIA,CONURBANO,Urbano,0,Oficial,SEDE,Segunda,Dirección Provincial de Educación Secundaria,605500062,Final 2025,410,184,226,22,"MAÑANA,TARDE",618288,0,14,-58.58614595077394,-34.44239749594715
6805,Tigre,20229,ESCUELA DE EDUCACIÓN SECUNDARIA N°50,Región 6,0055MS0050,62450100,Educación Común,Nivel Secundario,ECUADOR - 1410,11-4589-7868,,secundariabasica20@gmail.com,Estatal,Oficial,ESCUELA DE EDUCACIÓN SECUNDARIA,CONURBANO,Urbano,0,Oficial,SEDE,Segunda,Dirección Provincial de Educación Secundaria,605501276,Final 2025,235,105,130,12,"MAÑANA,TARDE",624501,0,50,-58.59450688038719,-34.41020751606348
6805,Tigre,20231,"ESCUELA DE EDUCACIÓN SECUNDARIA N°41 ""MAESTRO RENÉ FERREYRA""",Región 6,0055MS0041,61829100,Educación Común,Nivel Secundario,EL SALVADOR Y CEPEDA - S/N,11-4740-0641,,ctagarro@abc.gob.ar,Estatal,Oficial,ESCUELA DE EDUCACIÓN SECUNDARIA,CONURBANO,Urbano,0,Oficial,SEDE,Segunda,Dirección Provincial de Educación Secundaria,605500155,Final 2025,330,154,176,12,"MAÑANA,TARDE",618291,0,41,-58.66617374452189,-34.483262861491426
6805,Tigre,20232,"ESCUELA DE EDUCACIÓN SECUNDARIA Nº19 ""JORGE EDUARDO LOPEZ HÉROE DE MALVINAS""",Región 6,0055MS0019,61829200,Educación Común,Nivel Secundario,ALMIRANTE BROWN - 195,11-4715-3848,,ees19tigre@yahoo.com.ar,Estatal,Oficial,ESCUELA DE EDUCACIÓN SECUNDARIA,CONURBANO,Urbano,0,Oficial,SEDE,Primera,Dirección Provincial de Educación Secundaria,605501071,Final 2025,981,486,495,34,"MAÑANA,TARDE,VESPERTINO",618292,0,19,-58.61417519203053,-34.45514313224923
6805,Tigre,20233,ESCUELA DE EDUCACIÓN SECUNDARIA N°34 “LOLA MORA”,Región 6,0055MS0034,61829300,Educación Común,Nivel Secundario,BLANDENGUES ESQ. C. FAGNANO - 2480,11-7726-0425,48000,secundaria34tigre@abc.gob.ar,Estatal,Oficial,ESCUELA DE EDUCACIÓN SECUNDARIA,CONURBANO,Urbano,0,Oficial,SEDE,Segunda,Dirección Provincial de Educación Secundaria,605501156,Final 2025,301,147,154,12,"MAÑANA,TARDE",618293,0,34,-58.67506698645148,-34.45931925557876
6805,Tigre,20234,ESCUELA DE EDUCACIÓN SECUNDARIA N°45,Región 6,0055MS0045,61829400,Educación Común,Nivel Secundario,ALVEAR Y CHACABUCO - 1530,11-5245-8109,,secundaria45tigre@gmail.com,Estatal,Oficial,ESCUELA DE EDUCACIÓN SECUNDARIA,CONURBANO,Urbano,0,Oficial,SEDE,Segunda,Dirección Provincial de Educación Secundaria,605501230,Final 2025,292,144,148,14,"MAÑANA,TARDE",618294,0,45,-58.580326750777886,-34.43771269178671
6805,Tigre,20235,"ESCUELA DE EDUCACIÓN SECUNDARIA Nº27 ""DRA. CECILIA GRIERSON""",Región 6,0055MS0027,61829500,Educación Común,Nivel Secundario,11 DE FEBRERO Y 9 DE JULIO - S/N,11-4589-7359,,secundaria27tigre@abc.gob.ar,Estatal,Oficial,ESCUELA DE EDUCACIÓN SECUNDARIA,CONURBANO,Urbano,0,Oficial,SEDE,Segunda,Dirección Provincial de Educación Secundaria,605500091,Final 2025,333,169,164,12,"MAÑANA,TARDE",618295,0,27,-58.66490763128135,-34.465586589549055
6805,Tigre,20237,ESCUELA DE EDUCACIÓN SECUNDARIA N°49,Región 6,0055MS0049,61829700,Educación Común,Nivel Secundario,PARAGUAY Y LAS DALIAS - 1875,11-4506-6243,,secundaria49tigre@gmail.com,Estatal,Oficial,ESCUELA DE EDUCACIÓN SECUNDARIA,CONURBANO,Urbano,0,Oficial,SEDE,Segunda,Dirección Provincial de Educación Secundaria,605500309,Final 2025,289,129,160,12,"MAÑANA,TARDE",618297,0,49,-58.66141307894959,-34.46206713319121
6805,Tigre,20238,ESCUELA DE EDUCACIÓN SECUNDARIA Nº17,Región 6,0055MS0017,61829800,Educación Común,Nivel Secundario,SANTA ROSA DE LIMA - S/N,11-4589-7211,,secundaria17tigre@abc.gob.ar,Estatal,Oficial,ESCUELA DE EDUCACIÓN SECUNDARIA,CONURBANO,Urbano,0,Oficial,SEDE,Segunda,Dirección Provincial de Educación Secundaria,605502497,Final 2025,452,200,252,21,"MAÑANA,TARDE",618298,0,17,-58.68502929641068,-34.46106991524313
6805,Tigre,20239,ESCUELA DE EDUCACIÓN SECUNDARIA N°43,Región 6,0055MS0043,61829900,Educación Común,Nivel Secundario,BÉLGICA - 421,-,,secundaria43tigre@abc.gob.ar,Estatal,Oficial,ESCUELA DE EDUCACIÓN SECUNDARIA,CONURBANO,Urbano,0,Oficial,SEDE,Segunda,Dirección Provincial de Educación Secundaria,605501211,Final 2025,166,86,80,6,"MAÑANA,TARDE",618299,0,43,-58.65908319177487,-34.483479365819925
6805,Tigre,20240,"ESCUELA DE EDUCACIÓN SECUNDARIA Nº18 ""BARRIO SAN PABLO""",Región 6,0055MS0018,61830000,Educación Común,Nivel Secundario,SAN PABLO - 2467,11-4726-7847,,ees18sanpablo@hotmail.com,Estatal,Oficial,ESCUELA DE EDUCACIÓN SECUNDARIA,CONURBANO,Urbano,1,Oficial,SEDE,Segunda,Dirección Provincial de Educación Secundaria,605501063,Final 2025,194,93,101,9,"MAÑANA,TARDE",618300,0,18,-58.65368509012361,-34.482702214780296
6805,Tigre,20241,"ESCUELA DE EDUCACIÓN SECUNDARIA Nº26 ""JORGE LUIS BORGES""",Región 6,0055MS0026,61830100,Educación Común,Nivel Secundario,ZAPIOLA Y SANTIAGO DE CHILE - 591,11-4589-7238,88003,secundaria26tigre@hotmail.com,Estatal,Oficial,ESCUELA DE EDUCACIÓN SECUNDARIA,CONURBANO,Urbano,0,Oficial,SEDE,Segunda,Dirección Provincial de Educación Secundaria,605501125,Final 2025,335,156,179,12,"MAÑANA,TARDE",618301,0,26,-58.65220234126421,-34.4574439226984
6805,Tigre,20243,ESCUELA DE EDUCACIÓN SECUNDARIA Nº28,Región 6,0055MS0028,61830300,Educación Común,Nivel Secundario,SAN FRANCISCO - S/N,3327-48-5499,,secundaria28tigre@abc.gob.ar,Estatal,Oficial,ESCUELA DE EDUCACIÓN SECUNDARIA,CONURBANO,Urbano,1,Oficial,SEDE,Segunda,Dirección Provincial de Educación Secundaria,605501139,Final 2025,450,220,230,16,"MAÑANA,TARDE",618303,0,28,-58.680506171621744,-34.42187574836664
6539,Merlo,20247,ESCUELA DE EDUCACIÓN SECUNDARIA N°62,Región 8,0071MS0062,61830700,Educación Común,Nivel Secundario,MOZART - 965,220-487-5255,70557,secundaria62merlo@abc.gob.ar,Estatal,Oficial,ESCUELA DE EDUCACIÓN SECUNDARIA,CONURBANO,Urbano,1,Oficial,SEDE,Segunda,Dirección Provincial de Educación Secundaria,607102779,Final 2025,393,191,202,14,"MAÑANA,TARDE",618307,0,62,-58.75891731380158,-34.694427765724136
6539,Merlo,20248,"ESCUELA DE EDUCACIÓN SECUNDARIA Nº57 ""HÉROES DEL CRUCERO GENERAL BELGRANO""",Región 8,0071MS0057,61830800,Educación Común,Nivel Secundario,MORRIS - 1485,220-480-3413,,secundaria57merlo@abc.gob.ar,Estatal,Oficial,ESCUELA DE EDUCACIÓN SECUNDARIA,CONURBANO,Urbano,1,Oficial,SEDE,Segunda,Dirección Provincial de Educación Secundaria,607101512,Final 2025,402,196,206,17,"MAÑANA,TARDE",618308,0,57,-58.73789373880437,-34.71038645896756
6560,Moreno,20251,"ESCUELA DE EDUCACIÓN SECUNDARIA Nº5 ""ALFREDO L. PALACIOS""",Región 9,0073MS0005,61831100,Educación Común,Nivel Secundario,SOR JUANA INES DE LA CRUZ Y ALLENDE - S/N,2320-45-0100,,secundarian5moreno@gmail.com,Estatal,Oficial,ESCUELA DE EDUCACIÓN SECUNDARIA,CONURBANO,Urbano,1,Oficial,SEDE,Primera,Dirección Provincial de Educación Secundaria,607300425,Final 2025,958,480,478,33,"MAÑANA,TARDE",618311,0,5,-58.81397106621123,-34.54477453431698
6560,Moreno,20254,"ESCUELA DE EDUCACIÓN SECUNDARIA Nº31 ""VILLA ZAPIOLA""",Región 9,0073MS0031,61831400,Educación Común,Nivel Secundario,LOBOS Y DEL CARRIL - 870,237-463-8311,,secundaria31.moreno@gmail.com,Estatal,Oficial,ESCUELA DE EDUCACIÓN SECUNDARIA,CONURBANO,Urbano,0,Oficial,SEDE,Primera,Dirección Provincial de Educación Secundaria,607300155,Final 2025,553,288,265,24,"MAÑANA,TARDE",618314,0,31,-58.74103195669304,-34.63759125938891
6560,Moreno,20256,ESCUELA DE EDUCACIÓN SECUNDARIA Nº17,Región 9,0073MS0017,62454600,Educación Común,Nivel Secundario,ALEM E/ M. PAZ E ITUZAINGO - 410,237-462-2357,,media16moreno@yahoo.com.ar,Estatal,Oficial,ESCUELA DE EDUCACIÓN SECUNDARIA,CONURBANO,Urbano,0,Oficial,SEDE,Segunda,Dirección Provincial de Educación Secundaria,607301875,Final 2025,322,160,162,12,"MAÑANA,TARDE",624546,0,17,-58.78827496279703,-34.65498382595887
6560,Moreno,20257,ESCUELA DE EDUCACIÓN SECUNDARIA Nº78,Región 9,0073MS0078,61831700,Educación Común,Nivel Secundario,ECHEVERRIA - 4964,237-468-4851,70365,secundaria78moreno@abc.gob.ar,Estatal,Oficial,ESCUELA DE EDUCACIÓN SECUNDARIA,CONURBANO,Urbano,0,Oficial,SEDE,Segunda,Dirección Provincial de Educación Secundaria,607301796,Final 2025,329,172,157,12,"MAÑANA,TARDE",618317,0,78,-58.799873304744914,-34.62040230647932
6560,Moreno,20258,"ESCUELA DE EDUCACIÓN SECUNDARIA Nº44 ""PRESIDENTE RAÚL ALFONSÍN""",Región 9,0073MS0044,61831800,Educación Común,Nivel Secundario,ÁLVAREZ JONTE - 1064,237-487-5482,,seba30121975@yahoo.com.ar,Estatal,Oficial,ESCUELA DE EDUCACIÓN SECUNDARIA,CONURBANO,Urbano,0,Oficial,SEDE,Primera,Dirección Provincial de Educación Secundaria,607300101,Final 2025,568,283,285,15,"MAÑANA,TARDE",618318,0,44,-58.856659231344935,-34.63493215492046
6560,Moreno,20260,"ESCUELA DE EDUCACIÓN SECUNDARIA Nº40 ""HÉROES DE MALVINAS""",Región 9,0073MS0040,61832000,Educación Común,Nivel Secundario,MARTÍN FIERRO - 5193,11-2483-6921,,romaidanaarmoa@abc.gob.ar,Estatal,Oficial,ESCUELA DE EDUCACIÓN SECUNDARIA,CONURBANO,Urbano,0,Oficial,SEDE,Segunda,Dirección Provincial de Educación Secundaria,607302864,Final 2025,434,201,233,15,"MAÑANA,TARDE",618320,0,40,-58.78791956273709,-34.62988910669657
6560,Moreno,20261,ESCUELA DE EDUCACIÓN SECUNDARIA Nº54,Región 9,0073MS0054,61832100,Educación Común,Nivel Secundario,BAIGORRIA ESQUINA EBERTH - 54,2320-45-0373,,secundaria54moreno@abc.gob.ar,Estatal,Oficial,ESCUELA DE EDUCACIÓN SECUNDARIA,CONURBANO,Urbano,1,Oficial,SEDE,Primera,Dirección Provincial de Educación Secundaria,607301586,Final 2025,570,316,254,17,"MAÑANA,TARDE,VESPERTINO",618321,0,54,-58.80252927517058,-34.54523365999064
6560,Moreno,20262,"ESCUELA DE EDUCACIÓN SECUNDARIA Nº38 ""MARIO GRANDI""",Región 9,0073MS0038,61832200,Educación Común,Nivel Secundario,RAMOS MEJIA Y SÁENZ PEÑA - S/N,237-462-3373,,secundaria38moreno@abc.gob.ar,Estatal,Oficial,ESCUELA DE EDUCACIÓN SECUNDARIA,CONURBANO,Urbano,0,Oficial,SEDE,Segunda,Dirección Provincial de Educación Secundaria,607301461,Final 2025,268,141,127,11,"MAÑANA,TARDE",618322,0,38,-58.77519607493834,-34.6606955839337
6560,Moreno,20263,"ESCUELA DE EDUCACIÓN SECUNDARIA Nº24 ""CARLOS FUENTEALBA""",Región 9,0073MS0024,61832300,Educación Común,Nivel Secundario,NEWTON ESQ. SAN ANDRES - 3440,237-463-4355,,ees24.moreno@gmail.com,Estatal,Oficial,ESCUELA DE EDUCACIÓN SECUNDARIA,CONURBANO,Urbano,1,Oficial,SEDE,Primera,Dirección Provincial de Educación Secundaria,607301380,Final 2025,593,320,273,19,"MAÑANA,TARDE",618323,0,24,-58.82418003615167,-34.67608091402503
6560,Moreno,20264,ESCUELA DE EDUCACIÓN SECUNDARIA Nº70,Región 9,0073MS0070,61832400,Educación Común,Nivel Secundario,GALVEZ - 6893,11-15-6154-3499,,bibianapotapczuk@hotmail.com,Estatal,Oficial,ESCUELA DE EDUCACIÓN SECUNDARIA,CONURBANO,Urbano,1,Oficial,SEDE,Segunda,Dirección Provincial de Educación Secundaria,607301720,Final 2025,373,170,203,13,"MAÑANA,TARDE",618324,0,70,-58.78109168992604,-34.61053677383852
6560,Moreno,20265,ESCUELA DE EDUCACIÓN SECUNDARIA Nº43,Región 9,0073MS0043,61832500,Educación Común,Nivel Secundario,CASACUBERTA - 5441,237-468-4428,70477,secundaria43moreno@abc.gob.ar,Estatal,Oficial,ESCUELA DE EDUCACIÓN SECUNDARIA,CONURBANO,Urbano,1,Oficial,SEDE,Primera,Dirección Provincial de Educación Secundaria,607301501,Final 2025,611,328,283,21,"MAÑANA,TARDE,VESPERTINO",618325,0,43,-58.810122368052326,-34.60341081465704
6560,Moreno,20266,"ESCUELA DE EDUCACIÓN SECUNDARIA Nº37 ""LUIS ALBERTO SPINETTA""",Región 9,0073MS0037,61832600,Educación Común,Nivel Secundario,CORVALAN - 1150,237-463-0091/6-6623,,secundaria37moreno@gmail.com,Estatal,Oficial,ESCUELA DE EDUCACIÓN SECUNDARIA,CONURBANO,Urbano,0,Oficial,SEDE,Segunda,Dirección Provincial de Educación Secundaria,607302855,Final 2025,430,219,211,18,"MAÑANA,TARDE",618326,0,37,-58.77695979803225,-34.647225109331075
6560,Moreno,20267,"ESCUELA DE EDUCACIÓN SECUNDARIA Nº46 ""GENERAL SAN MARTÍN""",Región 9,0073MS0046,61832700,Educación Común,Nivel Secundario,MARIANO Y LUCIANO DE LA VEGA - 1085,237-463-0876,,ees46.moreno@gmail.com,Estatal,Oficial,ESCUELA DE EDUCACIÓN SECUNDARIA,CONURBANO,Urbano,0,Oficial,SEDE,Segunda,Dirección Provincial de Educación Secundaria,607301529,Final 2025,257,130,127,12,"MAÑANA,TARDE",618327,0,46,-58.78775516052043,-34.661024804678775
6560,Moreno,20268,ESCUELA DE EDUCACIÓN SECUNDARIA Nº62,Región 9,0073MS0062,61832800,Educación Común,Nivel Secundario,POSADAS E/ C. RICA Y M. DEL BUENO - 5559,237-468-9062,,secundaria62moreno@abc.gob.ar,Estatal,Oficial,ESCUELA DE EDUCACIÓN SECUNDARIA,CONURBANO,Urbano,0,Oficial,SEDE,Segunda,Dirección Provincial de Educación Secundaria,607301662,Final 2025,253,115,138,9,"MAÑANA,TARDE",618328,0,62,-58.78738722817184,-34.62304712518278
6560,Moreno,20269,ESCUELA DE EDUCACIÓN SECUNDARIA Nº35,Región 9,0073MS0035,61832900,Educación Común,Nivel Secundario,SALVADOR RUEDA - 1889,237-483-1518,,secundaria35moreno@abc.gob.ar,Estatal,Oficial,ESCUELA DE EDUCACIÓN SECUNDARIA,CONURBANO,Urbano,1,Oficial,SEDE,Primera,Dirección Provincial de Educación Secundaria,607300186,Final 2025,694,342,352,20,"MAÑANA,TARDE,VESPERTINO",618329,0,35,-58.842049657099466,-34.61112645198784
6560,Moreno,20270,"ESCUELA DE EDUCACIÓN SECUNDARIA Nº34 ""LOMAS DE MARILÓ""",Región 9,0073MS0034,61833000,Educación Común,Nivel Secundario,V. LOPEZ Y PLANES E/ JUNIN Y LUJAN - S/N,237-481-5393,,secundaria34moreno@abc.gob.ar,Estatal,Oficial,ESCUELA DE EDUCACIÓN SECUNDARIA,CONURBANO,Urbano,1,Oficial,SEDE,Segunda,Dirección Provincial de Educación Secundaria,607301442,Final 2025,241,120,121,11,"MAÑANA,TARDE",618330,0,34,-58.72481124731407,-34.60433693807285
6560,Moreno,20271,"ESCUELA DE EDUCACIÓN SECUNDARIA Nº66  ""PATRIA ARGENTINA""",Región 9,0073MS0066,61833100,Educación Común,Nivel Secundario,WATT Y REPÚBLICA ARGENTINA - S/N,11-3906-2837,,aiturre1@abc.gob.ar,Estatal,Oficial,ESCUELA DE EDUCACIÓN SECUNDARIA,CONURBANO,Urbano,1,Oficial,SEDE,Segunda,Dirección Provincial de Educación Secundaria,607300138,Final 2025,447,230,217,18,"MAÑANA,TARDE",618331,0,66,-58.766373122326506,-34.56885149689148
6560,Moreno,20272,"ESCUELA DE EDUCACIÓN SECUNDARIA Nº36 ""LATINOAMÉRICA""",Región 9,0073MS0036,61833200,Educación Común,Nivel Secundario,ROMA - S/N,11-3894-6168,,secundaria36moreno@abc.gob.ar,Estatal,Oficial,ESCUELA DE EDUCACIÓN SECUNDARIA,CONURBANO,Urbano,1,Oficial,SEDE,Primera,Dirección Provincial de Educación Secundaria,607302838,Final 2025,627,331,296,24,"MAÑANA,TARDE",618332,0,36,-58.7462766052395,-34.6228439136306
6560,Moreno,20273,"ESCUELA DE EDUCACIÓN SECUNDARIA Nº64 ""NÉSTOR KIRCHNER""",Región 9,0073MS0064,61833300,Educación Común,Nivel Secundario,USPALLATA - 6520,237-468-0181,,alagialiliana@hotmail.com.ar,Estatal,Oficial,ESCUELA DE EDUCACIÓN SECUNDARIA,CONURBANO,Urbano,0,Oficial,SEDE,Primera,Dirección Provincial de Educación Secundaria,607301670,Final 2025,623,335,288,22,"MAÑANA,TARDE",618333,0,64,-58.78042293971208,-34.620138763497515
6560,Moreno,20274,"ESCUELA DE EDUCACIÓN SECUNDARIA Nº83 ""JORGE LUIS BORGES""",Región 9,0073MS0083,61833400,Educación Común,Nivel Secundario,MIERO ESQ. EL TIZIANO - 970,237-466-6510,,escuela83moreno@hotmail.com,Estatal,Oficial,ESCUELA DE EDUCACIÓN SECUNDARIA,CONURBANO,Urbano,0,Oficial,SEDE,Segunda,Dirección Provincial de Educación Secundaria,607301834,Final 2025,351,184,167,12,"MAÑANA,TARDE",618334,0,83,-58.807413344162015,-34.65058161177683
6560,Moreno,20275,"ESCUELA DE EDUCACIÓN SECUNDARIA Nº76 ""HÉROES DEL CRUCERO GENERAL BELGRANO""",Región 9,0073MS0076,61833500,Educación Común,Nivel Secundario,SHAKESPEARE Y EL SALVADOR - 896,237-468-5647,,jarodriguez9@abc.gob.ar,Estatal,Oficial,ESCUELA DE EDUCACIÓN SECUNDARIA,CONURBANO,Urbano,1,Oficial,SEDE,Segunda,Dirección Provincial de Educación Secundaria,607300117,Final 2025,306,159,147,12,"MAÑANA,TARDE",618335,0,76,-58.77299567410441,-34.61532859120711
6560,Moreno,20276,"ESCUELA DE EDUCACIÓN SECUNDARIA Nº 47 ""ANTONIO BERNI""",Región 9,0073MS0047,61833600,Educación Común,Nivel Secundario,AMUDSEN - 6691,237-481-4889,,pauliladona@hotmail.com,Estatal,Oficial,ESCUELA DE EDUCACIÓN SECUNDARIA,CONURBANO,Urbano,1,Oficial,SEDE,Segunda,Dirección Provincial de Educación Secundaria,607301538,Final 2025,270,139,131,9,"MAÑANA,TARDE",618336,0,47,-58.73901231469254,-34.60433593401291
6560,Moreno,20277,"ESCUELA DE EDUCACIÓN SECUNDARIA Nº81 ""MERCEDES SOSA""",Región 9,0073MS0081,61833700,Educación Común,Nivel Secundario,PITÁGORAS Y MANUEL GÁLVEZ - S/N,237-488-3808,,secundaria81moreno@abc.gob.ar,Estatal,Oficial,ESCUELA DE EDUCACIÓN SECUNDARIA,CONURBANO,Urbano,0,Oficial,SEDE,Segunda,Dirección Provincial de Educación Secundaria,607301810,Final 2025,356,174,182,13,"MAÑANA,TARDE",618337,0,81,-58.76531238985429,-34.59642105258915
6560,Moreno,20278,ESCUELA DE EDUCACIÓN SECUNDARIA Nº63,Región 9,0073MS0063,61833800,Educación Común,Nivel Secundario,AYACUCHO ESQ. YRIGOYEN - 380,11-3909-4132,,secundaria63moreno@abc.gob.ar,Estatal,Oficial,ESCUELA DE EDUCACIÓN SECUNDARIA,CONURBANO,Urbano,0,Oficial,SEDE,Segunda,Dirección Provincial de Educación Secundaria,607300164,Final 2025,414,217,197,16,"MAÑANA,TARDE,VESPERTINO",618338,0,63,-58.80687286479033,-34.65731891113853
6560,Moreno,20279,ESCUELA DE EDUCACIÓN SECUNDARIA Nº72,Región 9,0073MS0072,61833900,Educación Común,Nivel Secundario,LAFINUR ESQ. MADARIAGA - S/N,237-468-9840,,melinaagosto@gmail.com,Estatal,Oficial,ESCUELA DE EDUCACIÓN SECUNDARIA,CONURBANO,Urbano,1,Oficial,SEDE,Primera,Dirección Provincial de Educación Secundaria,607301749,Final 2025,542,220,322,18,"MAÑANA,TARDE",618339,0,72,-58.79415942961344,-34.60888237542093
6560,Moreno,20280,ESCUELA DE EDUCACION SECUNDARIA N°48,Región 9,0073MS0048,61834000,Educación Común,Nivel Secundario,ECUADOR ESQ. OZANAN - S/N,11-6796-6393,70295,jmvillavicencio2@abc.gob.ar,Estatal,Oficial,ESCUELA DE EDUCACIÓN SECUNDARIA,CONURBANO,Urbano,0,Oficial,SEDE,Segunda,Dirección Provincial de Educación Secundaria,607300027,Final 2025,408,218,190,12,"MAÑANA,TARDE",618340,0,48,-58.76852978635642,-34.60387445410847
6560,Moreno,20281,"ESCUELA DE EDUCACIÓN SECUNDARIA Nº26 ""MALVINAS ARGENTINA""",Región 9,0073MS0026,61834100,Educación Común,Nivel Secundario,AMBROSETTI E/ CAMPICHUELO Y GUIDO SPANO - S/N,237-462-5492,70533,secundaria26moreno@abc.gob.ar,Estatal,Oficial,ESCUELA DE EDUCACIÓN SECUNDARIA,CONURBANO,Urbano,0,Oficial,SEDE,Segunda,Dirección Provincial de Educación Secundaria,607301403,Final 2025,510,240,270,19,"MAÑANA,TARDE,VESPERTINO",618341,0,26,-58.82853654302057,-34.667290351653925
6560,Moreno,20282,"ESCUELA DE EDUCACIÓN SECUNDARIA Nº25 ""HÉROES DEL SUR""",Región 9,0073MS0025,61834200,Educación Común,Nivel Secundario,EXODO JUJEÑO E/ GALVEZ Y GONZALEZ - 1310,11-4465-5212,,marielaponcedeleon@hotmail.com,Estatal,Oficial,ESCUELA DE EDUCACIÓN SECUNDARIA,CONURBANO,Urbano,0,Oficial,SEDE,Segunda,Dirección Provincial de Educación Secundaria,607301398,Final 2025,279,143,136,12,"MAÑANA,TARDE",618342,0,25,-58.74806271761967,-34.580887548521176
6560,Moreno,20283,"ESCUELA DE EDUCACIÓN SECUNDARIA Nº57 ""MARÍA REMEDIOS DEL VALLE""",Región 9,0073MS0057,61834300,Educación Común,Nivel Secundario,DR. LEÓN BOUCHE - 10865,11-2468-0818,,peumayen_peiren@hotmail.com,Estatal,Oficial,ESCUELA DE EDUCACIÓN SECUNDARIA,CONURBANO,Urbano,1,Oficial,SEDE,Primera,Dirección Provincial de Educación Secundaria,607301615,Final 2025,705,321,384,20,"MAÑANA,TARDE,VESPERTINO",618343,0,57,-58.81355583018265,-34.52294170820511
6560,Moreno,20284,"ESCUELA DE EDUCACIÓN SECUNDARIA Nº59 ""PABLO MÍGUEZ""",Región 9,0073MS0059,61834400,Educación Común,Nivel Secundario,HERNAN CORTEZ E/ LINCOLN Y COLON - S/N,237-481-3778,,riclionel@hotmail.com,Estatal,Oficial,ESCUELA DE EDUCACIÓN SECUNDARIA,CONURBANO,Urbano,1,Oficial,SEDE,Segunda,Dirección Provincial de Educación Secundaria,607301636,Final 2025,280,142,138,11,"MAÑANA,TARDE",618344,0,59,-58.73281992058925,-34.61070047225606
6560,Moreno,20285,"ESCUELA DE EDUCACIÓN SECUNDARIA Nº51 ""FRIDA KAHLO""",Región 9,0073MS0051,61834500,Educación Común,Nivel Secundario,PLUS ULTRA ESQ. HERNANDARIAS - S/N,237-481-4938/5180/4,,secundaria51moreno@abc.gob.ar,Estatal,Oficial,ESCUELA DE EDUCACIÓN SECUNDARIA,CONURBANO,Urbano,0,Oficial,SEDE,Segunda,Dirección Provincial de Educación Secundaria,607301564,Final 2025,231,131,100,9,"MAÑANA,TARDE",618345,0,51,-58.74966498574985,-34.59753057317705
6560,Moreno,20286,"ESCUELA DE EDUCACIÓN SECUNDARIA Nº53 ""RAÚL SCALABRINI ORTIZ""",Región 9,0073MS0053,61834600,Educación Común,Nivel Secundario,PERITO MORENO - S/N,11-3093-2451,,secundaria53moreno@abc.gob.ar,Estatal,Oficial,ESCUELA DE EDUCACIÓN SECUNDARIA,CONURBANO,Urbano,1,Oficial,SEDE,Primera,Dirección Provincial de Educación Secundaria,607301572,Final 2025,761,398,363,24,"MAÑANA,TARDE,VESPERTINO",618346,0,53,-58.80944546522287,-34.54899359948501
6560,Moreno,20287,ESCUELA DE EDUCACIÓN SECUNDARIA Nº82,Región 9,0073MS0082,61834700,Educación Común,Nivel Secundario,PERICLES Y BLANDENGUES - S/N,237-468-5130,,secundaria82moreno@abc.gob.ar,Estatal,Oficial,ESCUELA DE EDUCACIÓN SECUNDARIA,CONURBANO,Urbano,0,Oficial,SEDE,Segunda,Dirección Provincial de Educación Secundaria,607301823,Final 2025,510,235,275,19,"MAÑANA,TARDE,VESPERTINO",618347,0,82,-58.81122461507289,-34.6177550950019
6560,Moreno,20289,ESCUELA DE EDUCACIÓN SECUNDARIA Nº56,Región 9,0073MS0056,61834900,Educación Común,Nivel Secundario,MERCEDES - 2391,237-483-6904,,secundaria56moreno@abc.gob.ar,Estatal,Oficial,ESCUELA DE EDUCACIÓN SECUNDARIA,CONURBANO,Urbano,1,Oficial,SEDE,Segunda,Dirección Provincial de Educación Secundaria,607301604,Final 2025,351,191,160,13,"MAÑANA,TARDE,VESPERTINO",618349,0,56,-58.8736823396641,-34.6321138959639
6560,Moreno,20290,ESCUELA DE EDUCACIÓN SECUNDARIA Nº67,Región 9,0073MS0067,61835000,Educación Común,Nivel Secundario,GENERAL LOS HORNOS - 5083,11-3565-0791,,secundaria67moreno@abc.gob.ar,Estatal,Oficial,ESCUELA DE EDUCACIÓN SECUNDARIA,CONURBANO,Urbano,1,Oficial,SEDE,Primera,Dirección Provincial de Educación Secundaria,607302893,Final 2025,576,286,290,16,"MAÑANA,TARDE",618350,0,67,-58.846751703216256,-34.57599096369396
6560,Moreno,20291,"ESCUELA DE EDUCACIÓN SECUNDARIA Nº58 ""GUSTAVO CERATI""",Región 9,0073MS0058,61835100,Educación Común,Nivel Secundario,MAGDALENA E/ STORNI Y PERICLES - S/N,237-481-8645,,secundaria58moreno@abc.gob.ar,Estatal,Oficial,ESCUELA DE EDUCACIÓN SECUNDARIA,CONURBANO,Urbano,1,Oficial,SEDE,Primera,Dirección Provincial de Educación Secundaria,607301627,Final 2025,551,300,251,18,"MAÑANA,TARDE",618351,0,58,-58.767018757908886,-34.580804729300446
6560,Moreno,20292,"ESCUELA DE EDUCACIÓN SECUNDARIA Nº28 ""LIBERTADOR DON JOSÉ DE SAN MARTÍN""",Región 9,0073MS0028,61835200,Educación Común,Nivel Secundario,ROMA ESQ. TENIENTE ORIGONE - S/N,237-481-0567,,secundaria28moreno@abc.gob.ar,Estatal,Oficial,ESCUELA DE EDUCACIÓN SECUNDARIA,CONURBANO,Urbano,1,Oficial,SEDE,Primera,Dirección Provincial de Educación Secundaria,607300210,Final 2025,559,287,272,21,"MAÑANA,TARDE",618352,0,28,-58.764844289065564,-34.61132283570968
6560,Moreno,20293,"ESCUELA DE EDUCACIÓN SECUNDARIA Nº71 ""BEATRIZ BUONAMANO""",Región 9,0073MS0071,61835300,Educación Común,Nivel Secundario,LEONARDO DA VINCI E/ STEPHENSON Y NEWBERY - S/N,237-481-2307,,apoggi2@abc.gob.ar,Estatal,Oficial,ESCUELA DE EDUCACIÓN SECUNDARIA,CONURBANO,Urbano,1,Oficial,SEDE,Segunda,Dirección Provincial de Educación Secundaria,607301731,Final 2025,249,120,129,9,"MAÑANA,TARDE",618353,0,71,-58.75886487854312,-34.61235082662292
6560,Moreno,20294,ESCUELA DE EDUCACIÓN SECUNDARIA Nº27,Región 9,0073MS0027,61835400,Educación Común,Nivel Secundario,LA MUSICA. B. BELGRANO - 2552,237-483-0743,,alej1466@hotmail.com,Estatal,Oficial,ESCUELA DE EDUCACIÓN SECUNDARIA,CONURBANO,Urbano,1,Oficial,SEDE,Primera,Dirección Provincial de Educación Secundaria,607301419,Final 2025,607,288,319,20,"MAÑANA,TARDE",618354,0,27,-58.867835740726434,-34.57237189954326
6560,Moreno,20295,ESCUELA DE EDUCACIÓN SECUNDARIA Nº69,Región 9,0073MS0069,61835500,Educación Común,Nivel Secundario,LA PAMPA E/ BILBAO Y VTA. DE OBLIGADO - 6970,2320-45-0221,,erigo1@abc.gob.ar,Estatal,Oficial,ESCUELA DE EDUCACIÓN SECUNDARIA,CONURBANO,Urbano,1,Oficial,SEDE,Segunda,Dirección Provincial de Educación Secundaria,607301712,Final 2025,352,182,170,11,"MAÑANA,TARDE",618355,0,69,-58.814327871333695,-34.52657037562199
6560,Moreno,20296,ESCUELA DE EDUCACIÓN SECUNDARIA Nº79,Región 9,0073MS0079,61835600,Educación Común,Nivel Secundario,MEXICO - 11396,237-468-1022,,gabino3r@yahoo.com.ar,Estatal,Oficial,ESCUELA DE EDUCACIÓN SECUNDARIA,CONURBANO,Urbano,1,Oficial,SEDE,Segunda,Dirección Provincial de Educación Secundaria,607301806,Final 2025,293,154,139,12,"MAÑANA,TARDE",618356,0,79,-58.79486363190744,-34.61842652874781
6560,Moreno,20297,"ESCUELA DE EDUCACIÓN SECUNDARIA Nº55 ""CARLOS GARDEL""",Región 9,0073MS0055,61835700,Educación Común,Nivel Secundario,EL CEIBO E/ ESPAÑA Y MONGOLFIER - 2781,11-5763-6909,,secundaria55moreno@abc.gob.ar,Estatal,Oficial,ESCUELA DE EDUCACIÓN SECUNDARIA,CONURBANO,Urbano,1,Oficial,SEDE,Segunda,Dirección Provincial de Educación Secundaria,607301593,Final 2025,287,140,147,12,"MAÑANA,TARDE",618357,0,55,-58.73067620973036,-34.59320270779378
6840,Tres de Febrero,20308,"ESCUELA DE EDUCACIÓN SECUNDARIA Nº14 ""JUANA AZURDUY""",Región 7,0117MS0014,61836800,Educación Común,Nivel Secundario,A.PINNI E/ OLAVARRIA Y PRINGLES - 5256,11-4587-5871,,secundaria14tresdefebrero@abc.gob.ar,Estatal,Oficial,ESCUELA DE EDUCACIÓN SECUNDARIA,CONURBANO,Urbano,0,Oficial,SEDE,Segunda,Dirección Provincial de Educación Secundaria,611700732,Final 2025,119,73,46,6,"MAÑANA,TARDE",618368,0,14,-58.57264466699474,-34.6191055886392
6840,Tres de Febrero,20309,"ESCUELA DE EDUCACIÓN SECUNDARIA Nº23 ""JULIO CORTÁZAR""",Región 7,0117MS0023,61836900,Educación Común,Nivel Secundario,ASCASUBI - 7073,11-4840-0900,,secundaria23tresdefebrero@abc.gob.ar,Estatal,Oficial,ESCUELA DE EDUCACIÓN SECUNDARIA,CONURBANO,Urbano,0,Oficial,SEDE,Segunda,Dirección Provincial de Educación Secundaria,611700807,Final 2025,210,114,96,11,"MAÑANA,TARDE,VESPERTINO",618369,0,23,-58.58541384066181,-34.580884909696906
6840,Tres de Febrero,20309,"ESCUELA DE EDUCACIÓN SECUNDARIA Nº23 ""JULIO CORTÁZAR""",Región 7,0117MS0023,61836900,Educación Técnico Profesional,Nivel Secundario,ASCASUBI - 7073,11-4840-0900,,secundaria23tresdefebrero@abc.gob.ar,Estatal,Oficial,ESCUELA DE EDUCACIÓN SECUNDARIA,CONURBANO,Urbano,0,Oficial,SEDE,Segunda,Dirección Provincial de Educación Secundaria,611700807,Final 2025,15,10,5,1,"MAÑANA,TARDE,VESPERTINO",618369,0,23,-58.58541384066181,-34.580884909696906
6840,Tres de Febrero,20310,"ESCUELA DE EDUCACIÓN SECUNDARIA Nº28 ""HÉCTOR OESTERHELD""",Región 7,0117MS0028,61837000,Educación Común,Nivel Secundario,BARRAGAN E/ GALILEO Y CROACIA - 773,11-4653-3955,,secundaria28tresdefebrero@abc.gob.ar,Estatal,Oficial,ESCUELA DE EDUCACIÓN SECUNDARIA,CONURBANO,Urbano,0,Oficial,SEDE,Tercera,Dirección Provincial de Educación Secundaria,611700462,Final 2025,109,54,55,6,"MAÑANA,TARDE",618370,0,28,-58.53260872750951,-34.62630392608465
6840,Tres de Febrero,20311,ESCUELA DE EDUCACIÓN SECUNDARIA Nº27,Región 7,0117MS0027,61837100,Educación Común,Nivel Secundario,SAN MARTÍN E/ GENOVA Y VENEZUELA - 440,11-4653-0913,70493,andreabarcellone@gmail.com,Estatal,Oficial,ESCUELA DE EDUCACIÓN SECUNDARIA,CONURBANO,Urbano,0,Oficial,SEDE,Tercera,Dirección Provincial de Educación Secundaria,611700848,Final 2025,147,81,66,7,"MAÑANA,TARDE",618371,0,27,-58.54012724352204,-34.645306545995815
6840,Tres de Febrero,20312,"ESCUELA DE EDUCACIÓN SECUNDARIA N°35 ""MERCEDES CHURRUCA""",Región 7,0117MS0035,61837200,Educación Común,Nivel Secundario,TUCUMAN - 1570,11-4506-1060,79870,sonimartinez3@abc.gob.ar,Estatal,Oficial,ESCUELA DE EDUCACIÓN SECUNDARIA,CONURBANO,Urbano,1,Oficial,SEDE,Segunda,Dirección Provincial de Educación Secundaria,611700103,Final 2025,155,75,80,6,"MAÑANA,TARDE",618372,0,35,-58.620325348604126,-34.55927790887053
6560,Moreno,20315,"ESCUELA DE EDUCACIÓN SECUNDARIA Nº 65 ""EVA DUARTE""",Región 9,0073MS0065,61837500,Educación Común,Nivel Secundario,ESTADOS UNIDOS - 1651,237-468-9839,,ees65evaperon@gmail.com,Estatal,Oficial,ESCUELA DE EDUCACIÓN SECUNDARIA,CONURBANO,Urbano,0,Oficial,SEDE,Segunda,Dirección Provincial de Educación Secundaria,607301689,Final 2025,309,152,157,12,"MAÑANA,TARDE",618375,0,65,-58.80585261119894,-34.62191178715919
6515,Malvinas Argentinas,20316,ESCUELA DE EDUCACIÓN SECUNDARIA Nº19,Región 9,0133MS0019,61837600,Educación Común,Nivel Secundario,LOS CALDENES Y NEUQUÉN - 1385,2320-62-2617,,ayelendomke@gmail.com,Estatal,Oficial,ESCUELA DE EDUCACIÓN SECUNDARIA,CONURBANO,Urbano,1,Oficial,SEDE,Segunda,Dirección Provincial de Educación Secundaria,613301633,Final 2025,511,258,253,16,"MAÑANA,TARDE",618376,0,19,-58.75865603357054,-34.46379731206955
6805,Tigre,20318,ESCUELA DE EDUCACIÓN SECUNDARIA N°36,Región 6,0055MS0036,61837800,Educación Común,Nivel Secundario,IRIARTE - 1420,3327-48-2836,,prulisesarraya@gmail.com,Estatal,Oficial,ESCUELA DE EDUCACIÓN SECUNDARIA,CONURBANO,Urbano,0,Oficial,SEDE,Segunda,Dirección Provincial de Educación Secundaria,605501173,Final 2025,349,157,192,12,"MAÑANA,TARDE",618378,0,36,-58.69678001953302,-34.432918045748806
6560,Moreno,20319,"ESCUELA DE EDUCACIÓN SECUNDARIA Nº60 ""DELICIA CORDOBA""",Región 9,0073MS0060,61837900,Educación Común,Nivel Secundario,ECHEVERRIA - 7008,237-468-0240,,gabiszeibert@hotmail.com,Estatal,Oficial,ESCUELA DE EDUCACIÓN SECUNDARIA,CONURBANO,Urbano,1,Oficial,SEDE,Segunda,Dirección Provincial de Educación Secundaria,607301643,Final 2025,419,199,220,14,"MAÑANA,TARDE",618379,0,60,-58.78136341059232,-34.6069301999684
6805,Tigre,20320,"ESCUELA DE EDUCACIÓN SECUNDARIA Nº20 ""RODOLFO WALSH""",Región 6,0055MS0020,61838000,Educación Común,Nivel Secundario,FRAY CASTAÑEDA - 2780,3327-45-3601,,ees20ricardorojas@gmail.com,Estatal,Oficial,ESCUELA DE EDUCACIÓN SECUNDARIA,CONURBANO,Urbano,0,Oficial,SEDE,Segunda,Dirección Provincial de Educación Secundaria,605501085,Final 2025,302,148,154,12,"MAÑANA,TARDE",618380,0,20,-58.6799056376343,-34.45477300726806
6805,Tigre,20321,"ESCUELA DE EDUCACIÓN SECUNDARIA N°48 ""MAGDALENA MACACHA GÜEMES""",Región 6,0055MS0048,61838100,Educación Común,Nivel Secundario,BRASIL ESQUINA - 2773,11-2061-4436,,secundaria48tigre@abc.gob.ar,Estatal,Oficial,ESCUELA DE EDUCACIÓN SECUNDARIA,CONURBANO,Urbano,0,Oficial,SEDE,Segunda,Dirección Provincial de Educación Secundaria,605501269,Final 2025,416,205,211,13,"MAÑANA,TARDE",618381,0,48,-58.69453554697717,-34.41505356417024
6840,Tres de Febrero,20323,"ESCUELA DE EDUCACIÓN SECUNDARIA Nº32 ""GUSTAVO ADRIÁN CERATI""",Región 7,0117MS0032,61838300,Educación Común,Nivel Secundario,1° DE MAYO - 1535,11-4769-8131,46470,secundaria32tresdefebrero@abc.gob.ar,Estatal,Oficial,ESCUELA DE EDUCACIÓN SECUNDARIA,CONURBANO,Urbano,1,Oficial,SEDE,Tercera,Dirección Provincial de Educación Secundaria,611700853,Final 2025,135,69,66,6,"MAÑANA,TARDE",618383,0,32,-58.61177977644998,-34.56633316596248
6364,General Rodríguez,20324,ESCUELA DE EDUCACIÓN SECUNDARIA N°16,Región 10,0044MS0016,61838400,Educación Común,Nivel Secundario,PUERTO RICO - 291,237-487-1937,,msecundaria16@gmail.com,Estatal,Oficial,ESCUELA DE EDUCACIÓN SECUNDARIA,INTERIOR,Urbano,1,Oficial,SEDE,Primera,Dirección Provincial de Educación Secundaria,604400554,Final 2025,711,316,395,20,"MAÑANA,TARDE,VESPERTINO",618384,0,16,-58.9013110745239,-34.62519855744213
6252,Escobar,20326,"ESCUELA DE EDUCACIÓN SECUNDARIA Nº 6 ""DRA. MARTHA VELAZCO DE  MORINI""",Región 11,0116MS0006,61838600,Educación Común,Nivel Secundario,EUGENIA TAPIA DE CRUZ - 1956,3488-451-5429,,ms116secundaria6@gmail.com,Estatal,Oficial,ESCUELA DE EDUCACIÓN SECUNDARIA,INTERIOR,Urbano,1,Oficial,SEDE,Segunda,Dirección Provincial de Educación Secundaria,611600569,Final 2025,511,246,265,14,"MAÑANA,TARDE,VESPERTINO",618386,0,6,-58.8048194985205,-34.35693081290635
6515,Malvinas Argentinas,20327,ESCUELA DE EDUCACIÓN SECUNDARIA Nº24,Región 9,0133MS0024,61838700,Educación Común,Nivel Secundario,COCHABAMBA E/AMENABAR Y WILSON - 2458,11-4660-0438,,fbontcheff@abc.gob.ar,Estatal,Oficial,ESCUELA DE EDUCACIÓN SECUNDARIA,CONURBANO,Urbano,0,Oficial,SEDE,Segunda,Dirección Provincial de Educación Secundaria,613300773,Final 2025,356,164,192,12,"MAÑANA,TARDE",618387,0,24,-58.68507871880707,-34.50442980788889
6805,Tigre,20329,ESCUELA DE EDUCACIÓN SECUNDARIA Nº24,Región 6,0055MS0024,61838900,Educación Común,Nivel Secundario,LUJAN 1632 - 1757,11-4715-5844,,ees24tigre@gmail.com,Estatal,Oficial,ESCUELA DE EDUCACIÓN SECUNDARIA,CONURBANO,Urbano,0,Oficial,SEDE,Primera,Dirección Provincial de Educación Secundaria,605500129,Final 2025,702,382,320,33,"MAÑANA,TARDE,VESPERTINO",618389,0,24,-58.60406807398143,-34.45087869549487
6805,Tigre,20330,ESCUELA DE EDUCACION SECUNDARIA Nº22,Región 6,0055MS0022,61839000,Educación Común,Nivel Secundario,CESPEDES - 1183,3327-44-8558,,secundaria22lastunas@gmail.com,Estatal,Oficial,ESCUELA DE EDUCACIÓN SECUNDARIA,CONURBANO,Urbano,0,Oficial,SEDE,Primera,Dirección Provincial de Educación Secundaria,605501092,Final 2025,610,313,297,21,"MAÑANA,TARDE",618390,0,22,-58.66663133667318,-34.43450054342504
6539,Merlo,20357,ESC. SECUNDARIA Nº23,Región 8,0071MS0023,61839600,Educación Común,Nivel Secundario,VIRGEN COPACABANA - 3091,220-499-5683,,secundaria23ma@gmail.com,Estatal,Oficial,ESCUELA DE EDUCACIÓN SECUNDARIA,CONURBANO,Urbano,0,Oficial,SEDE,Primera,Dirección Provincial de Educación Secundaria,607101256,Final 2025,734,355,379,23,"MAÑANA,TARDE",618396,0,23,-58.794183488276815,-34.72364909213156
6126,Campana,20375,"ESCUELA DE EDUCACIÓN SECUNDARIA Nº17 ""HEROÍNAS DE MALVINAS""",Región 11,0015MS0017,61845300,Educación Común,Nivel Secundario,BARLETA - 2210,3489-15-53-0909,,secundaria17campana@abc.gob.ar,Estatal,Oficial,ESCUELA DE EDUCACIÓN SECUNDARIA,INTERIOR,Urbano,0,Oficial,SEDE,Segunda,Dirección Provincial de Educación Secundaria,601500291,Final 2025,347,177,170,12,"MAÑANA,TARDE",618453,0,17,-58.94164373151191,-34.19563570493813
6371,General San Martín,20381,"ESCUELA DE EDUCACIÓN SECUNDARIA Nº 48 ""VICTORIA OCAMPO""",Región 7,0045MS0048,61845900,Educación Común,Nivel Secundario,AMÉRICA - 151,11-4849-0291,84223,0045ms0048@gmail.com,Estatal,Oficial,ESCUELA DE EDUCACIÓN SECUNDARIA,CONURBANO,Urbano,0,Oficial,SEDE,Segunda,Dirección Provincial de Educación Secundaria,604500608,Final 2025,268,124,144,12,"MAÑANA,TARDE",618459,0,48,-58.55357322707913,-34.55498186412373
6560,Moreno,20405,ESCUELA DE EDUCACIÓN SECUNDARIA Nº80,Región 9,0073MS0080,61848300,Educación Común,Nivel Secundario,SOFOCLES ESQUINA ATHUEL - S/N,237-466-6045,70411,secundaria80moreno@abc.gob.ar,Estatal,Oficial,ESCUELA DE EDUCACIÓN SECUNDARIA,CONURBANO,Urbano,0,Oficial,SEDE,Segunda,Dirección Provincial de Educación Secundaria,607300193,Final 2025,342,191,151,12,"MAÑANA,TARDE",618483,0,80,-58.83077779369826,-34.6276762187846
6408,Hurlingham,20407,ESCUELA DE EDUCACIÓN SECUNDARIA Nº5,Región 7,0135MS0005,61848500,Educación Común,Nivel Secundario,GÜEMES - 1568,11-4665-0637,,0135ms0005@gmail.com,Estatal,Oficial,ESCUELA DE EDUCACIÓN SECUNDARIA,CONURBANO,Urbano,0,Oficial,SEDE,Primera,Dirección Provincial de Educación Secundaria,613500169,Final 2025,426,176,250,18,MAÑANA,618485,0,5,-58.63510403204651,-34.586125330552264
6408,Hurlingham,20408,ESCUELA DE EDUCACIÓN SECUNDARIA Nº20,Región 7,0135MS0020,61843100,Educación Común,Nivel Secundario,0135 VILLEGAS - 1380,11-4665-4144,,0135bs0006@gmail.com,Estatal,Oficial,ESCUELA DE EDUCACIÓN SECUNDARIA,CONURBANO,Urbano,1,Oficial,SEDE,Segunda,Dirección Provincial de Educación Secundaria,613500032,Final 2025,254,147,107,12,"MAÑANA,TARDE",618431,0,20,-58.65239794992869,-34.57575828451006
6408,Hurlingham,20409,ESCUELA DE EDUCACIÓN SECUNDARIA Nº22,Región 7,0135MS0022,61848600,Educación Común,Nivel Secundario,BONORINO - 501,11-4450-4091,,0135bs0011@gmail.com,Estatal,Oficial,ESCUELA DE EDUCACIÓN SECUNDARIA,CONURBANO,Urbano,0,Oficial,SEDE,Tercera,Dirección Provincial de Educación Secundaria,613500549,Final 2025,130,59,71,6,"MAÑANA,TARDE",618486,0,22,-58.63710413735189,-34.62704682732768
6408,Hurlingham,20410,"ESCUELA DE EDUCACIÓN SECUNDARIA Nº8 ""W.C MORRIS""",Región 7,0135MS0008,61848700,Educación Común,Nivel Secundario,DOLORES DE HUICI - 3449,11-4665-7340,,secundaria8hurlingham@abc.gob.ar,Estatal,Oficial,ESCUELA DE EDUCACIÓN SECUNDARIA,CONURBANO,Urbano,1,Oficial,SEDE,Segunda,Dirección Provincial de Educación Secundaria,613500107,Final 2025,266,141,125,14,"MAÑANA,TARDE",618487,0,8,-58.65963477938893,-34.5789946936433
6408,Hurlingham,20411,ESCUELA DE EDUCACIÓN SECUNDARIA Nº13,Región 7,0135MS0013,61848800,Educación Común,Nivel Secundario,SCHCOLNIK (ESQ. PISAGALLI) - 419,11-5079-0538,,0135ms0013@gmail.com,Estatal,Oficial,ESCUELA DE EDUCACIÓN SECUNDARIA,CONURBANO,Urbano,0,Oficial,SEDE,Segunda,Dirección Provincial de Educación Secundaria,613500499,Final 2025,208,114,94,13,"MAÑANA,TARDE",618488,0,13,-58.625874898946975,-34.61525038159478
6408,Hurlingham,20412,ESCUELA DE EDUCACIÓN SECUNDARIA Nº24,Región 7,0135MS0024,61848900,Educación Común,Nivel Secundario,VERNET - 3405,11-4462-5834,,secundaria24hurlingham@abc.gob.ar,Estatal,Oficial,ESCUELA DE EDUCACIÓN SECUNDARIA,CONURBANO,Urbano,1,Oficial,SEDE,Segunda,Dirección Provincial de Educación Secundaria,613500565,Final 2025,206,121,85,9,"MAÑANA,TARDE",618489,0,24,-58.66835742828593,-34.592663031307325
6568,Morón,20413,"ESCUELA DE EDUCACIÓN SECUNDARIA N°55 ""MARCELO CLAUDIO GAGLIANONE""",Región 8,0100MS0055,61849000,Educación Común,Nivel Secundario,INGENIERO GUILLERMO WHITE - 948,11-4443-5844,70500,elbazuly@gmail.com,Estatal,Oficial,ESCUELA DE EDUCACIÓN SECUNDARIA,CONURBANO,Urbano,0,Oficial,SEDE,Tercera,Dirección Provincial de Educación Secundaria,610000997,Final 2025,79,49,30,6,"MAÑANA,TARDE",618490,0,55,-58.599075322598765,-34.62314217059348
6840,Tres de Febrero,20417,ESCUELA DE EDUCACIÓN SECUNDARIA Nº18,Región 7,0117MS0018,61849400,Educación Común,Nivel Secundario,NOLTING E/ LUCHTER Y BOQUERON - 3421,11-4653-0605,,secundaria18arteteatro@gmail.com,Estatal,Oficial,ESCUELA DE EDUCACIÓN SECUNDARIA,CONURBANO,Urbano,0,Oficial,SEDE,Segunda,Dirección Provincial de Educación Secundaria,611701975,Final 2025,190,99,91,9,MAÑANA,618494,0,18,-58.53304296258556,-34.64183101568218
6364,General Rodríguez,20595,ESCUELA DE EDUCACIÓN SECUNDARIA N°15,Región 10,0044MS0015,61864300,Educación Común,Nivel Secundario,25 DE MAYO ENTRE PRESIDENTE PERÓN Y SAN MARTÍN - S/N,237-487-4157,,secundaria15grodriguez@abc.gob.ar,Estatal,Oficial,ESCUELA DE EDUCACIÓN SECUNDARIA,INTERIOR,Urbano,1,Oficial,SEDE,Segunda,Dirección Provincial de Educación Secundaria,604400549,Final 2025,453,244,209,14,"MAÑANA,VESPERTINO",618643,0,15,-58.88302549792954,-34.62286613720398
6364,General Rodríguez,20596,ESCUELA DE EDUCACIÓN SECUNDARIA Nº9,Región 10,0044MS0009,61864400,Educación Común,Nivel Secundario,CHAÑAR - 520,237-487-1139,,secundaria9grodriguez@abc.gob.ar,Estatal,Oficial,ESCUELA DE EDUCACIÓN SECUNDARIA,INTERIOR,Urbano,1,Oficial,SEDE,Primera,Dirección Provincial de Educación Secundaria,604400239,Final 2025,737,310,427,21,"MAÑANA,TARDE,VESPERTINO",618644,0,9,-58.8873860379512,-34.631697233118715
6364,General Rodríguez,20597,ESCUELA DE EDUCACIÓN SECUNDARIA Nº8,Región 10,0044MS0008,61864500,Educación Común,Nivel Secundario,J. HERNANDEZ - 752,2323-54-9340,,sec8grodriguez@abc.gob.ar,Estatal,Oficial,ESCUELA DE EDUCACIÓN SECUNDARIA,INTERIOR,Urbano,1,Oficial,SEDE,Primera,Dirección Provincial de Educación Secundaria,604400512,Final 2025,572,272,300,16,"MAÑANA,VESPERTINO",618645,0,8,-58.92551402954612,-34.623096460909444
6371,General San Martín,20598,ESCUELA DE EDUCACIÓN SECUNDARIA Nº51,Región 7,0045MS0051,61864600,Educación Común,Nivel Secundario,PROFESOR AGUER - 6641,11-4729-9895,47001,0045ms0051@gmail.com,Estatal,Oficial,ESCUELA DE EDUCACIÓN SECUNDARIA,CONURBANO,Urbano,0,Oficial,SEDE,Segunda,Dirección Provincial de Educación Secundaria,604501113,Final 2025,256,117,139,12,"MAÑANA,TARDE",618646,0,51,-58.57362935381056,-34.538734576838664
6371,General San Martín,20599,ESCUELA DE EDUCACIÓN SECUNDARIA N°57,Región 7,0045MS0057,61864700,Educación Común,Nivel Secundario,ESTRADA - 2400,11-4755-0070,46461,secundaria57sanmartin@abc.gob.ar,Estatal,Oficial,ESCUELA DE EDUCACIÓN SECUNDARIA,CONURBANO,Urbano,0,Oficial,SEDE,Tercera,Dirección Provincial de Educación Secundaria,604501150,Final 2025,136,67,69,6,"MAÑANA,TARDE",618647,0,57,-58.52431749535482,-34.570555940803345
6371,General San Martín,20600,ESCUELA DE EDUCACIÓN SECUNDARIA Nº39,Región 7,0045MS0039,61864800,Educación Común,Nivel Secundario,GENERAL FRÍAS - 7560,11-4589-8823,47106,secundaria39sanmartin@abc.gob.ar,Estatal,Oficial,ESCUELA DE EDUCACIÓN SECUNDARIA,CONURBANO,Urbano,1,Oficial,SEDE,Segunda,Dirección Provincial de Educación Secundaria,604501075,Final 2025,394,201,193,15,"MAÑANA,TARDE",618648,0,39,-58.57847792126824,-34.53142539855787
6371,General San Martín,20601,ESCUELA DE EDUCACIÓN SECUNDARIA Nº47,Región 7,0045MS0047,61864900,Educación Común,Nivel Secundario,C. ECHAGÜE - 8287,11-4589-8724,,0045ms0047@gmail.com,Estatal,Oficial,ESCUELA DE EDUCACIÓN SECUNDARIA,CONURBANO,Urbano,1,Oficial,SEDE,Segunda,Dirección Provincial de Educación Secundaria,604501099,Final 2025,203,88,115,9,"MAÑANA,TARDE",618649,0,47,-58.582017076925474,-34.52456227762644
6371,General San Martín,20601,ESCUELA DE EDUCACIÓN SECUNDARIA Nº47,Región 7,0045MS0047,61864900,Educación Técnico Profesional,Nivel Secundario,C. ECHAGÜE - 8287,11-4589-8724,,0045ms0047@gmail.com,Estatal,Oficial,ESCUELA DE EDUCACIÓN SECUNDARIA,CONURBANO,Urbano,1,Oficial,SEDE,Segunda,Dirección Provincial de Educación Secundaria,604501099,Final 2025,13,10,3,1,"MAÑANA,TARDE",618649,0,47,-58.582017076925474,-34.52456227762644
6371,General San Martín,20602,ESCUELA DE EDUCACIÓN SECUNDARIA Nº38,Región 7,0045MS0038,61865000,Educación Común,Nivel Secundario,ESTRADA - 9060,11-4735-2671,,0045ms0038@gmail.com,Estatal,Oficial,ESCUELA DE EDUCACIÓN SECUNDARIA,CONURBANO,Urbano,1,Oficial,SEDE,Segunda,Dirección Provincial de Educación Secundaria,604501068,Final 2025,270,122,148,13,MAÑANA,618650,0,38,-58.578349297181255,-34.51267774937809
6371,General San Martín,20603,ESCUELA DE EDUCACIÓN SECUNDARIA Nº27,Región 7,0045MS0027,61865100,Educación Común,Nivel Secundario,AGUSTÍN ÁLVAREZ - 2327,11-4768-5648,,0045ms0027@gmail.com,Estatal,Oficial,ESCUELA DE EDUCACIÓN SECUNDARIA,CONURBANO,Urbano,1,Oficial,SEDE,Segunda,Dirección Provincial de Educación Secundaria,604502186,Final 2025,193,90,103,10,"INTERMEDIO,MAÑANA",618651,0,27,-58.54205079349586,-34.554060506599434
6371,General San Martín,20604,ESCUELA DE EDUCACIÓN SECUNDARIA Nº42,Región 7,0045MS0042,61865200,Educación Común,Nivel Secundario,JOSÉ INGENIEROS - 4606,11-4506-1090,79871,secundaria42sanmartin@abc.gob.ar,Estatal,Oficial,ESCUELA DE EDUCACIÓN SECUNDARIA,CONURBANO,Urbano,1,Oficial,SEDE,Segunda,Dirección Provincial de Educación Secundaria,604500082,Final 2025,276,128,148,10,"MAÑANA,TARDE",618652,0,42,-58.59046560590199,-34.544280965693474
6371,General San Martín,20605,"ESCUELA DE EDUCACIÓN SECUNDARIA Nº50 ""SOLDADO ANDRÉS FOLCH""",Región 7,0045MS0050,61865300,Educación Común,Nivel Secundario,LIBERTADOR GENERAL SAN MARTÍN - 5810,11-4506-2518,,secundaria50sanmartin@abc.gob.ar,Estatal,Oficial,ESCUELA DE EDUCACIÓN SECUNDARIA,CONURBANO,Urbano,1,Oficial,SEDE,Segunda,Dirección Provincial de Educación Secundaria,604501109,Final 2025,148,79,69,6,"MAÑANA,TARDE",618653,0,50,-58.5818642072808,-34.55782558937586
6760,San Miguel,20606,ESCUELA DE EDUCACIÓN SECUNDARIA Nº36,Región 9,0131MS0036,61865400,Educación Común,Nivel Secundario,CONESA - S/N,11-6067-8892,70390,secundaria36sanmiguel@abc.gob.ar,Estatal,Oficial,ESCUELA DE EDUCACIÓN SECUNDARIA,CONURBANO,Urbano,0,Oficial,SEDE,Segunda,Dirección Provincial de Educación Secundaria,613100268,Final 2025,229,116,113,12,"MAÑANA,TARDE,VESPERTINO",618654,0,36,-58.70533806939567,-34.54902151882764
6515,Malvinas Argentinas,20607,"ESCUELA DE EDUCACIÓN SECUNDARIA Nº 15 ""MERCEDES SOSA""",Región 9,0133MS0015,61865500,Educación Común,Nivel Secundario,PROVINCIA DE BUENOS AIRES - 1031,2320-48-0570,,pachovaz1970@hotmail.com,Estatal,Oficial,ESCUELA DE EDUCACIÓN SECUNDARIA,CONURBANO,Urbano,1,Oficial,SEDE,Segunda,Dirección Provincial de Educación Secundaria,613300699,Final 2025,474,224,250,14,"MAÑANA,TARDE",618655,0,15,-58.77154718995026,-34.47943575245766
6515,Malvinas Argentinas,20608,"ESCUELA DE EDUCACIÓN SECUNDARIA Nº 27 ""LUIS ALBERTO SPINETTA""",Región 9,0133MS0027,61865600,Educación Común,Nivel Secundario,SUIPACHA - 2895,11-4660-0387,,lrecavarren@abc.gob.ar,Estatal,Oficial,ESCUELA DE EDUCACIÓN SECUNDARIA,CONURBANO,Urbano,0,Oficial,SEDE,Segunda,Dirección Provincial de Educación Secundaria,613301577,Final 2025,389,195,194,12,"MAÑANA,TARDE",618656,0,27,-58.69307625051243,-34.50580393673782
6515,Malvinas Argentinas,20610,"ESCUELA DE EDUCACIÓN SECUNDARIA Nº 25 ""ANTÁRTIDA ARGENTINA""",Región 9,0133MS0025,61865800,Educación Común,Nivel Secundario,JUAN PUJOL - 2435,11-4456-0785,,escuela_25@yahoo.com,Estatal,Oficial,ESCUELA DE EDUCACIÓN SECUNDARIA,CONURBANO,Urbano,0,Oficial,SEDE,Segunda,Dirección Provincial de Educación Secundaria,613300112,Final 2025,277,154,123,11,"MAÑANA,TARDE",618658,0,25,-58.67766331211139,-34.49716419497117
6515,Malvinas Argentinas,20611,ESCUELA DE EDUCACIÓN SECUNDARIA Nº22,Región 9,0133MS0022,61865900,Educación Común,Nivel Secundario,MALABIA (ESQ. SAN PEDRO) - 3890,11-4463-7107/5375,,dicabrera2@abc.gob.ar,Estatal,Oficial,ESCUELA DE EDUCACIÓN SECUNDARIA,CONURBANO,Urbano,0,Oficial,SEDE,Segunda,Dirección Provincial de Educación Secundaria,613300756,Final 2025,229,111,118,9,"MAÑANA,TARDE",618659,0,22,-58.67016359961533,-34.50855972818976
6515,Malvinas Argentinas,20612,ESCUELA DE EDUCACIÓN SECUNDARIA Nº39,Región 9,0133MS0039,61866000,Educación Común,Nivel Secundario,PALPA - 2015,2320-48-2569,,secundaria39malvinas@gmail.com,Estatal,Oficial,ESCUELA DE EDUCACIÓN SECUNDARIA,CONURBANO,Urbano,1,Oficial,SEDE,Primera,Dirección Provincial de Educación Secundaria,613300843,Final 2025,625,335,290,21,"MAÑANA,TARDE",618660,0,39,-58.72107367773709,-34.47830832867583
6760,San Miguel,20613,ESCUELA DE EDUCACIÓN SECUNDARIA Nº16,Región 9,0131MS0016,61866100,Educación Común,Nivel Secundario,RIO II - 62,11-4668-4320,,secundaria16sanmiguel@abc.gob.ar,Estatal,Oficial,ESCUELA DE EDUCACIÓN SECUNDARIA,CONURBANO,Urbano,1,Oficial,SEDE,Segunda,Dirección Provincial de Educación Secundaria,613100707,Final 2025,270,130,140,11,"MAÑANA,TARDE",618661,0,16,-58.66060305268235,-34.56341711101504
6515,Malvinas Argentinas,20614,ESCUELA DE EDUCACIÓN SECUNDARIA Nº12,Región 9,0133MS0012,61866200,Educación Común,Nivel Secundario,SOLDADOS EX COMBATIENTES DE MALVINAS - 1700,11-4660-1571,70362,leogonzalez@abc.gob.ar,Estatal,Oficial,ESCUELA DE EDUCACIÓN SECUNDARIA,CONURBANO,Urbano,0,Oficial,SEDE,Segunda,Dirección Provincial de Educación Secundaria,613300668,Final 2025,332,196,136,12,"MAÑANA,TARDE",618662,0,12,-58.70957174573875,-34.50144849325293
6760,San Miguel,20616,ANEXO I A ESCUELA DE EDUCACIÓN SECUNDARIA Nº11,Región 9,0131MS3111,61745701,Educación Común,Nivel Secundario,RÍO TUNUYÁN Y SANTA CLARA - 1671,11-4668-2594,,secundaria11sanmiguel@abc.gob.ar,Estatal,Oficial,ESCUELA DE EDUCACIÓN SECUNDARIA,CONURBANO,Urbano,1,Oficial,ANEXO,Primera,Dirección Provincial de Educación Secundaria,613100657,Final 2025,208,107,101,7,"MAÑANA,TARDE",617457,1,3111,-58.69569483779448,-34.578023115076086
6515,Malvinas Argentinas,20617,"ESCUELA DE EDUCACIÓN SECUNDARIA Nº 31 ""INGENIERO ADOLFO SOURDEAUX""",Región 9,0133MS0031,61866500,Educación Común,Nivel Secundario,ROSARIO - 4490,11-4843-2489,,es24asma@yahoo.com.ar,Estatal,Oficial,ESCUELA DE EDUCACIÓN SECUNDARIA,CONURBANO,Urbano,0,Oficial,SEDE,Segunda,Dirección Provincial de Educación Secundaria,613300154,Final 2025,335,170,165,14,"MAÑANA,TARDE",618665,0,31,-58.669345700143104,-34.502562630960206
6515,Malvinas Argentinas,20618,ESCUELA DE EDUCACIÓN SECUNDARIA Nº11,Región 9,0133MS0011,61866600,Educación Común,Nivel Secundario,PELAGIO LUNA - 2467,11-4456-0623,,ees11malvinasargentinas@gmail.com,Estatal,Oficial,ESCUELA DE EDUCACIÓN SECUNDARIA,CONURBANO,Urbano,1,Oficial,SEDE,Segunda,Dirección Provincial de Educación Secundaria,613300652,Final 2025,331,166,165,12,"MAÑANA,TARDE",618666,0,11,-58.67081074017538,-34.49151705638994
6515,Malvinas Argentinas,20619,ESCUELA DE EDUCACIÓN SECUNDARIA Nº38,Región 9,0133MS0038,61866700,Educación Común,Nivel Secundario,COSTA RICA - 2696,2320-68-7090,,secundario38malvinasarg@abc.gob.ar,Estatal,Oficial,ESCUELA DE EDUCACIÓN SECUNDARIA,CONURBANO,Urbano,1,Oficial,SEDE,Segunda,Dirección Provincial de Educación Secundaria,613300836,Final 2025,347,177,170,12,"MAÑANA,TARDE",618667,0,38,-58.723479055342,-34.469102666755944
6515,Malvinas Argentinas,20620,ESCUELA DE EDUCACIÓN SECUNDARIA Nº32,Región 9,0133MS0032,61866800,Educación Común,Nivel Secundario,QUITO Y ASAMBLEA - S/N,2320-55-8989,,ees32malvinasargentinas@gmail.com,Estatal,Oficial,ESCUELA DE EDUCACIÓN SECUNDARIA,CONURBANO,Urbano,1,Oficial,SEDE,Primera,Dirección Provincial de Educación Secundaria,613300080,Final 2025,577,293,284,18,"MAÑANA,TARDE,VESPERTINO",618668,0,32,-58.7543501096344,-34.48745200640851
6760,San Miguel,20621,ESCUELA DE EDUCACIÓN SECUNDARIA Nº9,Región 9,0131MS0009,61866900,Educación Común,Nivel Secundario,MALNATTI ESQ.DELICIAS - 3100,11-4667-4373,,verothea@gmail.com,Estatal,Oficial,ESCUELA DE EDUCACIÓN SECUNDARIA,CONURBANO,Urbano,0,Oficial,SEDE,Segunda,Dirección Provincial de Educación Secundaria,613100635,Final 2025,110,54,56,6,MAÑANA,618669,0,9,-58.72182192143122,-34.524958881857785
6760,San Miguel,20622,ESCUELA DE EDUCACIÓN SECUNDARIA Nº34,Región 9,0131MS0034,61867000,Educación Común,Nivel Secundario,CONESA (E/ EL MAESTRO Y SARMIENTO) - 4371,11-4455-0302,,secundaria34sanmiguel@abc.gob.ar,Estatal,Oficial,ESCUELA DE EDUCACIÓN SECUNDARIA,CONURBANO,Urbano,1,Oficial,SEDE,Segunda,Dirección Provincial de Educación Secundaria,613101852,Final 2025,259,139,120,12,"MAÑANA,TARDE",618670,0,34,-58.730947474900645,-34.572105695907304
6760,San Miguel,20623,ESCUELA DE EDUCACIÓN SECUNDARIA Nº22,Región 9,0131MS0022,61867100,Educación Común,Nivel Secundario,TRIBULATO - 5795,11-4455-4896,70302,secundaria22sanmiguel@abc.gob.ar,Estatal,Oficial,ESCUELA DE EDUCACIÓN SECUNDARIA,CONURBANO,Urbano,1,Oficial,SEDE,Segunda,Dirección Provincial de Educación Secundaria,613100058,Final 2025,283,133,150,12,"MAÑANA,TARDE",618671,0,22,-58.750192890045255,-34.575391062524936
6760,San Miguel,20624,ESCUELA DE EDUCACIÓN SECUNDARIA Nº32,Región 9,0131MS0032,61867200,Educación Común,Nivel Secundario,CALLAO - S/N,11-4465-7512,,maelfac@hotmail.com,Estatal,Oficial,ESCUELA DE EDUCACIÓN SECUNDARIA,CONURBANO,Urbano,1,Oficial,SEDE,Segunda,Dirección Provincial de Educación Secundaria,613100805,Final 2025,526,254,272,15,"MAÑANA,TARDE",618672,0,32,-58.766195044372594,-34.564103339583
6515,Malvinas Argentinas,20625,"ESCUELA DE EDUCACIÓN SECUNDARIA Nº16 ""16 DE SEPTIEMBRE""",Región 9,0133MS0016,61867300,Educación Común,Nivel Secundario,COLPAYO Y DARRAGUEIRA - S/N,11-3703-6030,,secundario16malvinasarg@abc.gob.ar,Estatal,Oficial,ESCUELA DE EDUCACIÓN SECUNDARIA,CONURBANO,Urbano,1,Oficial,SEDE,Segunda,Dirección Provincial de Educación Secundaria,613300702,Final 2025,256,131,125,12,"MAÑANA,TARDE",618673,0,16,-58.67101119949741,-34.486913022393466
6760,San Miguel,20626,ESCUELA DE EDUCACIÓN SECUNDARIA Nº37,Región 9,0131MS0037,61867400,Educación Común,Nivel Secundario,RODRIGUEZ PEÑA - 4800,11-4455-0497,,secrealberto@hotmail.com.ar,Estatal,Oficial,ESCUELA DE EDUCACIÓN SECUNDARIA,CONURBANO,Urbano,1,Oficial,SEDE,Segunda,Dirección Provincial de Educación Secundaria,613100117,Final 2025,336,179,157,12,"MAÑANA,TARDE",618674,0,37,-58.73770428672277,-34.573208126053785
6760,San Miguel,20627,"ESCUELA DE EDUCACIÓN SECUNDARIA Nº19 ""JORGE ADUR""",Región 9,0131MS0019,61867500,Educación Común,Nivel Secundario,AV. ANGEL GALLARDO Y PRINGLES - 2987,11-4455-2009,,secundaria19sanmiguel@abc.gob.ar,Estatal,Oficial,ESCUELA DE EDUCACIÓN SECUNDARIA,CONURBANO,Urbano,0,Oficial,SEDE,Segunda,Dirección Provincial de Educación Secundaria,613100730,Final 2025,294,140,154,12,"MAÑANA,TARDE",618675,0,19,-58.74063652706924,-34.55602251193007
6515,Malvinas Argentinas,20628,ESCUELA DE EDUCACIÓN SECUNDARIA N°14 - ANEXO 1,Región 9,0133MS3141,61974201,Educación Común,Nivel Secundario,9 DE JULIO E/ CHORROARÍN Y GANDHI - S/N,11-4660-3229,70378,alicitorres1@abc.gob.ar,Estatal,Oficial,ESCUELA DE EDUCACIÓN SECUNDARIA,CONURBANO,Urbano,0,Oficial,ANEXO,Segunda,Dirección Provincial de Educación Secundaria,613300891,Final 2025,59,34,25,3,MAÑANA,619742,1,3141,-58.706163218956654,-34.506878816503765
6515,Malvinas Argentinas,20629,"ESCUELA DE EDUCACIÓN SECUNDARIA N°42 ""GUSTAVO CERATI""",Región 9,0133MS0042,61867700,Educación Común,Nivel Secundario,CERRITO (E/ PAYRO Y SAN IGNACIO) - 1346,11-15-3056-6325,,juaranda3@abc.gob.ar,Estatal,Oficial,ESCUELA DE EDUCACIÓN SECUNDARIA,CONURBANO,Urbano,0,Oficial,SEDE,Segunda,Dirección Provincial de Educación Secundaria,613300022,Final 2025,314,145,169,12,"MAÑANA,TARDE",618677,0,42,-58.71230339657776,-34.5061814877521
6515,Malvinas Argentinas,20630,ESCUELA DE EDUCACIÓN SECUNDARIA Nº35,Región 9,0133MS0035,61867800,Educación Común,Nivel Secundario,LUIS VERNET Y USPALLATA - 1275,2320-48-4097,,rdonofrio@abc.gob.ar,Estatal,Oficial,ESCUELA DE EDUCACIÓN SECUNDARIA,CONURBANO,Urbano,1,Oficial,SEDE,Segunda,Dirección Provincial de Educación Secundaria,613300827,Final 2025,416,198,218,12,"MAÑANA,TARDE",618678,0,35,-58.72951577460427,-34.48517445774065
6525,Marcos Paz,20656,ESCUELA DE EDUCACIÓN SECUNDARIA Nº4,Región 10,0067MS0004,61870400,Educación Común,Nivel Secundario,DR. MARCOS PAZ E/ CORRIENTES Y MISIONES - 710,220-477-0916,,secundaria4marcospaz@abc.gob.ar,Estatal,Oficial,ESCUELA DE EDUCACIÓN SECUNDARIA,INTERIOR,Urbano,0,Oficial,SEDE,Segunda,Dirección Provincial de Educación Secundaria,606700335,Final 2025,476,236,240,15,"MAÑANA,TARDE,VESPERTINO",618704,0,4,-58.82682975336197,-34.7707594059825
6525,Marcos Paz,20658,ESCUELA DE EDUCACIÓN SECUNDARIA Nº6,Región 10,0067MS0006,61870600,Educación Común,Nivel Secundario,DR. MARCOS PAZ - 3444,220-477-4213,,esb3mpaz@gmail.com,Estatal,Oficial,ESCUELA DE EDUCACIÓN SECUNDARIA,INTERIOR,Urbano,0,Oficial,SEDE,Segunda,Dirección Provincial de Educación Secundaria,606700357,Final 2025,234,111,123,8,"MAÑANA,TARDE",618706,0,6,-58.84696815998596,-34.79764707528137
6525,Marcos Paz,20659,ESCUELA DE EDUCACIÓN SECUNDARIA N°8,Región 10,0067MS0008,61870700,Educación Común,Nivel Secundario,BERUTI Y EL ESTILO - S/N,220-498-3535,,secundaria8marcospaz@abc.gob.ar,Estatal,Oficial,ESCUELA DE EDUCACIÓN SECUNDARIA,INTERIOR,Urbano,0,Oficial,SEDE,Segunda,Dirección Provincial de Educación Secundaria,606700374,Final 2025,514,243,271,18,"MAÑANA,TARDE,VESPERTINO",618707,0,8,-58.8033406417168,-34.74939793057345
6525,Marcos Paz,20660,ESCUELA DE EDUCACIÓN SECUNDARIA N°9,Región 10,0067MS0009,61870800,Educación Común,Nivel Secundario,BELGRANO - 2181,11-4937-2770,,secundaria9marcospaz@abc.gob.ar,Estatal,Oficial,ESCUELA DE EDUCACIÓN SECUNDARIA,INTERIOR,Urbano,0,Oficial,SEDE,Segunda,Dirección Provincial de Educación Secundaria,606700390,Final 2025,349,171,178,11,"MAÑANA,TARDE",618708,0,9,-58.8390003760514,-34.78457043071863
6532,Mercedes,20661,ESCUELA DE EDUCACIÓN SECUNDARIA Nº14,Región 10,0070MS0014,61870900,Educación Común,Nivel Secundario,26 E 13 Y 15 - 338,2324-42-6857,70432,crisczorny@hotmail.com,Estatal,Oficial,ESCUELA DE EDUCACIÓN SECUNDARIA,INTERIOR,Urbano,0,Oficial,SEDE,Segunda,Dirección Provincial de Educación Secundaria,607000894,Final 2025,177,104,73,10,"MAÑANA,TARDE",618709,0,14,-59.42474288458917,-34.65170163516802
6532,Mercedes,20662,ESCUELA DE EDUCACIÓN SECUNDARIA Nº12,Región 10,0070MS0012,61871000,Educación Común,Nivel Secundario,CALLE 26 E/ 29 Y 31 - 735,2324-42-2486/422663,70315,secundaria12mercedes@abc.gob.ar,Estatal,Oficial,ESCUELA DE EDUCACIÓN SECUNDARIA,INTERIOR,Urbano,0,Oficial,SEDE,Segunda,Dirección Provincial de Educación Secundaria,607000110,Final 2025,239,114,125,12,"MAÑANA,TARDE",618710,0,12,-59.43253308984461,-34.650243818173735
6532,Mercedes,20663,ESCUELA DE EDUCACIÓN SECUNDARIA Nº15,Región 10,0070MS0015,61871100,Educación Común,Nivel Secundario,14 Y 29 - S/N,2324-42-0947,,teresita_sanchez@hotmail.com,Estatal,Oficial,ESCUELA DE EDUCACIÓN SECUNDARIA,INTERIOR,Urbano,0,Oficial,SEDE,Tercera,Dirección Provincial de Educación Secundaria,607000915,Final 2025,137,63,74,9,"MAÑANA,TARDE",618711,0,15,-59.43327378785487,-34.6551330828253
6532,Mercedes,20665,ESCUELA DE EDUCACIÓN SECUNDARIA Nº13,Región 10,0070MS0013,61871300,Educación Común,Nivel Secundario,HÉROES DE MALVINAS - S/N,2324-15-67-5443,,secundaria13mercedes@abc.gob.ar,Estatal,Oficial,ESCUELA DE EDUCACIÓN SECUNDARIA,INTERIOR,Urbano,0,Oficial,SEDE,Tercera,Dirección Provincial de Educación Secundaria,607000524,Final 2025,167,97,70,11,"MAÑANA,TARDE",618713,0,13,-59.43007319478101,-34.6371260148527
6574,Navarro,20666,"ESCUELA DE EDUCACIÓN SECUNDARIA Nº3 ""ABDÓN RESQUÍN COLMAN""",Región 10,0074MS0003,61871400,Educación Común,Nivel Secundario,11 BIS - 975,2272-43-0215,,ees3navarro@gmail.com,Estatal,Oficial,ESCUELA DE EDUCACIÓN SECUNDARIA,INTERIOR,Urbano,0,Oficial,SEDE,Segunda,Dirección Provincial de Educación Secundaria,607400280,Final 2025,328,166,162,13,"MAÑANA,TARDE",618714,0,3,-59.27968953540816,-34.99509891293173
6638,Pilar,20678,"ESCUELA DE EDUCACIÓN SECUNDARIA Nº27 ""GERÓNIMO SOLARI""",Región 11,0083MS0027,61872600,Educación Común,Nivel Secundario,"CUARTEL QUINTO ( RUTA 25 KM 4,5) - S/N",230-4488205 (EP 5),,secundaria27pilar@abc.gob.ar,Estatal,Oficial,ESCUELA DE EDUCACIÓN SECUNDARIA,INTERIOR,Urbano,2,Oficial,SEDE,Segunda,Dirección Provincial de Educación Secundaria,608300854,Final 2025,472,230,242,14,"MAÑANA,TARDE",618726,0,27,-58.885711575828125,-34.497984182423814
6638,Pilar,20679,ESCUELA DE EDUCACIÓN SECUNDARIA Nº38,Región 11,0083MS0038,61872700,Educación Común,Nivel Secundario,H. G. MARTIN E/ HONDURAS E ITALIA - 598,2322-454-0902,,secundaria38pilar@abc.gob.ar,Estatal,Oficial,ESCUELA DE EDUCACIÓN SECUNDARIA,INTERIOR,Urbano,0,Oficial,SEDE,Primera,Dirección Provincial de Educación Secundaria,608302196,Final 2025,639,309,330,24,"MAÑANA,TARDE",618727,0,38,-58.85203373307088,-34.48846405091162
6638,Pilar,20680,"ESCUELA DE EDUCACIÓN SECUNDARIA Nº16 ""MARÍA CLAUDIA FALCONE""",Región 11,0083MS0016,61872800,Educación Común,Nivel Secundario,DERECHOS DEL TRABAJADOR - 706,230-454-0907,,ees16mcfalcone@hotmail.com,Estatal,Oficial,ESCUELA DE EDUCACIÓN SECUNDARIA,INTERIOR,Urbano,1,Oficial,SEDE,Primera,Dirección Provincial de Educación Secundaria,608300018,Final 2025,755,365,390,24,"MAÑANA,TARDE",618728,0,16,-58.8372888402073,-34.484928265626685
6638,Pilar,20681,"ESCUELA DE EDUCACIÓN SECUNDARIA Nº33 ""A.R.A. SAN JUAN""",Región 11,0083MS0033,61872900,Educación Común,Nivel Secundario,LOS CRISANTEMOS - 1125,2320-47-7975,,secundaria33pilar@abc.gob.ar,Estatal,Oficial,ESCUELA DE EDUCACIÓN SECUNDARIA,INTERIOR,Urbano,1,Oficial,SEDE,Segunda,Dirección Provincial de Educación Secundaria,608300073,Final 2025,437,212,225,13,"MAÑANA,TARDE,VESPERTINO",618729,0,33,-58.78870150347103,-34.43290177749469
6749,San Fernando,20699,"ESCUELA DE EDUCACIÓN SECUNDARIA Nº11 ""JUANA MANSO""",Región 6,0095MS0011,61874700,Educación Común,Nivel Secundario,ARROYO CORDERO - 1800,11-4745-3068,,secundaria11sanfernando@abc.gob.ar,Estatal,Oficial,ESCUELA DE EDUCACIÓN SECUNDARIA,CONURBANO,Urbano,0,Oficial,SEDE,Segunda,Dirección Provincial de Educación Secundaria,609500078,Final 2025,271,119,152,12,"MAÑANA,TARDE",618747,0,11,-58.56111581724007,-34.45385050069946
6749,San Fernando,20700,"ESCUELA DE EDUCACIÓN SECUNDARIA Nº 17 ""CARLOS FUENTEALBA""",Región 6,0095MS0017,61874800,Educación Común,Nivel Secundario,POCITOS - 2565,11-4512-4351,,ms17sanfernado@gmail.com,Estatal,Oficial,ESCUELA DE EDUCACIÓN SECUNDARIA,CONURBANO,Urbano,0,Oficial,SEDE,Segunda,Dirección Provincial de Educación Secundaria,609500021,Final 2025,256,132,124,12,"MAÑANA,TARDE",618748,0,17,-58.56720370962759,-34.45028484660499
6756,San Isidro,20705,ESCUELA DE EDUCACIÓN SECUNDARIA Nº18,Región 6,0096MS0018,61875300,Educación Común,Nivel Secundario,RIVADAVIA - 349,11-4732-2337,84110,secundaria18sanisidro@abc.gob.ar,Estatal,Oficial,ESCUELA DE EDUCACIÓN SECUNDARIA,CONURBANO,Urbano,0,Oficial,SEDE,Segunda,Dirección Provincial de Educación Secundaria,609600367,Final 2025,145,77,68,9,"MAÑANA,TARDE",618753,0,18,-58.51287300666822,-34.4699919468096
6756,San Isidro,20708,ESCUELA DE EDUCACIÓN SECUNDARIA Nº24,Región 6,0096MS0024,61875600,Educación Común,Nivel Secundario,B. DE IRIGOYEN E/ SEGUROLA Y CAZÓN - 2100,-,,secundaria24sanisidro@abc.gob.ar,Estatal,Oficial,ESCUELA DE EDUCACIÓN SECUNDARIA,CONURBANO,Urbano,0,Oficial,SEDE,Tercera,Dirección Provincial de Educación Secundaria,609600085,Final 2025,105,62,43,6,"MAÑANA,TARDE",618756,0,24,-58.58494063376127,-34.494506879719275
6756,San Isidro,20710,"ESCUELA DE EDUCACIÓN SECUNDARIA Nº19 ""VICTORIA OCAMPO""",Región 6,0096MS0019,61875800,Educación Común,Nivel Secundario,P.MORENO E/ RODRIGUEZ E INDEPENDENCIA - 1980,11-4587-4007,,secundaria19sanisidro@abc.gob.ar,Estatal,Oficial,ESCUELA DE EDUCACIÓN SECUNDARIA,CONURBANO,Urbano,0,Oficial,SEDE,Segunda,Dirección Provincial de Educación Secundaria,609600593,Final 2025,217,125,92,12,"INTERMEDIO,MAÑANA",618758,0,19,-58.55232397746843,-34.51501260254896
6756,San Isidro,20711,ESCUELA DE EDUCACIÓN SECUNDARIA Nº26,Región 6,0096MS0026,61875900,Educación Común,Nivel Secundario,BETBEDER ESQ. TIRADENTES - 1708,11-4710-2427,,secundaria26sanisidro@abc.gob.ar,Estatal,Oficial,ESCUELA DE EDUCACIÓN SECUNDARIA,CONURBANO,Urbano,0,Oficial,SEDE,Segunda,Dirección Provincial de Educación Secundaria,609600139,Final 2025,151,69,82,6,"MAÑANA,TARDE",618759,0,26,-58.577341369207325,-34.49541729210054
6861,Vicente López,20736,ESCUELA DE EDUCACIÓN SECUNDARIA Nº8 - ANEXO,Región 6,0109MS3081,61193101,Educación Común,Nivel Secundario,ROSSETTI - 1542,-,,,Estatal,Oficial,ESCUELA DE EDUCACIÓN SECUNDARIA,CONURBANO,Urbano,0,Oficial,ANEXO,S/Datos,Dirección Provincial de Educación Secundaria,610900250,Final 2025,82,45,37,5,MAÑANA,611931,1,3081,-58.502499711395714,-34.53207609013612
6861,Vicente López,20740,ESCUELA DE EDUCACIÓN SECUNDARIA N°12,Región 6,0109MS0012,61878700,Educación Común,Nivel Secundario,MALAVER - 4416,11-4859-0175,83990,ees12.v.lopez@gmail.com,Estatal,Oficial,ESCUELA DE EDUCACIÓN SECUNDARIA,CONURBANO,Urbano,0,Oficial,SEDE,Tercera,Dirección Provincial de Educación Secundaria,610900492,Final 2025,123,70,53,6,"MAÑANA,TARDE",618787,0,12,-58.52222430980278,-34.53598026547621
6252,Escobar,20744,"ESCUELA DE EDUCACIÓN SECUNDARIA Nº12 ""RAÚL ALFONSÍN""",Región 11,0116MS0012,61879100,Educación Común,Nivel Secundario,RICARDO ROJAS - 1761,3488-449-4912,,bs11618@yahoo.com.ar,Estatal,Oficial,ESCUELA DE EDUCACIÓN SECUNDARIA,INTERIOR,Urbano,1,Oficial,SEDE,Segunda,Dirección Provincial de Educación Secundaria,611600201,Final 2025,357,192,165,12,"MAÑANA,TARDE,VESPERTINO",618791,0,12,-58.850632181229706,-34.322346842232704
6252,Escobar,20745,"ESCUELA DE EDUCACIÓN SECUNDARIA Nº18 ""TILO WENNER""",Región 11,0116MS0018,61879200,Educación Común,Nivel Secundario,LOS LAZARISTAS - 914,3488-442-3269,87875,secundaria18escobar@gmail.com,Estatal,Oficial,ESCUELA DE EDUCACIÓN SECUNDARIA,INTERIOR,Urbano,0,Oficial,SEDE,Segunda,Dirección Provincial de Educación Secundaria,611600621,Final 2025,387,205,182,16,"MAÑANA,TARDE,VESPERTINO",618792,0,18,-58.80048692103403,-34.347311989856124
6252,Escobar,20746,ESCUELA DE EDUCACIÓN SECUNDARIA Nº20,Región 11,0116MS0020,61879300,Educación Común,Nivel Secundario,LOS PERALES E/ ORQUIDEAS Y AZUCENAS - 2524,3488-443-1894,,ees20escobar@gmail.com,Estatal,Oficial,ESCUELA DE EDUCACIÓN SECUNDARIA,INTERIOR,Urbano,1,Oficial,SEDE,Segunda,Dirección Provincial de Educación Secundaria,611601608,Final 2025,322,167,155,12,"MAÑANA,TARDE,VESPERTINO",618793,0,20,-58.81345850730133,-34.35528849363295
6840,Tres de Febrero,20747,"ESCUELA DE EDUCACIÓN SECUNDARIA Nº 15 ""ERNESTO SABATO""",Región 7,0117MS0015,61879400,Educación Común,Nivel Secundario,ALMAFUERTE - 3390,11-4712-7144,,secundaria15tresdefebrero@abc.gob.ar,Estatal,Oficial,ESCUELA DE EDUCACIÓN SECUNDARIA,CONURBANO,Urbano,0,Oficial,SEDE,Segunda,Dirección Provincial de Educación Secundaria,611700745,Final 2025,186,107,79,9,"MAÑANA,TARDE",618794,0,15,-58.5444865513121,-34.60357706243085
6840,Tres de Febrero,20748,ESCUELA DE EDUCACIÓN SECUNDARIA Nº20,Región 7,0117MS0020,61879500,Educación Común,Nivel Secundario,CARLOS TEJEDOR E/ MAGDALENA Y CAVASSA - 4543,11-4750-3358,,secundaria20tresdf@gmail.com,Estatal,Oficial,ESCUELA DE EDUCACIÓN SECUNDARIA,CONURBANO,Urbano,0,Oficial,SEDE,Tercera,Dirección Provincial de Educación Secundaria,611700040,Final 2025,81,40,41,6,MAÑANA,618795,0,20,-58.56053060590164,-34.62040760832383
6760,San Miguel,20770,ESCUELA DE EDUCACIÓN SECUNDARIA Nº31,Región 9,0131MS0031,61881700,Educación Común,Nivel Secundario,JUAN JOSÉ PASO (E/ MUÑIZ Y SARMIENTO) - 3284,11-15-3875-4753,,malmaras3@abc.gob.ar,Estatal,Oficial,ESCUELA DE EDUCACIÓN SECUNDARIA,CONURBANO,Urbano,0,Oficial,SEDE,Segunda,Dirección Provincial de Educación Secundaria,613100795,Final 2025,151,74,77,6,"MAÑANA,TARDE",618817,0,31,-58.7218119385167,-34.56661390569063
6252,Escobar,20771,ESCUELA DE EDUCACIÓN SECUNDARIA Nº28,Región 11,0116MS0028,61881800,Educación Común,Nivel Secundario,OLIVOS - 2090,3488-446-6765,,secundaria28escobar@abc.gob.ar,Estatal,Oficial,ESCUELA DE EDUCACIÓN SECUNDARIA,INTERIOR,Urbano,0,Oficial,SEDE,Segunda,Dirección Provincial de Educación Secundaria,611600697,Final 2025,223,96,127,8,"MAÑANA,TARDE,VESPERTINO",618818,0,28,-58.7693630811407,-34.39492558115034
6252,Escobar,20772,"ESCUELA DE EDUCACIÓN SECUNDARIA Nº24 ""FRIDA KAHLO""",Región 11,0116MS0024,61881900,Educación Común,Nivel Secundario,LAS RETAMAS - 1380,3488-44-4804,,ees24fridakahlo@gmail,Estatal,Oficial,ESCUELA DE EDUCACIÓN SECUNDARIA,INTERIOR,Urbano,0,Oficial,SEDE,Segunda,Dirección Provincial de Educación Secundaria,611600684,Final 2025,392,206,186,13,"MAÑANA,TARDE",618819,0,24,-58.74762297213613,-34.390309071714874
6515,Malvinas Argentinas,20778,ESCUELA DE EDUCACIÓN SECUNDARIA Nº10,Región 9,0133MS0010,61882500,Educación Común,Nivel Secundario,JUAN XXIII Y ECHAGUE - S/N,2320-62-5921,,vgioia1@abc.gob.ar,Estatal,Oficial,ESCUELA DE EDUCACIÓN SECUNDARIA,CONURBANO,Urbano,1,Oficial,SEDE,Segunda,Dirección Provincial de Educación Secundaria,613300647,Final 2025,345,175,170,12,"MAÑANA,TARDE",618825,0,10,-58.78159422582274,-34.47541783670998
6525,Marcos Paz,20780,ESCUELA DE EDUCACIÓN SECUNDARIA Nº7,Región 10,0067MS0007,61882700,Educación Común,Nivel Secundario,EVA DUARTE E/ EL FOGÓN Y EL CRIOLLO - 271,220-477-5261,,secundaria7marcospaz@abc.gob.ar,Estatal,Oficial,ESCUELA DE EDUCACIÓN SECUNDARIA,INTERIOR,Urbano,0,Oficial,SEDE,Segunda,Dirección Provincial de Educación Secundaria,606700361,Final 2025,338,158,180,11,"MAÑANA,TARDE",618827,0,7,-58.816045954651415,-34.761785832314864
6760,San Miguel,20782,"ESCUELA DE EDUCACIÓN SECUNDARIA Nº15 ""EVA DUARTE""",Región 9,0131MS0015,61882900,Educación Común,Nivel Secundario,GIAMBIAGGI - 5770,11-4468-0603,,secundaria15sanmiguel@abc.gob.ar,Estatal,Oficial,ESCUELA DE EDUCACIÓN SECUNDARIA,CONURBANO,Urbano,1,Oficial,SEDE,Segunda,Dirección Provincial de Educación Secundaria,613100690,Final 2025,300,169,131,12,"MAÑANA,TARDE",618829,0,15,-58.73052294491816,-34.59125378386008
6126,Campana,20809,"ESCUELA DE EDUCACIÓN SECUNDARIA Nº24 ""JULIO CORTÁZAR""",Región 11,0015MS0024,61885000,Educación Común,Nivel Secundario,MITRE - 857,3489-53-9059,,secundaria24campana@abc.gob.ar,Estatal,Oficial,ESCUELA DE EDUCACIÓN SECUNDARIA,INTERIOR,Urbano,0,Oficial,SEDE,Segunda,Dirección Provincial de Educación Secundaria,601500669,Final 2025,294,132,162,12,"MAÑANA,TARDE",618850,0,24,-58.96062007362367,-34.162940379086784
6126,Campana,20810,ESCUELA DE EDUCACIÓN SECUNDARIA Nº27,Región 11,0015MS0027,61885100,Educación Común,Nivel Secundario,SAN MARTÍN - 2152,3489-51-7182,,secundaria27campana@abc.gob.ar,Estatal,Oficial,ESCUELA DE EDUCACIÓN SECUNDARIA,INTERIOR,Urbano,0,Oficial,SEDE,Segunda,Dirección Provincial de Educación Secundaria,601500682,Final 2025,207,106,101,12,"MAÑANA,TARDE",618851,0,27,-58.96319010083512,-34.196838111553035
6126,Campana,20811,"ESCUELA DE EDUCACIÓN SECUNDARIA Nº19 ""GUSTAVO SERATI""",Región 11,0015MS0019,61885200,Educación Común,Nivel Secundario,ESTRADA - 558,3489-48-0797,,secundaria19campana@abc.gob.ar,Estatal,Oficial,ESCUELA DE EDUCACIÓN SECUNDARIA,INTERIOR,Urbano,0,Oficial,SEDE,Segunda,Dirección Provincial de Educación Secundaria,601500630,Final 2025,223,109,114,10,MAÑANA,618852,0,19,-58.954219260158624,-34.166699379251305
6126,Campana,20812,"ESCUELA DE EDUCACIÓN SECUNDARIA Nº16 ""EZIO MOLLO""",Región 11,0015MS0016,61885300,Educación Común,Nivel Secundario,"RUTA 9 KM. 70,400. - S/N",3489-44-9038,,secundaria16campana@abc.gob.ar,Estatal,Oficial,ESCUELA DE EDUCACIÓN SECUNDARIA,INTERIOR,Urbano,0,Oficial,SEDE,Segunda,Dirección Provincial de Educación Secundaria,601500624,Final 2025,254,140,114,12,"MAÑANA,TARDE",618853,0,16,-58.92654129787506,-34.2137245164083
6126,Campana,20813,"ESCUELA DE EDUCACIÓN SECUNDARIA Nº21 ""HÉROES DE MALVINAS""",Región 11,0015MS0021,61885400,Educación Común,Nivel Secundario,AGUIAR - 110,3489-44-9244,,ees21campana@gmail.com,Estatal,Oficial,ESCUELA DE EDUCACIÓN SECUNDARIA,INTERIOR,Urbano,0,Oficial,SEDE,Segunda,Dirección Provincial de Educación Secundaria,601500648,Final 2025,312,143,169,12,"MAÑANA,VESPERTINO",618854,0,21,-58.937890614859846,-34.2055861428431
6371,General San Martín,20841,ESCUELA DE EDUCACIÓN SECUNDARIA Nº29,Región 7,0045MS0029,61888200,Educación Común,Nivel Secundario,MISIONES - 3680,11-4847-0251,,0045ms0029@gmail.com,Estatal,Oficial,ESCUELA DE EDUCACIÓN SECUNDARIA,CONURBANO,Urbano,0,Oficial,SEDE,Tercera,Dirección Provincial de Educación Secundaria,604500341,Final 2025,82,41,41,6,"MAÑANA,TARDE",618882,0,29,-58.55157958872298,-34.56243912103011
6371,General San Martín,20843,ESCUELA DE EDUCACIÓN SECUNDARIA Nº37,Región 7,0045MS0037,61888400,Educación Común,Nivel Secundario,CUBA - 4450,11-4847-0110,,0045ms0037@gmail.com,Estatal,Oficial,ESCUELA DE EDUCACIÓN SECUNDARIA,CONURBANO,Urbano,0,Oficial,SEDE,Segunda,Dirección Provincial de Educación Secundaria,604500105,Final 2025,171,98,73,11,"MAÑANA,TARDE",618884,0,37,-58.57361237823427,-34.5576676212887
6760,San Miguel,20844,ESCUELA DE EDUCACIÓN SECUNDARIA Nº20,Región 9,0131MS0020,61888500,Educación Común,Nivel Secundario,MUNZON E/ SORDEAUX Y MORENO - 618,11-4666-9459,,secundaria20sanmiguel@abc.gob.ar,Estatal,Oficial,ESCUELA DE EDUCACIÓN SECUNDARIA,CONURBANO,Urbano,0,Oficial,SEDE,Primera,Dirección Provincial de Educación Secundaria,613101810,Final 2025,566,289,277,21,"MAÑANA,TARDE",618885,0,20,-58.69445857438957,-34.565877294059504
6760,San Miguel,20846,"ESCUELA DE EDUCACIÓN SECUNDARIA Nº18 ""EUGENIO MATTALDI""",Región 9,0131MS0018,61888700,Educación Común,Nivel Secundario,PARAGUAY ( ESQ.MISIONES) - 810,11-4666-5214,,mvnatalicio@abc.gob.ar,Estatal,Oficial,ESCUELA DE EDUCACIÓN SECUNDARIA,CONURBANO,Urbano,0,Oficial,SEDE,Segunda,Dirección Provincial de Educación Secundaria,613101875,Final 2025,340,155,185,12,"MAÑANA,TARDE",618887,0,18,-58.6742812890077,-34.562313525312135
6638,Pilar,20847,"ESCUELA DE EDUCACIÓN SECUNDARIA Nº36 ""DOMINGA Y FELICIDAD ABADÍA CRESPO""",Región 11,0083MS0036,61888800,Educación Común,Nivel Secundario,LA BRUYERE - 1248,2320-65-8253,,ees36delvisopilar@gmail.com,Estatal,Oficial,ESCUELA DE EDUCACIÓN SECUNDARIA,INTERIOR,Urbano,1,Oficial,SEDE,Primera,Dirección Provincial de Educación Secundaria,608300934,Final 2025,504,284,220,16,"MAÑANA,TARDE,VESPERTINO",618888,0,36,-58.79346448389828,-34.45610831434692
6760,San Miguel,20848,"ESCUELA DE EDUCACIÓN SECUNDARIA Nº27 ""MACACHA GÜEMES""",Región 9,0131MS0027,61888900,Educación Común,Nivel Secundario,RIO NEGRO E/ SORDEAUX Y QUIRNO - 556,11-4668-2693,,lonyscenko@abc.gob.ar,Estatal,Oficial,ESCUELA DE EDUCACIÓN SECUNDARIA,CONURBANO,Urbano,0,Oficial,SEDE,Tercera,Dirección Provincial de Educación Secundaria,613100776,Final 2025,128,61,67,6,"MAÑANA,TARDE",618889,0,27,-58.68073202417652,-34.55061407274576
6412,José C. Paz,20849,"ESCUELA DE EDUCACIÓN SECUNDARIA Nº16 ""SALVADOR MAZZA""",Región 9,0132MS0016,61889000,Educación Común,Nivel Secundario,GRAL. PINTO E/ CASTRO BARROS Y EVA PERÓN - S/N,2320-46-3926,,secundaria16josecpaz@abc.gob.ar,Estatal,Oficial,ESCUELA DE EDUCACIÓN SECUNDARIA,CONURBANO,Urbano,1,Oficial,SEDE,Segunda,Dirección Provincial de Educación Secundaria,613200569,Final 2025,493,263,230,19,"MAÑANA,TARDE",618890,0,16,-58.75989912584338,-34.54086056786056
6760,San Miguel,20850,"ESCUELA DE EDUCACIÓN SECUNDARIA Nº26 ""GRAN MALVINA""",Región 9,0131MS0026,61889100,Educación Común,Nivel Secundario,JUAN BAUTISTA ALBERDI - 320,11-15-5229-0892,,ees26sanmiguel@gmail.com,Estatal,Oficial,ESCUELA DE EDUCACIÓN SECUNDARIA,CONURBANO,Urbano,0,Oficial,SEDE,Segunda,Dirección Provincial de Educación Secundaria,613101881,Final 2025,162,88,74,6,"MAÑANA,TARDE",618891,0,26,-58.6928309664786,-34.544038551855024
6760,San Miguel,20851,ESCUELA DE EDUCACIÓN SECUNDARIA Nº33,Región 9,0131MS0033,61889200,Educación Común,Nivel Secundario,PRINGLES - 2646,11-6071-4868,,nancastro1@abc.gob.ar,Estatal,Oficial,ESCUELA DE EDUCACIÓN SECUNDARIA,CONURBANO,Urbano,0,Oficial,SEDE,Segunda,Dirección Provincial de Educación Secundaria,613100814,Final 2025,184,107,77,10,"MAÑANA,TARDE,VESPERTINO",618892,0,33,-58.73090982987124,-34.54736229218764
6412,José C. Paz,20852,ESCUELA DE EDUCACIÓN SECUNDARIA Nº19,Región 9,0132MS0019,61889300,Educación Común,Nivel Secundario,MARCELO T. DE ALVEAR - 3325,2320-43-5520,,tere_lasecre@hotmail.com,Estatal,Oficial,ESCUELA DE EDUCACIÓN SECUNDARIA,CONURBANO,Urbano,1,Oficial,SEDE,Primera,Dirección Provincial de Educación Secundaria,613200031,Final 2025,522,272,250,19,MAÑANA,618893,0,19,-58.76953214649077,-34.52225777477615
6412,José C. Paz,20854,"ESCUELA DE EDUCACIÓN SECUNDARIA Nº18 ""MIRADOR DE ALTUBE""",Región 9,0132MS0018,61889500,Educación Común,Nivel Secundario,SANTA MARÍA E/ ALTUBE Y COLON - S/N,11-3125-3351,,secundaria18josecpaz@abc.gob.ar,Estatal,Oficial,ESCUELA DE EDUCACIÓN SECUNDARIA,CONURBANO,Urbano,1,Oficial,SEDE,Primera,Dirección Provincial de Educación Secundaria,613200582,Final 2025,595,294,301,18,"MAÑANA,TARDE",618895,0,18,-58.7871053716106,-34.54034246502388
6760,San Miguel,20856,ESCUELA DE EDUCACIÓN SECUNDARIA Nº38,Región 9,0131MS0038,61889700,Educación Común,Nivel Secundario,WILLAMS MORRIS (E/ NAPOLES Y 1º JUNTA) - 2749,11-7368-1286,,secundaria38sanmiguel@abc.gob.ar,Estatal,Oficial,ESCUELA DE EDUCACIÓN SECUNDARIA,CONURBANO,Urbano,0,Oficial,SEDE,Segunda,Dirección Provincial de Educación Secundaria,613100091,Final 2025,300,165,135,12,"MAÑANA,TARDE,VESPERTINO",618897,0,38,-58.7344392272792,-34.54408543501413
6760,San Miguel,20857,"ESCUELA DE EDUCACIÓN SECUNDARIA Nº 14 ""JOSÉ MARÍA GALLARDO""",Región 9,0131MS0014,61889800,Educación Común,Nivel Secundario,SOLDADO MANSILLA - 2791,11-6259-7682,,secundaria14sanmiguel@abc.gob.ar,Estatal,Oficial,ESCUELA DE EDUCACIÓN SECUNDARIA,CONURBANO,Urbano,1,Oficial,SEDE,Segunda,Dirección Provincial de Educación Secundaria,613101966,Final 2025,286,147,139,12,"MAÑANA,TARDE",618898,0,14,-58.74641579847456,-34.553111224081654
6760,San Miguel,20858,ESCUELA DE EDUCACIÓN SECUNDARIA Nº29,Región 9,0131MS0029,61889900,Educación Común,Nivel Secundario,ITALIA E/ BRAMANTE Y C. VIGIL - 4010,11-4455-9110,70461,secundaria29sanmiguel@abc.gob.ar,Estatal,Oficial,ESCUELA DE EDUCACIÓN SECUNDARIA,CONURBANO,Urbano,1,Oficial,SEDE,Segunda,Dirección Provincial de Educación Secundaria,613100782,Final 2025,324,154,170,12,"MAÑANA,TARDE,VESPERTINO",618899,0,29,-58.7319680258031,-34.56614328588353
6760,San Miguel,20859,EXTENSION I DE ESCUELA DE EDUCACIÓN SECUNDARIA Nº28,Región 9,0131MS2280,61828001,Educación Común,Nivel Secundario,PAULA ALBARRACIN - 2447,11-4465-3192,,escuelasecundaria28ms@gmail.com,Estatal,Oficial,ESCUELA DE EDUCACIÓN SECUNDARIA,CONURBANO,Urbano,0,Oficial,EXTENSION,S/Datos,Dirección Provincial de Educación Secundaria,613100851,Final 2025,380,198,182,13,"MAÑANA,TARDE",618280,1,2280,-58.74926838283736,-34.56221893973316
6760,San Miguel,20860,ESCUELA DE EDUCACIÓN SECUNDARIA Nº35,Región 9,0131MS0035,61890100,Educación Común,Nivel Secundario,TOMAS EDISON - 3255,11-4465-0318,,secundaria35sanmiguel@abc.gob.ar,Estatal,Oficial,ESCUELA DE EDUCACIÓN SECUNDARIA,CONURBANO,Urbano,1,Oficial,SEDE,Segunda,Dirección Provincial de Educación Secundaria,613101823,Final 2025,289,146,143,12,"MAÑANA,TARDE",618901,0,35,-58.743280752406434,-34.547072051441994
6515,Malvinas Argentinas,20861,ESCUELA DE EDUCACIÓN SECUNDARIA Nº13,Región 9,0133MS0013,61890200,Educación Común,Nivel Secundario,LUIS PIEDRABUENA - 3400,2230-48-0607,,marccorrea2@abc.gob.ar,Estatal,Oficial,ESCUELA DE EDUCACIÓN SECUNDARIA,CONURBANO,Urbano,1,Oficial,SEDE,Segunda,Dirección Provincial de Educación Secundaria,613300675,Final 2025,399,208,191,14,"MAÑANA,TARDE",618902,0,13,-58.71307102873624,-34.46937763055834
6805,Tigre,20866,"ESCUELA DE EDUCACIÓN SECUNDARIA Nº32 ""DR. RAÚL ALFONSIN""",Región 6,0055MS0032,61890700,Educación Común,Nivel Secundario,GORRITI - 928,3327-52-8098,,secundaria32tigre@abc.gob.ar,Estatal,Oficial,ESCUELA DE EDUCACIÓN SECUNDARIA,CONURBANO,Urbano,1,Oficial,SEDE,Primera,Dirección Provincial de Educación Secundaria,605502510,Final 2025,591,272,319,23,"MAÑANA,TARDE",618907,0,32,-58.71662483196089,-34.40628580751489
6805,Tigre,20868,ESCUELA DE EDUCACIÓN SECUNDARIA N°39,Región 6,0055MS0039,61890900,Educación Común,Nivel Secundario,RUTA PROVINCIAL Nº27 Y CEBEY - 5687,3327-48-4023,,esb17tigr@gmail.com,Estatal,Oficial,ESCUELA DE EDUCACIÓN SECUNDARIA,CONURBANO,Urbano,0,Oficial,SEDE,Segunda,Dirección Provincial de Educación Secundaria,605501194,Final 2025,316,163,153,12,"MAÑANA,TARDE",618909,0,39,-58.63231912852404,-34.40255400216496
6805,Tigre,20871,ESCUELA DE EDUCACIÓN SECUNDARIA N°44,Región 6,0055MS0044,61891200,Educación Común,Nivel Secundario,ITALIA - 583,11-5197-4316,48010,secundaria44tigre@abc.gob.ar,Estatal,Oficial,ESCUELA DE EDUCACIÓN SECUNDARIA,CONURBANO,Urbano,0,Oficial,SEDE,Segunda,Dirección Provincial de Educación Secundaria,605501224,Final 2025,145,75,70,6,"MAÑANA,TARDE",618912,0,44,-58.56844618674104,-34.42755045069217
6805,Tigre,20872,"ESCUELA DE EDUCACIÓN SECUNDARIA N°47 ""LIBERTADOR GRAL. SAN MARTÍN""",Región 6,0055MS0047,61891300,Educación Común,Nivel Secundario,BRASIL Y CONESA - S/N,3327-47-2319,,ees47tigre@gmail.com,Estatal,Oficial,ESCUELA DE EDUCACIÓN SECUNDARIA,CONURBANO,Urbano,0,Oficial,SEDE,Segunda,Dirección Provincial de Educación Secundaria,605501253,Final 2025,473,239,234,16,"MAÑANA,TARDE,VESPERTINO",618913,0,47,-58.69043544873622,-34.42165000324464
6805,Tigre,20874,"ESCUELA DE EDUCACIÓN SECUNDARIA N°46 ""AURORA""",Región 6,0055MS0046,61891500,Educación Común,Nivel Secundario,AV. DE LOS CONSTITUYENTES - 3001,11-7724-9742,,secundaria46tigre@abc.gob.ar,Estatal,Oficial,ESCUELA DE EDUCACIÓN SECUNDARIA,CONURBANO,Urbano,0,Oficial,SEDE,Segunda,Dirección Provincial de Educación Secundaria,605502478,Final 2025,388,194,194,15,"MAÑANA,TARDE",618915,0,46,-58.66866374798492,-34.44801641110095
6805,Tigre,20875,ESCUELA DE EDUCACIÓN SECUNDARIA N°35,Región 6,0055MS0035,61891600,Educación Común,Nivel Secundario,O'HIGGINS E/ ITUZAINGO Y 25 DE MAYO - S/N,11-5245-8050,,secundaria35tigre@abc.gob.ar,Estatal,Oficial,ESCUELA DE EDUCACIÓN SECUNDARIA,CONURBANO,Urbano,0,Oficial,SEDE,Segunda,Dirección Provincial de Educación Secundaria,605501160,Final 2025,151,70,81,6,"MAÑANA,TARDE",618916,0,35,-58.59616375715069,-34.434092304515694
6532,Mercedes,20879,ESCUELA DE EDUCACIÓN SECUNDARIA Nº8,Región 10,0070MS0008,61892000,Educación Común,Nivel Secundario,CALLE 23 - 945,2324-42-5951,,secundaria8mercedesba@gmail.com,Estatal,Oficial,ESCUELA DE EDUCACIÓN SECUNDARIA,INTERIOR,Urbano,0,Oficial,SEDE,Tercera,Dirección Provincial de Educación Secundaria,607000451,Final 2025,110,58,52,6,MAÑANA,618920,0,8,-59.42697946486021,-34.645509412218736
6560,Moreno,20883,ESCUELA DE EDUCACIÓN SECUNDARIA Nº32,Región 9,0073MS0032,61892400,Educación Común,Nivel Secundario,BARKER E/ ASCASUBI Y CARRIEGO - S/N,237-461-0201,,gamiguele@abc.gob.ar,Estatal,Oficial,ESCUELA DE EDUCACIÓN SECUNDARIA,CONURBANO,Urbano,1,Oficial,SEDE,Segunda,Dirección Provincial de Educación Secundaria,607301435,Final 2025,402,206,196,12,"MAÑANA,TARDE",618924,0,32,-58.76835607067552,-34.58560123800638
6560,Moreno,20884,ESCUELA DE EDUCACIÓN SECUNDARIA Nº50,Región 9,0073MS0050,61892500,Educación Común,Nivel Secundario,IRALA - 1100,237-487-1729,,cdamore1@abc.gob.ar,Estatal,Oficial,ESCUELA DE EDUCACIÓN SECUNDARIA,CONURBANO,Urbano,1,Oficial,SEDE,Segunda,Dirección Provincial de Educación Secundaria,607301555,Final 2025,392,213,179,12,"MAÑANA,TARDE",618925,0,50,-58.871701474139485,-34.64341052845942
6560,Moreno,20886,"ESCUELA DE EDUCACIÓN SECUNDARIA Nº52 ""EVA PERÓN""",Región 9,0073MS0052,61892700,Educación Común,Nivel Secundario,PINZON ESQ. DE LA QUINTANA - S/N,237-481-7647,,fsalvatierra@gmail.com,Estatal,Oficial,ESCUELA DE EDUCACIÓN SECUNDARIA,CONURBANO,Urbano,1,Oficial,SEDE,Segunda,Dirección Provincial de Educación Secundaria,607300268,Final 2025,506,262,244,18,"MAÑANA,TARDE",618927,0,52,-58.73176355054676,-34.60686775644143
6638,Pilar,20898,"ESCUELA DE EDUCACIÓN SECUNDARIA Nº32 ""COMODORO HUGO MEISNER""",Región 11,0083MS0032,61893900,Educación Común,Nivel Secundario,HUNGRIA E/ BELICE Y HONDURAS - 3091,3488-46-8671,,secundaria32@hotmail,Estatal,Oficial,ESCUELA DE EDUCACIÓN SECUNDARIA,INTERIOR,Urbano,1,Oficial,SEDE,Segunda,Dirección Provincial de Educación Secundaria,608300906,Final 2025,546,279,267,17,"MAÑANA,TARDE",618939,0,32,-58.77068161226602,-34.421100481501675
6638,Pilar,20900,"ESCUELA DE EDUCACIÓN SECUNDARIA Nº14 ""MERCEDES SOSA""",Región 11,0083MS0014,61894100,Educación Común,Nivel Secundario,PARAGUAY E/ PERU Y SANTA FE - 1610,230-448-7209,,secundaria14pilar@hotmail.com,Estatal,Oficial,ESCUELA DE EDUCACIÓN SECUNDARIA,INTERIOR,Urbano,1,Oficial,SEDE,Segunda,Dirección Provincial de Educación Secundaria,608300746,Final 2025,523,263,260,15,"MAÑANA,TARDE",618941,0,14,-58.82472787339211,-34.49299271214365
6749,San Fernando,20904,ESCUELA DE EDUCACIÓN SECUNDARIA Nº14,Región 6,0095MS0014,61894500,Educación Común,Nivel Secundario,QUINTANA - 5800,11-4714-8445,,ees14sanfernando@gmail.com,Estatal,Oficial,ESCUELA DE EDUCACIÓN SECUNDARIA,CONURBANO,Urbano,0,Oficial,SEDE,Segunda,Dirección Provincial de Educación Secundaria,609500124,Final 2025,337,155,182,12,"MAÑANA,TARDE",618945,0,14,-58.59494893224643,-34.47277875393583
6749,San Fernando,20905,ESCUELA DE EDUCACIÓN SECUNDARIA Nº19,Región 6,0095MS0019,61894600,Educación Común,Nivel Secundario,CORDERO E/ PARANA Y CHILE - 4725,11-15-6140-5296,,ees19sanfernando@gmail.com,Estatal,Oficial,ESCUELA DE EDUCACIÓN SECUNDARIA,CONURBANO,Urbano,0,Oficial,SEDE,Segunda,Dirección Provincial de Educación Secundaria,609500050,Final 2025,275,149,126,12,"MAÑANA,TARDE",618946,0,19,-58.584151828243215,-34.46506621213541
6749,San Fernando,20906,"ESCUELA DE EDUCACIÓN SECUNDARIA Nº23 ""RENÉ FAVALORO""",Región 6,0095MS0023,61894700,Educación Común,Nivel Secundario,AVENIDA PRESIDENTE PERÓN - 1727,11-4745-6003,,secundaria23sanfernando@abc.gob.ar,Estatal,Oficial,ESCUELA DE EDUCACIÓN SECUNDARIA,CONURBANO,Urbano,0,Oficial,SEDE,Segunda,Dirección Provincial de Educación Secundaria,609500153,Final 2025,302,141,161,12,"MAÑANA,TARDE",618947,0,23,-58.55081591663385,-34.444448824180924
6749,San Fernando,20907,ESCUELA DE EDUCACIÓN SECUNDARIA Nº16,Región 6,0095MS0016,61894800,Educación Común,Nivel Secundario,AZCUENAGA - 1489,11-4714-7356,,ees16sanfernando@gmail.com,Estatal,Oficial,ESCUELA DE EDUCACIÓN SECUNDARIA,CONURBANO,Urbano,0,Oficial,SEDE,Segunda,Dirección Provincial de Educación Secundaria,609500066,Final 2025,269,122,147,12,"MAÑANA,TARDE",618948,0,16,-58.5775377426716,-34.45695216530963
6749,San Fernando,20908,"ESCUELA DE EDUCACIÓN SECUNDARIA Nº21 ""MALVINAS ARGENTINAS""",Región 6,0095MS0021,61894900,Educación Común,Nivel Secundario,JUNIN - 1412,11-4744-0214,,secundaria21sanfernando@abc.gob.ar,Estatal,Oficial,ESCUELA DE EDUCACIÓN SECUNDARIA,CONURBANO,Urbano,0,Oficial,SEDE,Segunda,Dirección Provincial de Educación Secundaria,609500169,Final 2025,282,154,128,12,"MAÑANA,TARDE",618949,0,21,-58.56421258324298,-34.437775411405504
6252,Escobar,20921,"ESCUELA DE EDUCACIÓN SECUNDARIA Nº 27 ""FLOREAL AVELLANEDA""",Región 11,0116MS0027,61896200,Educación Común,Nivel Secundario,CARLOS PELLEGRINI - 351,3488-3-1892,,secundaria27escobar@abc.gob.ar,Estatal,Oficial,ESCUELA DE EDUCACIÓN SECUNDARIA,INTERIOR,Urbano,0,Oficial,SEDE,Segunda,Dirección Provincial de Educación Secundaria,611600096,Final 2025,324,174,150,12,"MAÑANA,TARDE",618962,0,27,-58.79675025322104,-34.35403537363328
6252,Escobar,20922,"ESCUELA DE EDUCACIÓN SECUNDARIA Nº 21 ""JORGE INSCHAUSPE""",Región 11,0116MS0021,61896300,Educación Común,Nivel Secundario,ESTRADA - 434,3488-443-5200,,secundaria21escobar@gmail.com,Estatal,Oficial,ESCUELA DE EDUCACIÓN SECUNDARIA,INTERIOR,Urbano,0,Oficial,SEDE,Segunda,Dirección Provincial de Educación Secundaria,611600650,Final 2025,531,279,252,21,"MAÑANA,TARDE,VESPERTINO",618963,0,21,-58.79401794593536,-34.344943228074015
6840,Tres de Febrero,20923,ESCUELA DE EDUCACIÓN SECUNDARIA Nº19,Región 7,0117MS0019,61896400,Educación Común,Nivel Secundario,LAS MALVINAS - 7216,11-4840-4412,76600,secundaria19tresdefebrero@abc.gob.ar,Estatal,Oficial,ESCUELA DE EDUCACIÓN SECUNDARIA,CONURBANO,Urbano,0,Oficial,SEDE,Segunda,Dirección Provincial de Educación Secundaria,611700778,Final 2025,101,59,42,6,"MAÑANA,TARDE",618964,0,19,-58.595168359631074,-34.58834317829452
6638,Pilar,20930,"ESCUELA DE EDUCACIÓN SECUNDARIA Nº37 ""MARÍA REMEDIOS DEL VALLE""",Región 11,0083MS0037,61897100,Educación Común,Nivel Secundario,NORUEGA Y BELIERA ( RUTA 26 KM 5 - 3150,11-15-5369-0333,,secundaria37@abc.gob.ar,Estatal,Oficial,ESCUELA DE EDUCACIÓN SECUNDARIA,INTERIOR,Urbano,1,Oficial,SEDE,Segunda,Dirección Provincial de Educación Secundaria,608300947,Final 2025,463,228,235,14,"MAÑANA,TARDE",618971,0,37,-58.78201414943729,-34.405563385354085
6749,San Fernando,20931,"ESCUELA DE EDUCACIÓN SECUNDARIA Nº24 ""LISANDRO DE LA TORRE""",Región 6,0095MS0024,61897200,Educación Común,Nivel Secundario,PASTEUR Y STA. MARÍA DE ORO - 2810,11-4746-7617,,secundaria24sf@gmail.com,Estatal,Oficial,ESCUELA DE EDUCACIÓN SECUNDARIA,CONURBANO,Urbano,0,Oficial,SEDE,Segunda,Dirección Provincial de Educación Secundaria,609500614,Final 2025,275,136,139,12,"MAÑANA,TARDE",618972,0,24,-58.56054721548048,-34.45883391934929
6371,General San Martín,20983,ESCUELA DE EDUCACIÓN SECUNDARIA Nº43,Región 7,0045MS0043,61899100,Educación Común,Nivel Secundario,PATAGONIA Y JOSÉ INGENIEROS - 7493,11-4769-6547,,secundaria43sanmartin@abc.gob.ar,Estatal,Oficial,ESCUELA DE EDUCACIÓN SECUNDARIA,CONURBANO,Urbano,1,Oficial,SEDE,Segunda,Dirección Provincial de Educación Secundaria,604501081,Final 2025,261,115,146,9,"MAÑANA,TARDE",618991,0,43,-58.5907171076074,-34.54449099606206
6760,San Miguel,20985,ESCUELA DE EDUCACIÓN SECUNDARIA Nº17,Región 9,0131MS0017,61899300,Educación Común,Nivel Secundario,BELGRANO E/ PAZ Y SUBIRÍA - 1731,11-4667-3858,,secundaria17sanmiguel@abc.gob.ar,Estatal,Oficial,ESCUELA DE EDUCACIÓN SECUNDARIA,CONURBANO,Urbano,0,Oficial,SEDE,Segunda,Dirección Provincial de Educación Secundaria,613100711,Final 2025,403,189,214,18,"MAÑANA,TARDE",618993,0,17,-58.715710670010736,-34.54745257237794
6760,San Miguel,20986,ESCUELA DE EDUCACIÓN SECUNDARIA Nº23,Región 9,0131MS0023,61899400,Educación Común,Nivel Secundario,CONESA - 4311,11-4455-1073,,escuelasecundaria23sn@yahoo.com.ar,Estatal,Oficial,ESCUELA DE EDUCACIÓN SECUNDARIA,CONURBANO,Urbano,1,Oficial,SEDE,Primera,Dirección Provincial de Educación Secundaria,613100753,Final 2025,566,281,285,16,"MAÑANA,TARDE,VESPERTINO",618994,0,23,-58.730625188406,-34.571779516657365
6861,Vicente López,20994,ESCUELA DE EDUCACIÓN SECUNDARIA N°9,Región 6,0109MS0009,61900200,Educación Común,Nivel Secundario,FRANCIA - 3536,11-4760-8044,,ms9vicentelopez@abc.gob.ar,Estatal,Oficial,ESCUELA DE EDUCACIÓN SECUNDARIA,CONURBANO,Urbano,0,Oficial,SEDE,Segunda,Dirección Provincial de Educación Secundaria,610900463,Final 2025,212,117,95,14,"MAÑANA,TARDE",619002,0,9,-58.5104979336314,-34.53264150180317
6252,Escobar,20995,"ESCUELA DE EDUCACIÓN SECUNDARIA Nº 25 ""MACACHA GÜEMES""",Región 11,0116MS0025,61900300,Educación Común,Nivel Secundario,ING. PABLO MARÍN - 1810,2320-62-8517,,ees25116@gmail.com,Estatal,Oficial,ESCUELA DE EDUCACIÓN SECUNDARIA,INTERIOR,Urbano,0,Oficial,SEDE,Primera,Dirección Provincial de Educación Secundaria,611601552,Final 2025,537,262,275,20,"MAÑANA,TARDE,VESPERTINO",619003,0,25,-58.7367920799208,-34.45416645701892
6568,Morón,21002,CENTRO EDUCATIVO NIVEL SECUNDARIO Nº456,Región 8,0100DM0456,61903800,Educación de Jóvenes y Adultos,Nivel Secundario,J.B. MARQUEZ - 4808,11-4690-4243,,cens456moron@abc.gob.ar,Estatal,Oficial,CENTRO EDUCATIVO DE NIVEL SECUNDARIO (C.E.N.S.),CONURBANO,Urbano,1,Oficial,SEDE,Segunda,"Dirección de Educación de Jóvenes, Adultos y Adultos Mayores",610000173,Final 2025,90,22,68,9,"MAÑANA,VESPERTINO",619038,0,456,-58.64443996268899,-34.69881607539402
6560,Moreno,21010,"ESCUELA DE EDUCACIÓN SECUNDARIA Nº 42 ""SOLDADO HÉCTOR ANTONIO GUANES""",Región 9,0073MS0042,61900800,Educación Común,Nivel Secundario,SAN JUAN BAUTISTA - 865,237-466-5794,,secundaria4242@gmail.com,Estatal,Oficial,ESCUELA DE EDUCACIÓN SECUNDARIA,CONURBANO,Urbano,0,Oficial,SEDE,Segunda,Dirección Provincial de Educación Secundaria,607300384,Final 2025,412,225,187,20,"MAÑANA,TARDE",619008,0,42,-58.76029809378328,-34.65141057915789
6805,Tigre,21015,ESCUELA DE EDUCACIÓN SECUNDARIA N°40,Región 6,0055MS0040,61901000,Educación Común,Nivel Secundario,D. ROCHA - 250,11-4731-8678/5515,,ees40tigre@gmail.com,Estatal,Oficial,ESCUELA DE EDUCACIÓN SECUNDARIA,CONURBANO,Urbano,0,Oficial,SEDE,Segunda,Dirección Provincial de Educación Secundaria,605500138,Final 2025,368,188,180,12,"MAÑANA,TARDE",619010,0,40,-58.569258015543895,-34.43369605512826
6805,Tigre,21020,"ESCUELA DE EDUCACIÓN SECUNDARIA Nº15  ""CAROLINA ALÓ""",Región 6,0055MS0015,61901400,Educación Común,Nivel Secundario,SANTIAGO DEL ESTERO - 222,11-2196-4484,,secundaria15tigre@abc.gob.ar,Estatal,Oficial,ESCUELA DE EDUCACIÓN SECUNDARIA,CONURBANO,Urbano,0,Oficial,SEDE,Segunda,Dirección Provincial de Educación Secundaria,605500101,Final 2025,522,297,225,24,"MAÑANA,TARDE,VESPERTINO",619014,0,15,-58.6340572365513,-34.45674017801629
6412,José C. Paz,21062,C.E.B.A.S. Nº39,Región 9,0132DS0039,61910300,Educación de Jóvenes y Adultos,Nivel Secundario,TRES SARGENTOS E/MENDOZA Y SAN LORENZO - S/N,-,,cebas38josecpaz@abc.gob.ar,Estatal,Oficial,CENTRO ESPECIALIZADO PARA ADULTOS CON ORIENTACIÓN EN SALUD (CEBAS),CONURBANO,Urbano,0,Oficial,SEDE,Segunda,"Dirección de Educación de Jóvenes, Adultos y Adultos Mayores",613201263,Final 2025,100,24,76,6,"MAÑANA,TARDE",619103,0,39,-58.731197436174064,-34.51964690733156
6126,Campana,21839,ESCUELA DE EDUCACIÓN SECUNDARIA Nº20,Región 11,0015MS0020,61970400,Educación Común,Nivel Secundario,GRANADEROS Y CASTELLI - 938,3489-49-2828,,secundaria20campana@abc.gob.ar,Estatal,Oficial,ESCUELA DE EDUCACIÓN SECUNDARIA,INTERIOR,Urbano,0,Oficial,SEDE,Segunda,Dirección Provincial de Educación Secundaria,601500034,Final 2025,218,115,103,12,"MAÑANA,TARDE",619704,0,20,-58.96463949018069,-34.18678078424898
6126,Campana,21841,"ESCUELA DE EDUCACIÓN SECUNDARIA Nº13 ""RODOLFO WALSH""",Región 11,0015MS0013,61970600,Educación Común,Nivel Secundario,A. DEL PINO - 1502,3489-15-65-9996,,ees13campana@gmail.com,Estatal,Oficial,ESCUELA DE EDUCACIÓN SECUNDARIA,INTERIOR,Urbano,1,Oficial,SEDE,Tercera,Dirección Provincial de Educación Secundaria,601500607,Final 2025,143,79,64,8,"MAÑANA,TARDE",619706,0,13,-58.97670566204389,-34.17853356664372
6364,General Rodríguez,21873,ESCUELA DE EDUCACIÓN SECUNDARIA N°17,Región 10,0044MS0017,61973800,Educación Común,Nivel Secundario,TUCUMÁN - 131,237-484-4507,,ees17gr@outlook.com,Estatal,Oficial,ESCUELA DE EDUCACIÓN SECUNDARIA,INTERIOR,Urbano,0,Oficial,SEDE,Primera,Dirección Provincial de Educación Secundaria,604400888,Final 2025,811,409,402,25,"MAÑANA,TARDE,VESPERTINO",619738,0,17,-58.93359447754207,-34.61478674379532
6364,General Rodríguez,21874,ESCUELA DE EDUCACIÓN SECUNDARIA N°18,Región 10,0044MS0018,61973900,Educación Común,Nivel Secundario,CUARTEL III - CAÑADA DE ARIAS - S/N,11-3480-5222,,secundaria18@gmail.com,Estatal,Oficial,ESCUELA DE EDUCACIÓN SECUNDARIA,INTERIOR,Rural Disperso,2,Oficial,SEDE,Segunda,Dirección Provincial de Educación Secundaria,604400793,Final 2025,118,55,63,6,MAÑANA,619739,0,18,-59.09248623585087,-34.67420443528625
6364,General Rodríguez,21875,"ESCUELA DE EDUCACIÓN SECUNDARIA Nº14 ""IRMA NOEMÍ TARDIVO""",Región 10,0044MS0014,61974000,Educación Común,Nivel Secundario,"ACCESO OESTE KM. 46,5 - S/N",11-3269-5284,,secundaria14grodriguez@abc.gob.ar,Estatal,Oficial,ESCUELA DE EDUCACIÓN SECUNDARIA,INTERIOR,Urbano,1,Oficial,SEDE,Primera,Dirección Provincial de Educación Secundaria,604400531,Final 2025,564,285,279,17,"MAÑANA,TARDE,VESPERTINO",619740,0,14,-58.88648647896474,-34.60669068899006
6412,José C. Paz,21876,"ESCUELA DE EDUCACIÓN SECUNDARIA Nº33 ""16 DE SEPTIEMBRE""",Región 9,0132MS0033,61974100,Educación Común,Nivel Secundario,JUAN RAMÓN GIMÉNEZ - 3196,2320-65-7731,,eesn33.2016@gmail.com,Estatal,Oficial,ESCUELA DE EDUCACIÓN SECUNDARIA,CONURBANO,Urbano,1,Oficial,SEDE,Segunda,Dirección Provincial de Educación Secundaria,613200700,Final 2025,186,91,95,6,"""DOBLE ESCOLARIDAD"",MAÑANA,TARDE",619741,0,33,-58.8096489793164,-34.468999208246565
6515,Malvinas Argentinas,21877,"ESCUELA DE EDUCACIÓN SECUNDARIA Nº 14 ""LETICIA ELDA JONES""",Región 9,0133MS0014,61974200,Educación Común,Nivel Secundario,MARIANO BOEDO - 1256,11-4663-4116,,alicitorres1@abc.gob.ar,Estatal,Oficial,ESCUELA DE EDUCACIÓN SECUNDARIA,CONURBANO,Urbano,0,Oficial,SEDE,Segunda,Dirección Provincial de Educación Secundaria,613300681,Final 2025,268,144,124,12,"MAÑANA,TARDE",619742,0,14,-58.70987774558821,-34.51103568270263
6412,José C. Paz,21879,ESCUELA DE EDUCACIÓN SECUNDARIA Nº30,Región 9,0132MS0030,61974400,Educación Común,Nivel Secundario,JOSÉ C. PAZ Y CULLEN DE AYERZA - 3500,2320-44-5905,,natykimik@hotmail.com,Estatal,Oficial,ESCUELA DE EDUCACIÓN SECUNDARIA,CONURBANO,Urbano,0,Oficial,SEDE,Segunda,Dirección Provincial de Educación Secundaria,613200678,Final 2025,274,143,131,12,"MAÑANA,TARDE,VESPERTINO",619744,0,30,-58.767867604805545,-34.529484888616345
6515,Malvinas Argentinas,21880,ESCUELA DE EDUCACIÓN SECUNDARIA Nº40,Región 9,0133MS0040,61974500,Educación Común,Nivel Secundario,JUAN LLERENA E/ELVIRA DELLEPIANE Y CORVISANT - 4444,11-4741-0356,,gragalvan@yahoo.com.ar,Estatal,Oficial,ESCUELA DE EDUCACIÓN SECUNDARIA,CONURBANO,Urbano,0,Oficial,SEDE,Segunda,Dirección Provincial de Educación Secundaria,613300858,Final 2025,135,72,63,6,"MAÑANA,TARDE",619745,0,40,-58.66216482314724,-34.50865963153632
6497,Luján,21913,ESCUELA DE EDUCACIÓN SECUNDARIA Nº14,Región 10,0063MS0014,61977800,Educación Común,Nivel Secundario,CENTENARIO - 407,2323-49-7470,,es14jauregui@gmail.com,Estatal,Oficial,ESCUELA DE EDUCACIÓN SECUNDARIA,INTERIOR,Urbano,0,Oficial,SEDE,Segunda,Dirección Provincial de Educación Secundaria,606300653,Final 2025,159,91,68,6,MAÑANA,619778,0,14,-59.17355074053474,-34.60139128835818
6497,Luján,21914,ESCUELA DE EDUCACIÓN SECUNDARIA Nº17,Región 10,0063MS0017,61977900,Educación Común,Nivel Secundario,LOS CLAVELES - 1851,-,,ees17lujan@gmail.com,Estatal,Oficial,ESCUELA DE EDUCACIÓN SECUNDARIA,INTERIOR,Urbano,1,Oficial,SEDE,Segunda,Dirección Provincial de Educación Secundaria,606301098,Final 2025,307,140,167,13,"MAÑANA,TARDE",619779,0,17,-59.11842628865767,-34.54216989212963
6525,Marcos Paz,21920,ESCUELA DE EDUCACIÓN SECUNDARIA N°10,Región 10,0067MS0010,61978500,Educación Común,Nivel Secundario,SCALABRINI ORTIZ - 402,220-477-1073,,secundaria10marcospaz@abc.gob.ar,Estatal,Oficial,ESCUELA DE EDUCACIÓN SECUNDARIA,INTERIOR,Urbano,0,Oficial,SEDE,Segunda,Dirección Provincial de Educación Secundaria,606700388,Final 2025,303,152,151,12,"MAÑANA,TARDE",619785,0,10,-58.8128480066674,-34.75997800903412
6539,Merlo,21922,ESCUELA DE EDUCACIÓN SECUNDARIA Nº42,Región 8,0071MS0042,61978700,Educación Común,Nivel Secundario,GAONA - 210,11-5484-8605,,secundaria42padua@gmail.com,Estatal,Oficial,ESCUELA DE EDUCACIÓN SECUNDARIA,CONURBANO,Urbano,0,Oficial,SEDE,Segunda,Dirección Provincial de Educación Secundaria,607102808,Final 2025,278,138,140,14,"MAÑANA,TARDE",619787,0,42,-58.69954915986844,-34.67029990642987
6560,Moreno,21925,"ESCUELA DE EDUCACIÓN SECUNDARIA Nº 45 ""LOS EUCALIPTOS""",Región 9,0073MS0045,61979000,Educación Común,Nivel Secundario,MANUEL DE FALLA Y RASTREADOR FOURNIER - S/N,237-487-2162,,elisalopezblanco@hotmail.com,Estatal,Oficial,ESCUELA DE EDUCACIÓN SECUNDARIA,CONURBANO,Urbano,0,Oficial,SEDE,Segunda,Dirección Provincial de Educación Secundaria,607301517,Final 2025,311,168,143,9,"MAÑANA,TARDE",619790,0,45,-58.84420385220451,-34.639920054683074
6560,Moreno,21926,"ESCUELA DE EDUCACIÓN SECUNDARIA Nº75 ""MARÍA ELENA WALSH""",Región 9,0073MS0075,61979100,Educación Común,Nivel Secundario,LA PROVIDENCIA - 776,-,,secundaria75moreno@abc.gob.ar,Estatal,Oficial,ESCUELA DE EDUCACIÓN SECUNDARIA,CONURBANO,Urbano,0,Oficial,SEDE,Segunda,Dirección Provincial de Educación Secundaria,607301777,Final 2025,389,219,170,12,"MAÑANA,TARDE",619791,0,75,-58.86186606508209,-34.6232820049496
6638,Pilar,21936,"ESCUELA DE EDUCACIÓN SECUNDARIA Nº20 ""FLORENCIO MOLINA CAMPOS""",Región 11,0083MS0020,61980100,Educación Común,Nivel Secundario,RIO VOLGA - 128,230-444-1292,,secundaria20pilar@abc.gob.ar,Estatal,Oficial,ESCUELA DE EDUCACIÓN SECUNDARIA,INTERIOR,Urbano,1,Oficial,SEDE,Primera,Dirección Provincial de Educación Secundaria,608302203,Final 2025,546,261,285,16,"MAÑANA,TARDE",619801,0,20,-58.99816361104526,-34.45090979482218
6638,Pilar,21937,"ESCUELA DE EDUCACIÓN SECUNDARIA Nº 21 ""DR. ARNALDO COLUSI""",Región 11,0083MS0021,61980200,Educación Común,Nivel Secundario,CHILE Y RUTA 8 KM 46 - S/N,230-464-4375,,secundaria21pilar@abc.gob.ar,Estatal,Oficial,ESCUELA DE EDUCACIÓN SECUNDARIA,INTERIOR,Urbano,1,Oficial,SEDE,Segunda,Dirección Provincial de Educación Secundaria,608300798,Final 2025,435,213,222,12,"MAÑANA,TARDE",619802,0,21,-58.82565559422977,-34.45230029432284
6638,Pilar,21941,"ESCUELA DE EDUCACIÓN SECUNDARIA Nº31 ""JUAN DOMINGO PERÓN""",Región 11,0083MS0031,61980600,Educación Común,Nivel Secundario,CORRIENTES - 2125,230-454-0905,,ees31pilar@gmail.com,Estatal,Oficial,ESCUELA DE EDUCACIÓN SECUNDARIA,INTERIOR,Urbano,1,Oficial,SEDE,Primera,Dirección Provincial de Educación Secundaria,608302385,Final 2025,813,408,405,24,"MAÑANA,TARDE,VESPERTINO",619806,0,31,-58.83493311953424,-34.48129110807064
6638,Pilar,21942,ESCUELA DE EDUCACIÓN SECUNDARIA Nº40 -EXTENSIÓN I,Región 11,0083MS2400,62461001,Educación Común,Nivel Secundario,FEDERICO DE ARTEAGA - 793,2320-65-8463,,secundaria29pilar@abc.gob.ar,Estatal,Oficial,ESCUELA DE EDUCACIÓN SECUNDARIA,INTERIOR,Urbano,1,Oficial,EXTENSION,S/Datos,Dirección Provincial de Educación Secundaria,608300975,Final 2025,83,44,39,3,"INTERMEDIO,MAÑANA",624610,1,2400,-58.772088889037725,-34.45875640328187
6638,Pilar,21943,"ESCUELA DE EDUCACIÓN SECUNDARIA Nº 35 ""BARTOLINA SISA""",Región 11,0083MS0035,61980800,Educación Común,Nivel Secundario,IGNACIO BAZ - 1694,230-449-5104,,secundaria35pilar@abc.gob.ar,Estatal,Oficial,ESCUELA DE EDUCACIÓN SECUNDARIA,INTERIOR,Urbano,1,Oficial,SEDE,Segunda,Dirección Provincial de Educación Secundaria,608300923,Final 2025,448,222,226,15,"MAÑANA,TARDE,VESPERTINO",619808,0,35,-58.86690547965205,-34.411558885313525
6638,Pilar,21944,"ESCUELA DE EDUCACIÓN SECUNDARIA Nº 22 ""HEROÍNAS DE MALVINAS""",Región 11,0083MS0022,61980900,Educación Común,Nivel Secundario,SOLER - 1795,230-442-2423,,083secundaria22@gmail.com,Estatal,Oficial,ESCUELA DE EDUCACIÓN SECUNDARIA,INTERIOR,Urbano,1,Oficial,SEDE,Segunda,Dirección Provincial de Educación Secundaria,608300808,Final 2025,481,250,231,18,"MAÑANA,NOCHE,TARDE",619809,0,22,-58.889798913574296,-34.46490461513981
6749,San Fernando,21957,ESCUELA DE EDUCACIÓN SECUNDARIA Nº27,Región 6,0095MS0027,61982200,Educación Común,Nivel Secundario,BRANDSEN E/ GRAL. PINTO E ITUZAINGO - 571,11-4746-1990,,ees27sanfernando@gmail.com,Estatal,Oficial,ESCUELA DE EDUCACIÓN SECUNDARIA,CONURBANO,Urbano,0,Oficial,SEDE,Segunda,Dirección Provincial de Educación Secundaria,609500633,Final 2025,169,80,89,9,"INTERMEDIO,TARDE",619822,0,27,-58.56393757595725,-34.44051991745963
6756,San Isidro,21958,ESCUELA DE EDUCACIÓN SECUNDARIA Nº23,Región 6,0096MS0023,61982300,Educación Común,Nivel Secundario,PLUMERILLOS - 1662,11-4587-4001,,secundaria23sanisidro@gmail.com,Estatal,Oficial,ESCUELA DE EDUCACIÓN SECUNDARIA,CONURBANO,Urbano,0,Oficial,SEDE,Tercera,Dirección Provincial de Educación Secundaria,609600604,Final 2025,138,71,67,6,"MAÑANA,TARDE",619823,0,23,-58.560681992979546,-34.50680175150299
6756,San Isidro,21959,ESCUELA DE EDUCACIÓN SECUNDARIA Nº25,Región 6,0096MS0025,61982400,Educación Común,Nivel Secundario,ONELLI E/ M. GARCÍA Y GUIDO - 2468,11-15-4054-5048,,secundaria25sanisidro@abc.gob.ar,Estatal,Oficial,ESCUELA DE EDUCACIÓN SECUNDARIA,CONURBANO,Urbano,0,Oficial,SEDE,Segunda,Dirección Provincial de Educación Secundaria,609600615,Final 2025,149,71,78,6,"MAÑANA,TARDE",619824,0,25,-58.549146492815225,-34.46682958751483
6568,Morón,21966,ESCUELA DE EDUCACIÓN SECUNDARIA Nº35,Región 8,0100MS0035,61983100,Educación Común,Nivel Secundario,MATIENZO - 334,11-4843-0254,,bachillerartemusica@hotmail.com,Estatal,Oficial,ESCUELA DE EDUCACIÓN SECUNDARIA,CONURBANO,Urbano,0,Oficial,SEDE,Segunda,Dirección Provincial de Educación Secundaria,610000881,Final 2025,354,158,196,12,"MAÑANA,TARDE",619831,0,35,-58.59906249688414,-34.60684137146868
6568,Morón,21967,ESCUELA DE EDUCACIÓN SECUNDARIA Nº52,Región 8,0100MS0052,61983200,Educación Común,Nivel Secundario,TACUARI ESQ. MAIPU - 648,11-15-6005-7972,70343,secundaria5222moron@abc.gob.ar,Estatal,Oficial,ESCUELA DE EDUCACIÓN SECUNDARIA,CONURBANO,Urbano,0,Oficial,SEDE,Segunda,Dirección Provincial de Educación Secundaria,610000978,Final 2025,268,146,122,12,"MAÑANA,TARDE",619832,0,52,-58.58577219156844,-34.646908715356886
6568,Morón,21969,ESCUELA DE EDUCACIÓN SECUNDARIA Nº41,Región 8,0100MS0041,61983400,Educación Común,Nivel Secundario,BELISARIO ROLDAN - 1551,11-4650-9719,,secundaria41moron@abc.gob.ar,Estatal,Oficial,ESCUELA DE EDUCACIÓN SECUNDARIA,CONURBANO,Urbano,0,Oficial,SEDE,Segunda,Dirección Provincial de Educación Secundaria,610000517,Final 2025,141,71,70,12,"MAÑANA,TARDE",619834,0,41,-58.59550989317887,-34.62957462992557
6568,Morón,21971,"ESCUELA DE EDUCACIÓN SECUNDARIA Nº 34 ""MARÍA LUISA ANIDO""",Región 8,0100MS0034,61983600,Educación Común,Nivel Secundario,VILLANUEVA - 2649,11-4627-2573,70333,secundariaanidomoron@gmail.com,Estatal,Oficial,ESCUELA DE EDUCACIÓN SECUNDARIA,CONURBANO,Urbano,0,Oficial,SEDE,Segunda,Dirección Provincial de Educación Secundaria,610000875,Final 2025,196,92,104,12,"MAÑANA,TARDE",619836,0,34,-58.64295924522831,-34.63513690921404
6568,Morón,21972,ESCUELA DE EDUCACIÓN SECUNDARIA Nº33,Región 8,0100MS0033,61983700,Educación Común,Nivel Secundario,RUY DIAZ ESQ. SANTIAGO DEL ESTERO - 4046,11-4697-5732,,secundaria33moron@abc.gob.ar,Estatal,Oficial,ESCUELA DE EDUCACIÓN SECUNDARIA,CONURBANO,Urbano,1,Oficial,SEDE,Segunda,Dirección Provincial de Educación Secundaria,610000868,Final 2025,382,184,198,16,"MAÑANA,TARDE",619837,0,33,-58.63241662215962,-34.69095254397235
6408,Hurlingham,21973,"ESCUELA DE EDUCACIÓN SECUNDARIA Nº 19 ""JUANA AZURDUY""",Región 7,0135MS0019,61983800,Educación Común,Nivel Secundario,ALBENIZ Y FOREST - S/N,11-4665-3231,,0135ms0019@gmail.com,Estatal,Oficial,ESCUELA DE EDUCACIÓN SECUNDARIA,CONURBANO,Urbano,0,Oficial,SEDE,Segunda,Dirección Provincial de Educación Secundaria,613500066,Final 2025,306,171,135,13,"MAÑANA,TARDE",619838,0,19,-58.64851185451135,-34.593014617753575
6784,Suipacha,21974,ESCUELA DE EDUCACIÓN SECUNDARIA Nº2,Región 10,0101MS0002,61983900,Educación Común,Nivel Secundario,SANTA FÉ - 670,2324-48-1423,,secundaria2suipacha@abc.gob.ar,Estatal,Oficial,ESCUELA DE EDUCACIÓN SECUNDARIA,INTERIOR,Urbano,0,Oficial,SEDE,Segunda,Dirección Provincial de Educación Secundaria,610100222,Final 2025,125,62,63,6,MAÑANA,619839,0,2,-59.68170647839628,-34.763989097044444
6252,Escobar,21990,"ESCUELA DE EDUCACIÓN SECUNDARIA Nº 19 ""MARTHA SALOTTI""",Región 11,0116MS0019,61985500,Educación Común,Nivel Secundario,COLÓN Y LEONARDO DA VINCI - 1784,348-451-4033,,ms19escobar@gmail.com,Estatal,Oficial,ESCUELA DE EDUCACIÓN SECUNDARIA,INTERIOR,Urbano,1,Oficial,SEDE,Segunda,Dirección Provincial de Educación Secundaria,611600632,Final 2025,376,198,178,12,"MAÑANA,TARDE,VESPERTINO",619855,0,19,-58.80702951949618,-34.33845360025312
6638,Pilar,21999,"ESCUELA DE EDUCACIÓN SECUNDARIA Nº 23 ""RODOLFO WALSH""",Región 11,0083MS0023,61986400,Educación Común,Nivel Secundario,EL PALENQUE - 2683,-,,secundaria23pilar@abc.gob.ar,Estatal,Oficial,ESCUELA DE EDUCACIÓN SECUNDARIA,INTERIOR,Urbano,1,Oficial,SEDE,Segunda,Dirección Provincial de Educación Secundaria,608300812,Final 2025,336,155,181,12,"MAÑANA,TARDE",619864,0,23,-58.84780451576531,-34.472489409658216
6638,Pilar,22000,ESCUELA DE EDUCACIÓN SECUNDARIA Nº18,Región 11,0083MS0018,61986500,Educación Común,Nivel Secundario,SANTO DOMINGO Y NICARAGUA - 1250,230-4421353,,ees18pilar@hotmail.com,Estatal,Oficial,ESCUELA DE EDUCACIÓN SECUNDARIA,INTERIOR,Urbano,0,Oficial,SEDE,Primera,Dirección Provincial de Educación Secundaria,608302112,Final 2025,1212,580,632,32,"MAÑANA,TARDE",619865,0,18,-58.91336235016283,-34.43734544865775
6638,Pilar,22001,ESCUELA DE EDUCACIÓN SECUNDARIA Nº26,Región 11,0083MS0026,61986600,Educación Común,Nivel Secundario,CARACAS - 350,2322-446-4387,,ees26pilar@gmail.com,Estatal,Oficial,ESCUELA DE EDUCACIÓN SECUNDARIA,INTERIOR,Urbano,0,Oficial,SEDE,Segunda,Dirección Provincial de Educación Secundaria,608302371,Final 2025,408,217,191,12,"MAÑANA,TARDE,VESPERTINO",619866,0,26,-58.8942024750404,-34.43368781920913
6638,Pilar,22002,"ESCUELA DE EDUCACIÓN SECUNDARIA Nº15 ""DR. CARLOS SAAVEDRA LAMAS""",Región 11,0083MS0015,61986700,Educación Común,Nivel Secundario,LAS HORTENSIAS - 1675,2320-47-9077,,secundaria15pilar@abc.gob.ar,Estatal,Oficial,ESCUELA DE EDUCACIÓN SECUNDARIA,INTERIOR,Urbano,1,Oficial,SEDE,Segunda,Dirección Provincial de Educación Secundaria,608300751,Final 2025,518,247,271,14,"MAÑANA,TARDE,VESPERTINO",619867,0,15,-58.776171281778645,-34.43753804434493
6638,Pilar,22003,ESCUELA DE EDUCACIÓN SECUNDARIA Nº25,Región 11,0083MS0025,61986800,Educación Común,Nivel Secundario,MITRE - 2571,2320-40-8652,,lvillaverde@abc.gob.ar,Estatal,Oficial,ESCUELA DE EDUCACIÓN SECUNDARIA,INTERIOR,Urbano,1,Oficial,SEDE,Primera,Dirección Provincial de Educación Secundaria,608300831,Final 2025,606,319,287,16,"MAÑANA,TARDE",619868,0,25,-58.81840670420552,-34.45046329864201
6539,Merlo,22004,ESCUELA DE EDUCACIÓN SECUNDARIA Nº84,Región 8,0071MS0084,62435100,Educación Común,Nivel Secundario,DE LOS ITALIANOS - 3690,220-492-4335,,secundaria84merlo@abc.gob.ar,Estatal,Oficial,ESCUELA DE EDUCACIÓN SECUNDARIA,CONURBANO,Urbano,0,Oficial,SEDE,Primera,Dirección Provincial de Educación Secundaria,607101764,Final 2025,695,330,365,22,"MAÑANA,TARDE",624351,0,84,-58.70547055572087,-34.749803806300214
6638,Pilar,22006,"ESCUELA DE EDUCACIÓN SECUNDARIA Nº28 ""HEROES DE MALVINAS""",Región 11,0083MS0028,61987100,Educación Común,Nivel Secundario,JUAN B JUSTO Y SOLER - S/N,11-5839-2040,,secundaria28pilar@abc.gob.ar,Estatal,Oficial,ESCUELA DE EDUCACIÓN SECUNDARIA,INTERIOR,Urbano,0,Oficial,SEDE,Segunda,Dirección Provincial de Educación Secundaria,608300865,Final 2025,495,288,207,17,MAÑANA,619871,0,28,-58.8997376911411,-34.451270190166895
6749,San Fernando,22007,ESCUELA DE EDUCACIÓN SECUNDARIA Nº15,Región 6,0095MS0015,61987200,Educación Común,Nivel Secundario,GUATEMALA - 3061,11-4714-7093,,secundaria15sf@gmail.com,Estatal,Oficial,ESCUELA DE EDUCACIÓN SECUNDARIA,CONURBANO,Urbano,0,Oficial,SEDE,Tercera,Dirección Provincial de Educación Secundaria,609500583,Final 2025,120,65,55,6,"MAÑANA,TARDE",619872,0,15,-58.585358970239234,-34.47764000957823
6638,Pilar,22008,"ESCUELA DE EDUCACIÓN SECUNDARIA Nº29 ""GENERAL SAN MARTÍN""",Región 11,0083MS0029,61987300,Educación Común,Nivel Secundario,SANTA TERESA Y LOS CIPRESES - 1200,2320-62-6968,,secundaria29pilar@abc.gob.ar,Estatal,Oficial,ESCUELA DE EDUCACIÓN SECUNDARIA,INTERIOR,Urbano,1,Oficial,SEDE,Segunda,Dirección Provincial de Educación Secundaria,608300877,Final 2025,466,202,264,14,"MAÑANA,TARDE",619873,0,29,-58.77400883493922,-34.464205818143675
6126,Campana,22141,ESCUELA DE EDUCACIÓN SECUNDARIA Nº15,Región 11,0015MS0015,62000500,Educación Común,Nivel Secundario,GIGENA - 447,3489-15-56-8966,,secundaria15campana@abc.gob.ar,Estatal,Oficial,ESCUELA DE EDUCACIÓN SECUNDARIA,INTERIOR,Urbano,2,Oficial,SEDE,Segunda,Dirección Provincial de Educación Secundaria,601500184,Final 2025,354,166,188,15,"MAÑANA,TARDE,VESPERTINO",620005,0,15,-58.90614507288368,-34.23006838887247
6126,Campana,22142,"ESCUELA DE EDUCACIÓN SECUNDARIA Nº14 ""ARA SAN JUAN""",Región 11,0015MS0014,62000600,Educación Común,Nivel Secundario,CÓRDOBA - 419,-,,secundaria14campana@abc.gob.ar,Estatal,Oficial,ESCUELA DE EDUCACIÓN SECUNDARIA,INTERIOR,Urbano,0,Oficial,SEDE,Segunda,Dirección Provincial de Educación Secundaria,601501046,Final 2025,376,212,164,17,"MAÑANA,TARDE",620006,0,14,-58.93420468789823,-34.18512837107433
6126,Campana,22143,"ESCUELA DE EDUCACIÓN SECUNDARIA Nº28 ""ALIDES CRUZ""",Región 11,0015MS0028,62000700,Educación Común,Nivel Secundario,ANDRES DEL PINO - 448,3489-43-1620,,secundaria28campana@abc.gob.ar,Estatal,Oficial,ESCUELA DE EDUCACIÓN SECUNDARIA,INTERIOR,Urbano,0,Oficial,SEDE,Segunda,Dirección Provincial de Educación Secundaria,601500695,Final 2025,173,90,83,11,"MAÑANA,TARDE,VESPERTINO",620007,0,28,-58.95336753276304,-34.18002419626319
6126,Campana,22144,ESCUELA DE EDUCACIÓN SECUNDARIA Nº9,Región 11,0015MS0009,62000800,Educación Común,Nivel Secundario,CHACABUCO - 378,3489-43-6962,,ms9campana@gmail.com,Estatal,Oficial,ESCUELA DE EDUCACIÓN SECUNDARIA,INTERIOR,Urbano,0,Oficial,SEDE,Segunda,Dirección Provincial de Educación Secundaria,601500068,Final 2025,157,96,61,9,"MAÑANA,TARDE",620008,0,9,-58.95178347023267,-34.18583184216575
6364,General Rodríguez,22150,ESCUELA DE EDUCACIÓN SECUNDARIA N°13,Región 10,0044MS0013,62001400,Educación Común,Nivel Secundario,ALBERDI - 1109,237-485-0875,,secundaria13grodriguez@abc.gob.ar,Estatal,Oficial,ESCUELA DE EDUCACIÓN SECUNDARIA,INTERIOR,Urbano,1,Oficial,SEDE,Primera,Dirección Provincial de Educación Secundaria,604400819,Final 2025,735,387,348,18,"MAÑANA,TARDE",620014,0,13,-58.91797628203346,-34.60911139394914
6760,San Miguel,22152,ESCUELA DE EDUCACIÓN SECUNDARIA Nº13,Región 9,0131MS0013,62001600,Educación Común,Nivel Secundario,ARGÜERO E/ ROSETTI Y DORREGO - 331,11-4664-5138,,ees13sanmiguel@gmail.com,Estatal,Oficial,ESCUELA DE EDUCACIÓN SECUNDARIA,CONURBANO,Urbano,0,Oficial,SEDE,Segunda,Dirección Provincial de Educación Secundaria,613100674,Final 2025,279,155,124,14,"MAÑANA,VESPERTINO",620016,0,13,-58.70867631056257,-34.53087696449994
6515,Malvinas Argentinas,22153,ESCUELA DE EDUCACIÓN SECUNDARIA Nº9,Región 9,0133MS0009,62001700,Educación Común,Nivel Secundario,CDORO. RIVADAVIA E/ LOURDES Y ALIGHERI - 296,11-4660-1179,,sec9dist133@gmail.com,Estatal,Oficial,ESCUELA DE EDUCACIÓN SECUNDARIA,CONURBANO,Urbano,0,Oficial,SEDE,Segunda,Dirección Provincial de Educación Secundaria,613300634,Final 2025,307,162,145,12,"MAÑANA,TARDE",620017,0,9,-58.714629719678825,-34.51955243046185
6497,Luján,22160,"ESCUELA DE EDUCACIÓN SECUNDARIA Nº18 ""NORBERTO PAPPO NAPOLITANO""",Región 10,0063MS0018,62002400,Educación Común,Nivel Secundario,ALSINA (E/URQUIZA I Y URQUIZA II) - 1900,2323-43-8249,,ees18musicalujan@hotmail.com,Estatal,Oficial,ESCUELA DE EDUCACIÓN SECUNDARIA,INTERIOR,Urbano,0,Oficial,SEDE,Segunda,Dirección Provincial de Educación Secundaria,606300676,Final 2025,162,84,78,8,"MAÑANA,TARDE",620024,0,18,-59.11736960860927,-34.57697475020185
6497,Luján,22161,"ESCUELA DE EDUCACIÓN SECUNDARIA Nº11 ""ALFONSINA STORNI""",Región 10,0063MS0011,62002500,Educación Común,Nivel Secundario,JOSÉ INGENIEROS Y AMEGHINO - 2606,2323-42-9117,,secundaria11lujan@abc.gob.ar,Estatal,Oficial,ESCUELA DE EDUCACIÓN SECUNDARIA,INTERIOR,Urbano,1,Oficial,SEDE,Segunda,Dirección Provincial de Educación Secundaria,606300624,Final 2025,162,76,86,9,"MAÑANA,TARDE,VESPERTINO",620025,0,11,-59.08283814802356,-34.560459702935745
6539,Merlo,22164,ESCUELA DE EDUCACIÓN SECUNDARIA Nº28,Región 8,0071MS0028,62002800,Educación Común,Nivel Secundario,ZABALA ESQ. ARGENTINA - 74,220-492-5092,,secundaria28@abc.gob.ar,Estatal,Oficial,ESCUELA DE EDUCACIÓN SECUNDARIA,CONURBANO,Urbano,1,Oficial,SEDE,Segunda,Dirección Provincial de Educación Secundaria,607101287,Final 2025,452,237,215,16,"MAÑANA,TARDE",620028,0,28,-58.680472313201534,-34.759055709709976
6539,Merlo,22165,ESCUELA DE EDUCACIÓN SECUNDARIA Nº31,Región 8,0071MS0031,62002900,Educación Común,Nivel Secundario,GALLARDO - 1250,220-498-8644,,secundaria31merlo@abc.gob.ar,Estatal,Oficial,ESCUELA DE EDUCACIÓN SECUNDARIA,CONURBANO,Urbano,0,Oficial,SEDE,Primera,Dirección Provincial de Educación Secundaria,607102883,Final 2025,608,298,310,20,"MAÑANA,TARDE",620029,0,31,-58.80064083875905,-34.716392741449255
6539,Merlo,22166,ESCUELA DE EDUCACIÓN SECUNDARIA Nº74,Región 8,0071MS0074,62003000,Educación Común,Nivel Secundario,ESTANISLAO DEL CAMPO Y GARMENDIA - 3106,11-5929-2319,,secundaria74merlo@abc.gob.ar,Estatal,Oficial,ESCUELA DE EDUCACIÓN SECUNDARIA,CONURBANO,Urbano,1,Oficial,SEDE,Segunda,Dirección Provincial de Educación Secundaria,607101651,Final 2025,356,174,182,12,"MAÑANA,TARDE",620030,0,74,-58.747560266650304,-34.70755050292415
6638,Pilar,22168,"ESCUELA DE EDUCACIÓN SECUNDARIA Nº34 ""MADRES DE PLAZA DE MAYO""",Región 11,0083MS0034,62003200,Educación Común,Nivel Secundario,GREGORIO DE LA FERRERE - 1550,11-6806-8131,,secundaria34pilar@abc.gob.ar,Estatal,Oficial,ESCUELA DE EDUCACIÓN SECUNDARIA,INTERIOR,Urbano,0,Oficial,SEDE,Primera,Dirección Provincial de Educación Secundaria,608302219,Final 2025,567,297,270,18,"MAÑANA,TARDE,VESPERTINO",620032,0,34,-58.91422096806505,-34.43234241799047
6756,San Isidro,22173,ESCUELA DE EDUCACIÓN SECUNDARIA Nº22,Región 6,0096MS0022,62003700,Educación Común,Nivel Secundario,MONTEVIDEO - 2760,11-4719-6319,,secundaria22sanisidro@abc.gob.ar,Estatal,Oficial,ESCUELA DE EDUCACIÓN SECUNDARIA,CONURBANO,Urbano,0,Oficial,SEDE,Segunda,Dirección Provincial de Educación Secundaria,609602319,Final 2025,211,113,98,9,"MAÑANA,TARDE",620037,0,22,-58.58118185675624,-34.4787885589443
6568,Morón,22175,ESCUELA DE EDUCACIÓN SECUNDARIA Nº62,Región 8,0100MS0062,62003900,Educación Común,Nivel Secundario,MAGNASCO E/ MALAVER Y M. MORENO - 953,11-4650-3646,,secundaria62moron@abc.gob.ar,Estatal,Oficial,ESCUELA DE EDUCACIÓN SECUNDARIA,CONURBANO,Urbano,0,Oficial,SEDE,Tercera,Dirección Provincial de Educación Secundaria,610001038,Final 2025,76,49,27,6,"MAÑANA,TARDE",620039,0,62,-58.60245623807085,-34.64866509015001
6568,Morón,22176,"ESCUELA DE EDUCACIÓN SECUNDARIA N°56 ""JUANA MANSO""",Región 8,0100MS0056,62004000,Educación Común,Nivel Secundario,CRESCENCIA ACOSTA - 921,11-4460-2742,70318,saranpalacios@gmail.com,Estatal,Oficial,ESCUELA DE EDUCACIÓN SECUNDARIA,CONURBANO,Urbano,0,Oficial,SEDE,Tercera,Dirección Provincial de Educación Secundaria,610001001,Final 2025,112,68,44,6,"MAÑANA,TARDE",620040,0,56,-58.60575628425873,-34.627457822030095
6568,Morón,22177,ESCUELA DE EDUCACIÓN SECUNDARIA Nº58,Región 8,0100MS0058,62004100,Educación Común,Nivel Secundario,RIVERA INDARTE - 885,11-4469-0470,70316,secundaria58moron@abc.gob.ar,Estatal,Oficial,ESCUELA DE EDUCACIÓN SECUNDARIA,CONURBANO,Urbano,0,Oficial,SEDE,Segunda,Dirección Provincial de Educación Secundaria,610000564,Final 2025,159,77,82,12,"MAÑANA,TARDE",620041,0,58,-58.5750785981548,-34.63312256830398
6861,Vicente López,22182,ESCUELA DE EDUCACIÓN SECUNDARIA Nº10,Región 6,0109MS0010,62004600,Educación Común,Nivel Secundario,MARCONI E/ VALLE GRANDE Y WARNES - 3035,11-4795-0211,,secundaria10olivos@hotmail.com,Estatal,Oficial,ESCUELA DE EDUCACIÓN SECUNDARIA,CONURBANO,Urbano,0,Oficial,SEDE,Tercera,Dirección Provincial de Educación Secundaria,610900471,Final 2025,107,46,61,8,TARDE,620046,0,10,-58.50549465795076,-34.5226955602512
6840,Tres de Febrero,22185,ESCUELA DE EDUCACIÓN SECUNDARIA Nº22,Región 7,0117MS0022,62004900,Educación Común,Nivel Secundario,ESCULTOR PARODI - 5517,11-4587-5677,,secundaria22tresdefebrero@abc.gob.ar,Estatal,Oficial,ESCUELA DE EDUCACIÓN SECUNDARIA,CONURBANO,Urbano,0,Oficial,SEDE,Tercera,Dirección Provincial de Educación Secundaria,611700797,Final 2025,134,73,61,6,"MAÑANA,TARDE",620049,0,22,-58.57711670886793,-34.61338424938304
6539,Merlo,22189,ESCUELA DE EDUCACIÓN SECUNDARIA Nº52,Región 8,0071MS0052,62005300,Educación Común,Nivel Secundario,BELEN ESQUINA GARMENDIA - 6099,220-487-5168,70561,ees52merlo@gmail.com,Estatal,Oficial,ESCUELA DE EDUCACIÓN SECUNDARIA,CONURBANO,Urbano,1,Oficial,SEDE,Segunda,Dirección Provincial de Educación Secundaria,607101481,Final 2025,416,186,230,12,"MAÑANA,TARDE",620053,0,52,-58.74665469560835,-34.70788391293586
6364,General Rodríguez,22213,ESCUELA DE EDUCACIÓN SECUNDARIA N°12,Región 10,0044MS0012,62009200,Educación Común,Nivel Secundario,LA COOPERACION - S/N,237-484-1047,70310,jimenezpablodaniel@hotmail.com,Estatal,Oficial,ESCUELA DE EDUCACIÓN SECUNDARIA,INTERIOR,Urbano,0,Oficial,SEDE,Segunda,Dirección Provincial de Educación Secundaria,604400520,Final 2025,189,96,93,6,MAÑANA,620092,0,12,-58.95930020382615,-34.589443755145695
6364,General Rodríguez,22214,ESCUELA DE EDUCACIÓN SECUNDARIA Nº11,Región 10,0044MS0011,62009300,Educación Común,Nivel Secundario,FORTIN NECOCHEA - 331,11-15-3906-7940,,secundaria11grodriguez@abc.gob.ar,Estatal,Oficial,ESCUELA DE EDUCACIÓN SECUNDARIA,INTERIOR,Urbano,1,Oficial,SEDE,Segunda,Dirección Provincial de Educación Secundaria,604400423,Final 2025,349,177,172,12,MAÑANA,620093,0,11,-58.98804642552092,-34.59324484843265
6364,General Rodríguez,22215,ESCUELA DE EDUCACIÓN SECUNDARIA Nº10,Región 10,0044MS0010,62009400,Educación Común,Nivel Secundario,RUTA 24 KM. 23.500 - S/N,237-405-0800,,secundaria10grodriguez@abc.gob.ar,Estatal,Oficial,ESCUELA DE EDUCACIÓN SECUNDARIA,INTERIOR,Rural Agrupado,3,Oficial,SEDE,Segunda,Dirección Provincial de Educación Secundaria,604400021,Final 2025,328,151,177,10,"MAÑANA,TARDE",620094,0,10,-59.0622166964719,-34.72020039021882
6329,General Las Heras,22217,"ESCUELA DE EDUCACIÓN SECUNDARIA Nº4 ""VETERANOS DE MALVINAS""",Región 10,0057MS0004,62009600,Educación Común,Nivel Secundario,SANTIAGO VILLAMAYOR - 890,220-476-1337,,secundaria4lasheras@abc.gob.ar,Estatal,Oficial,ESCUELA DE EDUCACIÓN SECUNDARIA,INTERIOR,Urbano,0,Oficial,SEDE,Tercera,Dirección Provincial de Educación Secundaria,605700029,Final 2025,96,54,42,6,MAÑANA,620096,0,4,-58.94139618648303,-34.92920043366082
6574,Navarro,22219,ESCUELA DE EDUCACIÓN SECUNDARIA Nº4,Región 10,0074MS0004,62009800,Educación Común,Nivel Secundario,33 ESQUINA 38 - 709,2323-33-3862,,secundaria4navarro@abc.gob.ar,Estatal,Oficial,ESCUELA DE EDUCACIÓN SECUNDARIA,INTERIOR,Urbano,0,Oficial,SEDE,Segunda,Dirección Provincial de Educación Secundaria,607400298,Final 2025,292,163,129,12,"MAÑANA,TARDE",620098,0,4,-59.26456439873579,-34.99304380425615
6412,José C. Paz,22239,ESCUELA DE EDUCACIÓN SECUNDARIA Nº28,Región 9,0132MS0028,62010500,Educación Común,Nivel Secundario,PADRE USTARROZ - 5014,11-5056-1054,,gracielaorona@yahoo.com.ar,Estatal,Oficial,ESCUELA DE EDUCACIÓN SECUNDARIA,CONURBANO,Urbano,1,Oficial,SEDE,Primera,Dirección Provincial de Educación Secundaria,613201285,Final 2025,558,279,279,22,"MAÑANA,TARDE",620105,0,28,-58.76743010574037,-34.54191110928227
6532,Mercedes,22358,ESCUELA DE EDUCACIÓN SECUNDARIA Nº7,Región 10,0070MS0007,62208400,Educación Común,Nivel Secundario,55 E/ 12 Y 14 - 288,2324-42-1135,,secundaria7mercedes@gmail.com.ar,Estatal,Oficial,ESCUELA DE EDUCACIÓN SECUNDARIA,INTERIOR,Urbano,0,Oficial,SEDE,Segunda,Dirección Provincial de Educación Secundaria,607000049,Final 2025,173,76,97,7,MAÑANA,622084,0,7,-59.44901880707213,-34.65344363081872
6126,Campana,22391,"ESCUELA DE EDUCACIÓN SECUNDARIA Nº8 ""LOMAS DE RÍO LUJÁN""",Región 11,0015MS0008,62022400,Educación Común,Nivel Secundario,RUTA PROVINCIAL Nº4 KM 1.5 - S/N,11-3105-5367,,secundaria8campana@abc.gob.ar,Estatal,Oficial,ESCUELA DE EDUCACIÓN SECUNDARIA,INTERIOR,Rural Agrupado,2,Oficial,SEDE,Segunda,Dirección Provincial de Educación Secundaria,601500047,Final 2025,181,90,91,9,"MAÑANA,TARDE",620224,0,8,-58.90851222705725,-34.28612747959927
6126,Campana,22392,"ESCUELA DE EDUCACIÓN SECUNDARIA Nº 23 ""MARÍA ELENA WALSH""",Región 11,0015MS0023,62022500,Educación Común,Nivel Secundario,BERUTTI - 75,3489-51-4750,,ees23campana@gmail.com,Estatal,Oficial,ESCUELA DE EDUCACIÓN SECUNDARIA,INTERIOR,Urbano,0,Oficial,SEDE,Tercera,Dirección Provincial de Educación Secundaria,601500178,Final 2025,119,67,52,6,"MAÑANA,TARDE",620225,0,23,-58.964549405234365,-34.15738995076942
6126,Campana,22393,"ESCUELA DE EDUCACIÓN SECUNDARIA Nº 10 ""CECILIA GRIERSON""",Región 11,0015MS0010,62022600,Educación Común,Nivel Secundario,BIDEGAIN Y ZÁRATE - S/N,3489-15-51-3655,,ees10campana@gmail.com,Estatal,Oficial,ESCUELA DE EDUCACIÓN SECUNDARIA,INTERIOR,Urbano,2,Oficial,SEDE,Segunda,Dirección Provincial de Educación Secundaria,601500052,Final 2025,272,143,129,11,"MAÑANA,TARDE",620226,0,10,-59.00397327979552,-34.15782700815002
6760,San Miguel,22398,"ESCUELA DE EDUCACIÓN SECUNDARIA Nº10 ""AGUSTÍN TOSCO""",Región 9,0131MS0010,62023100,Educación Común,Nivel Secundario,SAN JOSÉ Y SANTA CLARA - 2600,11-4667-4452/2535,,secundaria10sanmiguel@abc.gob.ar,Estatal,Oficial,ESCUELA DE EDUCACIÓN SECUNDARIA,CONURBANO,Urbano,0,Oficial,SEDE,Segunda,Dirección Provincial de Educación Secundaria,613100642,Final 2025,214,116,98,12,MAÑANA,620231,0,10,-58.715292051191504,-34.55943814899529
6805,Tigre,22400,"ESCUELA DE EDUCACIÓN SECUNDARIA Nº25 ""TORO Y TORITO""",Región 6,0055MS0025,62023300,Educación Común,Nivel Secundario,ARROYO TORO Y TORITO - 561,11-4728-0993,,secundaria25tigre@abc.gob.ar,Estatal,Oficial,ESCUELA DE EDUCACIÓN SECUNDARIA,CONURBANO,Rural Disperso,3,Oficial,SEDE,Tercera,Dirección Provincial de Educación Secundaria,605500619,Final 2025,46,27,19,4,MAÑANA,620233,0,25,-58.59292837520267,-34.36901753901402
6497,Luján,22415,"ESCUELA DE EDUCACIÓN SECUNDARIA Nº 20 ""DR. RENÉ FAVALORO""",Región 10,0063MS0020,62024800,Educación Común,Nivel Secundario,HIPÓLITO YRIGOYEN - 1496,2323-43-6549,,secundaria20@gmail.com,Estatal,Oficial,ESCUELA DE EDUCACIÓN SECUNDARIA,INTERIOR,Urbano,0,Oficial,SEDE,Primera,Dirección Provincial de Educación Secundaria,606300197,Final 2025,712,312,400,24,"MAÑANA,TARDE",620248,0,20,-59.104846035116175,-34.57561910503746
6497,Luján,22418,ESCUELA DE EDUCACIÓN SECUNDARIA Nº15,Región 10,0063MS0015,62025100,Educación Común,Nivel Secundario,SANTA FE - 110,2323-48-3003,,ees15olivera@gmail.com,Estatal,Oficial,ESCUELA DE EDUCACIÓN SECUNDARIA,INTERIOR,Rural Agrupado,1,Oficial,SEDE,Segunda,Dirección Provincial de Educación Secundaria,606300113,Final 2025,236,122,114,13,"MAÑANA,TARDE,VESPERTINO",620251,0,15,-59.25471398016585,-34.62576846794027
6756,San Isidro,22428,ESCUELA DE EDUCACIÓN SECUNDARIA Nº1,Región 6,0096MS0001,62026100,Educación Común,Nivel Secundario,AV. ROLON E/ YERBAL Y LAMADRID - 1008,11-4700-8163,84202,secundaria1sanisidro@abc.gob.ar,Estatal,Oficial,ESCUELA DE EDUCACIÓN SECUNDARIA,CONURBANO,Urbano,0,Oficial,SEDE,Segunda,Dirección Provincial de Educación Secundaria,609600194,Final 2025,533,288,245,29,"MAÑANA,TARDE,VESPERTINO",620261,0,1,-58.55719184885028,-34.50025198627155
6756,San Isidro,22429,ESCUELA DE EDUCACIÓN SECUNDARIA Nº20,Región 6,0096MS0020,62026200,Educación Común,Nivel Secundario,PANAMERICANA Y CAMINO REAL MORÓN - S/N,11-4710-1670,,secundaria20sanisidro@abc.gob.ar,Estatal,Oficial,ESCUELA DE EDUCACIÓN SECUNDARIA,CONURBANO,Urbano,0,Oficial,SEDE,Segunda,Dirección Provincial de Educación Secundaria,609600187,Final 2025,308,151,157,13,"MAÑANA,TARDE",620262,0,20,-58.58455432612022,-34.490238434955245
6861,Vicente López,22431,"ESCUELA DE EDUCACIÓN SECUNDARIA N°11 ""LUIS ALBERTO SPINETTA""",Región 6,0109MS0011,62026400,Educación Común,Nivel Secundario,GOBERNADOR CASTRO - 3720,11-4587-4192,76805,secundaria11vicentelopez@abc.gob.ar,Estatal,Oficial,ESCUELA DE EDUCACIÓN SECUNDARIA,CONURBANO,Urbano,0,Oficial,SEDE,Tercera,Dirección Provincial de Educación Secundaria,610900485,Final 2025,120,61,59,6,"MAÑANA,TARDE",620264,0,11,-58.54867946242549,-34.53253541794805
6252,Escobar,22434,"ESCUELA DE EDUCACIÓN SECUNDARIA Nº10  ""GASTÓN R. JOSÉ GONCALVES""",Región 11,0116MS0010,62026700,Educación Común,Nivel Secundario,LAS HERAS Y BAT. 24 DE FEBRERO - 4150,348-442-4403,,secundaria10escobar@abc.gob.ar,Estatal,Oficial,ESCUELA DE EDUCACIÓN SECUNDARIA,INTERIOR,Urbano,2,Oficial,SEDE,Segunda,Dirección Provincial de Educación Secundaria,611601510,Final 2025,220,110,110,10,"MAÑANA,TARDE",620267,0,10,-58.81422686995014,-34.31604750153806
6252,Escobar,22435,ESCUELA DE EDUCACIÓN SECUNDARIA Nº13,Región 11,0116MS0013,62026800,Educación Común,Nivel Secundario,CORRIENTES ESQ. FORMOSA - 850,3488-448-3574,77281,ees13116@gmail.com,Estatal,Oficial,ESCUELA DE EDUCACIÓN SECUNDARIA,INTERIOR,Urbano,1,Oficial,SEDE,Primera,Dirección Provincial de Educación Secundaria,611600077,Final 2025,612,301,311,16,"MAÑANA,TARDE,VESPERTINO",620268,0,13,-58.76773959260751,-34.41505492754252
6252,Escobar,22438,"ESCUELA DE EDUCACIÓN SECUNDARIA Nº11 ""CARLOS FUENTEALBA""",Región 11,0116MS0011,62027100,Educación Común,Nivel Secundario,25 DE AGOSTO - 1850,3488-455-0117,,ms11carlosfuentealba@gmail.com,Estatal,Oficial,ESCUELA DE EDUCACIÓN SECUNDARIA,INTERIOR,Urbano,1,Oficial,SEDE,Segunda,Dirección Provincial de Educación Secundaria,611600595,Final 2025,467,229,238,12,"MAÑANA,TARDE,VESPERTINO",620271,0,11,-58.75145313407948,-34.43482046858113
6749,San Fernando,22450,ESCUELA DE EDUCACIÓN SECUNDARIA Nº18,Región 6,0095MS0018,62027400,Educación Común,Nivel Secundario,FERRANTE - 119,11-4549-2902,,secundaria18sanfernando@gmail.com,Estatal,Oficial,ESCUELA DE EDUCACIÓN SECUNDARIA,CONURBANO,Urbano,0,Oficial,SEDE,Tercera,Dirección Provincial de Educación Secundaria,609500596,Final 2025,158,89,69,8,MAÑANA,620274,0,18,-58.542522284783566,-34.45935083996987
6371,General San Martín,22456,ESCUELA DE EDUCACIÓN SECUNDARIA Nº36,Región 7,0045MS0036,62027700,Educación Común,Nivel Secundario,SAENZ PEÑA - 3645,11-4720-9359,47002,0045ms0036@gmail.com,Estatal,Oficial,ESCUELA DE EDUCACIÓN SECUNDARIA,CONURBANO,Urbano,0,Oficial,SEDE,Segunda,Dirección Provincial de Educación Secundaria,604501052,Final 2025,222,118,104,12,"MAÑANA,TARDE",620277,0,36,-58.57722710334707,-34.54389136949053
6497,Luján,22458,ESCUELA DE EDUCACIÓN SECUNDARIA Nº13,Región 10,0063MS0013,62027900,Educación Común,Nivel Secundario,PATRICIOS - 535,2323-42-2075,,secundaria13lujan@abc.gob.ar,Estatal,Oficial,ESCUELA DE EDUCACIÓN SECUNDARIA,INTERIOR,Urbano,0,Oficial,SEDE,Segunda,Dirección Provincial de Educación Secundaria,606300648,Final 2025,284,155,129,12,MAÑANA,620279,0,13,-59.103812786061965,-34.548226164039264
6539,Merlo,22459,ESCUELA DE EDUCACIÓN SECUNDARIA N°75,Región 8,0071MS0075,62028000,Educación Común,Nivel Secundario,MALDONADO Y CORONDA - S/N,220-493-1901,,secundaria75merlo@abc.gob.ar,Estatal,Oficial,ESCUELA DE EDUCACIÓN SECUNDARIA,CONURBANO,Urbano,1,Oficial,SEDE,Segunda,Dirección Provincial de Educación Secundaria,607101667,Final 2025,401,190,211,12,"MAÑANA,TARDE",620280,0,75,-58.72290935528614,-34.713335243853884
6560,Moreno,22460,"ESCUELA DE EDUCACIÓN SECUNDARIA Nº 33 ""FELIPE MINGOIA""",Región 9,0073MS0033,62028100,Educación Técnico Profesional,Nivel Secundario,LA TABLADA - 7301,237-429-5314,,secundaria33moreno@abc.gob.ar,Estatal,Oficial,ESCUELA DE EDUCACIÓN SECUNDARIA,CONURBANO,Urbano,1,Oficial,SEDE,Primera,Dirección Provincial de Educación Secundaria,607300281,Final 2025,21,11,10,1,"""DOBLE ESCOLARIDAD"",MAÑANA,TARDE",620281,0,33,-58.778938620484965,-34.60398411701378
6560,Moreno,22460,"ESCUELA DE EDUCACIÓN SECUNDARIA Nº 33 ""FELIPE MINGOIA""",Región 9,0073MS0033,62028100,Educación Común,Nivel Secundario,LA TABLADA - 7301,237-429-5314,,secundaria33moreno@abc.gob.ar,Estatal,Oficial,ESCUELA DE EDUCACIÓN SECUNDARIA,CONURBANO,Urbano,1,Oficial,SEDE,Primera,Dirección Provincial de Educación Secundaria,607300281,Final 2025,549,270,279,16,"""DOBLE ESCOLARIDAD"",MAÑANA,TARDE",620281,0,33,-58.778938620484965,-34.60398411701378
6412,José C. Paz,22580,"ESCUELA DE EDUCACIÓN SECUNDARIA N°36  ""MARÍA REMEDIOS DEL VALLE, MADRE DE LA PATRIA""",Región 9,0132MS0036,62400300,Educación Común,Nivel Secundario,JUAN B.JUSTO Y ROSETTI - S/N,2320-44-6233,,secundaria36josecpaz@abc.gob.ar,Estatal,Oficial,ESCUELA DE EDUCACIÓN SECUNDARIA,CONURBANO,Urbano,1,Oficial,SEDE,Segunda,Dirección Provincial de Educación Secundaria,613200737,Final 2025,160,65,95,6,"""DOBLE ESCOLARIDAD"",MAÑANA",624003,0,36,-58.7296598780003,-34.515445859038785
6412,José C. Paz,22581,ESCUELA DE EDUCACIÓN SECUNDARIA Nº31,Región 9,0132MS0031,62329200,Educación Común,Nivel Secundario,ROOSVELT Y CORBETA URUGUAY - S/N,2320-44-4572,,secundaria31josecpaz@abc.gob.ar,Estatal,Oficial,ESCUELA DE EDUCACIÓN SECUNDARIA,CONURBANO,Urbano,1,Oficial,SEDE,Segunda,Dirección Provincial de Educación Secundaria,613200684,Final 2025,458,224,234,15,"MAÑANA,TARDE",623292,0,31,-58.79328908552231,-34.52116420726202
6560,Moreno,22628,ESCUELA DE EDUCACIÓN SECUNDARIA Nº87,Región 9,0073MS0087,62466400,Educación Común,Nivel Secundario,CORONEL EMETERIO DE ESCALADA - 1061,237-483-2422,,ees67moreno@hotmail.com,Estatal,Oficial,ESCUELA DE EDUCACIÓN SECUNDARIA,CONURBANO,Urbano,1,Oficial,SEDE,Segunda,Dirección Provincial de Educación Secundaria,607301881,Final 2025,357,188,169,9,"MAÑANA,TARDE",624664,0,87,-58.88012916317288,-34.58992450630614
6756,San Isidro,22668,EXTENSION I DE ESCUELA DE EDUCACIÓN SECUNDARIA Nº6,Región 6,0096MS2060,61224201,Educación Común,Nivel Secundario,MAGALLANES ESQ. GUERRICO - 1015,11-4747-4389,,secundaria6sanisidro@abc.gob.ar,Estatal,Oficial,ESCUELA DE EDUCACIÓN SECUNDARIA,CONURBANO,Urbano,0,Oficial,ANEXO,Segunda,Dirección Provincial de Educación Secundaria,609602264,Final 2025,40,23,17,3,MAÑANA,612242,1,2060,-58.50650294994985,-34.463248044660844
6784,Suipacha,22679,"ESCUELA DE EDUCACIÓN SECUNDARIA Nº3 ""MAXIMINA MARTÍNEZ""",Región 10,0101MS0003,62208300,Educación Común,Nivel Secundario,SAN MARTÍN Y GENERAL IGNACIO RIVAS - S/N,2324-49-7026,,secundaria.rivas@gmail.com,Estatal,Oficial,ESCUELA DE EDUCACIÓN SECUNDARIA,INTERIOR,Rural Agrupado,1,Oficial,SEDE,Tercera,Dirección Provincial de Educación Secundaria,610100214,Final 2025,69,25,44,6,TARDE,622083,0,3,-59.751206400155056,-34.6083207524006
6252,Escobar,22697,EXTENSION I DE ESCUELA DE EDUCACIÓN SECUNDARIA Nº22,Región 11,0116MS2220,61763401,Educación Común,Nivel Secundario,AVENIDA CENTRAL - S/N,3488-448-8125,,secundaria22escobar@abc.gob.ar,Estatal,Oficial,ESCUELA DE EDUCACIÓN SECUNDARIA,INTERIOR,Urbano,2,Oficial,EXTENSION,Segunda,Dirección Provincial de Educación Secundaria,611600744,Final 2025,104,63,41,6,MAÑANA,617634,1,2220,-58.77034123775732,-34.28847548265706
6252,Escobar,22699,ESCUELA DE EDUCACIÓN SECUNDARIA Nº34,Región 11,0116MS0034,62455600,Educación Común,Nivel Secundario,ISLANDIA Y SAN NICOLÁS - S/N,3488-442-1925,,secundaria27floreal@gmail.com,Estatal,Oficial,ESCUELA DE EDUCACIÓN SECUNDARIA,INTERIOR,Urbano,1,Oficial,SEDE,Segunda,Dirección Provincial de Educación Secundaria,611600759,Final 2025,186,117,69,6,"MAÑANA,VESPERTINO",624556,0,34,-58.76153282527907,-34.367320014107044
6760,San Miguel,22705,EXTENSION Nº1 DE ESC. SECUNDARIA Nº9,Región 9,0131MS2090,61866901,Educación Común,Nivel Secundario,ROSETTI (E/ SALERNO Y LAS DELICIAS) - 3215,11-4667-4401,,,Estatal,Oficial,ESCUELA DE EDUCACIÓN SECUNDARIA,CONURBANO,Urbano,0,Oficial,EXTENSION,S/Datos,Dirección Provincial de Educación Secundaria,613100846,Final 2025,104,57,47,6,TARDE,618669,1,2090,-58.720746316677726,-34.52298930271028
6638,Pilar,22707,ESCUELA DE EDUCACIÓN SECUNDARIA Nº19,Región 11,0083MS0019,62320500,Educación Común,Nivel Secundario,BELGRANO - 787,11-15-3177-6367,,secundaria19pilar@abc.gob.ar,Estatal,Oficial,ESCUELA DE EDUCACIÓN SECUNDARIA,INTERIOR,Urbano,0,Oficial,SEDE,Primera,Dirección Provincial de Educación Secundaria,608300060,Final 2025,681,342,339,18,"MAÑANA,TARDE",623205,0,19,-58.913980138217006,-34.46033929008116
6410,Ituzaingó,22774,ESCUELA DE EDUCACIÓN SECUNDARIA Nº13,Región 8,0136MS0013,62039900,Educación Común,Nivel Secundario,LAS HERAS E/ MANSILLA Y OLAZABAL - 290,11-4623-3032,,gabymarrare@hotmail.com,Estatal,Oficial,ESCUELA DE EDUCACIÓN SECUNDARIA,CONURBANO,Urbano,0,Oficial,SEDE,Primera,Dirección Provincial de Educación Secundaria,613600156,Final 2025,640,303,337,24,"MAÑANA,TARDE",620399,0,13,-58.66715465199231,-34.65694377889515
6805,Tigre,22776,ESCUELA DE EDUCACIÓN SECUNDARIA Nº9,Región 6,0055MS0009,62040100,Educación Común,Nivel Secundario,AVENIDA SANTIAGO DE LINIERS - 1024,11-4749-0433,,secundaria9tigre@abc.gob.ar,Estatal,Oficial,ESCUELA DE EDUCACIÓN SECUNDARIA,CONURBANO,Urbano,0,Oficial,SEDE,Primera,Dirección Provincial de Educación Secundaria,605501016,Final 2025,1279,559,720,55,"MAÑANA,TARDE,VESPERTINO",620401,0,9,-58.58791811522777,-34.41818491540097
6749,San Fernando,22792,ESCUELA DE EDUCACIÓN SECUNDARIA Nº25,Región 6,0095MS0025,62041400,Educación Común,Nivel Secundario,ARROYO DURAZNO - S/N,11-4728-4857,,secundaria25sanfernando@abc.gob.ar,Estatal,Oficial,ESCUELA DE EDUCACIÓN SECUNDARIA,CONURBANO,Rural Disperso,5,Oficial,SEDE,Tercera,Dirección Provincial de Educación Secundaria,609500343,Final 2025,72,33,39,6,MAÑANA,620414,0,25,-58.64550978017847,-34.25740001816241
6568,Morón,22794,ESCUELA DE EDUCACIÓN SECUNDARIA Nº32,Región 8,0100MS0032,62041600,Educación Común,Nivel Secundario,VILLEGAS - 1169,-,,alelera1980@gmail.com,Estatal,Oficial,ESCUELA DE EDUCACIÓN SECUNDARIA,CONURBANO,Urbano,1,Oficial,SEDE,Tercera,Dirección Provincial de Educación Secundaria,610000852,Final 2025,47,27,20,4,MAÑANA,620416,0,32,-58.588061588456114,-34.62903217182445
6574,Navarro,22796,"ESCUELA DE EDUCACIÓN SECUNDARIA Nº1 ""RENÉ FAVALORO""",Región 10,0074MS0001,62041800,Educación Común,Nivel Secundario,CALLE 13 - S/N,2272-49-2182,,eesn1navarro@gmail.com,Estatal,Oficial,ESCUELA DE EDUCACIÓN SECUNDARIA,INTERIOR,Rural Agrupado,2,Oficial,SEDE,Tercera,Dirección Provincial de Educación Secundaria,607400267,Final 2025,55,27,28,6,"MAÑANA,TARDE",620418,0,1,-59.512125988806034,-35.05280906852303
6497,Luján,22797,"ESCUELA DE EDUCACIÓN SECUNDARIA Nº10 ""BARRIO SAN FRANCISCO""",Región 10,0063MS0010,62041900,Educación Común,Nivel Secundario,REPUBLICA ARGENTINA - 2852,2323-43-7003,,secundaria10lujan@abc.gob.ar,Estatal,Oficial,ESCUELA DE EDUCACIÓN SECUNDARIA,INTERIOR,Urbano,1,Oficial,SEDE,Segunda,Dirección Provincial de Educación Secundaria,606300611,Final 2025,161,74,87,6,"MAÑANA,TARDE",620419,0,10,-59.1440483824267,-34.544591538468524
6497,Luján,22798,ESCUELA DE EDUCACIÓN SECUNDARIA Nº12,Región 10,0063MS0012,62042000,Educación Común,Nivel Secundario,JUPITER - 424,2323-42-1759,,eeslujan12@gmail.com,Estatal,Oficial,ESCUELA DE EDUCACIÓN SECUNDARIA,INTERIOR,Urbano,1,Oficial,SEDE,Tercera,Dirección Provincial de Educación Secundaria,606300630,Final 2025,122,81,41,6,MAÑANA,620420,0,12,-59.058245748642086,-34.59214067355305
6497,Luján,22799,"ESCUELA DE EDUCACIÓN SECUNDARIA Nº 16 ""DR. JOSÉ LUIS SWINNEN""",Región 10,0063MS0016,62042100,Educación Común,Nivel Secundario,FRAY JUSTO SANTA MARÍA DE ORO - 839,2323-48-8544,,secundaria16lujan@abc.gob.ar,Estatal,Oficial,ESCUELA DE EDUCACIÓN SECUNDARIA,INTERIOR,Urbano,1,Oficial,SEDE,Segunda,Dirección Provincial de Educación Secundaria,606300669,Final 2025,186,95,91,7,MAÑANA,620421,0,16,-59.20383809095494,-34.555907793209904
6574,Navarro,22820,"ESCUELA DE EDUCACIÓN SECUNDARIA Nº2 ""VETERANOS DE MALVINAS""",Región 10,0074MS0002,62044200,Educación Común,Nivel Secundario,SANTA FÉ - 260,2272-49-8059,,secundaria2navarro@abc.gob.ar,Estatal,Oficial,ESCUELA DE EDUCACIÓN SECUNDARIA,INTERIOR,Rural Agrupado,4,Oficial,SEDE,Tercera,Dirección Provincial de Educación Secundaria,607400279,Final 2025,73,41,32,6,MAÑANA,620442,0,2,-59.65122286851543,-35.0780163329216
6525,Marcos Paz,22823,ESCUELA DE EDUCACIÓN SECUNDARIA Nº3,Región 10,0067MS0003,62044500,Educación Común,Nivel Secundario,RUTA 1003 KM 45 CUARTEL II LAS MORAS - S/N,11-3158-9252,,secundaria3marcospaz@abc.gob.ar,Estatal,Oficial,ESCUELA DE EDUCACIÓN SECUNDARIA,INTERIOR,Urbano,3,Oficial,SEDE,Segunda,Dirección Provincial de Educación Secundaria,606700229,Final 2025,190,97,93,7,"""DOBLE ESCOLARIDAD"",TARDE",620445,0,3,-58.794849489861136,-34.778912166516825
6497,Luján,22839,ESCUELA DE EDUCACIÓN SECUNDARIA Nº 4 - EXTENSIÓN I,Región 10,0063MS2040,61001901,Educación Común,Nivel Secundario,MANUEL QUINTANA - 550,2323-49-5165,,eemn4carloskeen@gmail.com,Estatal,Oficial,ESCUELA DE EDUCACIÓN SECUNDARIA,INTERIOR,Rural Agrupado,2,Oficial,EXTENSION,S/Datos,Dirección Provincial de Educación Secundaria,606300338,Final 2025,68,38,30,3,MAÑANA,610019,1,2040,-59.22119927552593,-34.48361474822187
6638,Pilar,22848,ESCUELA DE EDUCACIÓN SECUNDARIA Nº39,Región 11,0083MS0039,62437400,Educación Común,Nivel Secundario,ISLA LENOX Y BASE ESPERANZA - S/N,230-449-9985,,secundaria39pilar@abc.gob.ar,Estatal,Oficial,ESCUELA DE EDUCACIÓN SECUNDARIA,INTERIOR,Urbano,2,Oficial,SEDE,Segunda,Dirección Provincial de Educación Secundaria,608300952,Final 2025,278,139,139,10,"MAÑANA,TARDE",624374,0,39,-58.9715061856667,-34.46131638582787
6126,Campana,22849,ESCUELA DE EDUCACIÓN SECUNDARIA Nº11,Región 11,0015MS0011,62047100,Educación Común,Nivel Secundario,HARRICHABALET - 574,11-5039-5881,,laurapgomez@hotmail.com,Estatal,Oficial,ESCUELA DE EDUCACIÓN SECUNDARIA,INTERIOR,Urbano,2,Oficial,SEDE,Segunda,Dirección Provincial de Educación Secundaria,601500580,Final 2025,282,150,132,12,"MAÑANA,TARDE",620471,0,11,-58.91681049500827,-34.253135824751006
6749,San Fernando,22856,ESCUELA DE EDUCACIÓN SECUNDARIA Nº22,Región 6,0095MS0022,62047800,Educación Común,Nivel Secundario,RIO PARANA MINI Y ARROYO CHANA - S/N,11-4728-5076,,secundaria22sanfernando@abc.gob.ar,Estatal,Oficial,ESCUELA DE EDUCACIÓN SECUNDARIA,CONURBANO,Rural Disperso,5,Oficial,SEDE,Tercera,Dirección Provincial de Educación Secundaria,609501152,Final 2025,42,23,19,6,MAÑANA,620478,0,22,-58.48803103624743,-34.19437872493712
6749,San Fernando,22857,ESCUELA DE EDUCACIÓN SECUNDARIA Nº9,Región 6,0095MS0009,62047900,Educación Común,Nivel Secundario,RIO CARABELAS - S/N,11-4728-0397,,secundaria9sanfernando@abc.gob.ar,Estatal,Oficial,ESCUELA DE EDUCACIÓN SECUNDARIA,CONURBANO,Rural Disperso,5,Oficial,SEDE,Tercera,Dirección Provincial de Educación Secundaria,609500336,Final 2025,36,20,16,6,MAÑANA,620479,0,9,-58.78271693343918,-34.108344773392275
6638,Pilar,22915,"ESCUELA DE EDUCACIÓN SECUNDARIA Nº 17 ""SIMÓN BOLIVAR""",Región 11,0083MS0017,62047000,Educación Común,Nivel Secundario,ARTURO FRONDIZI - S/N,230-444-3116,,secundaria17pilar@gamil.com,Estatal,Oficial,ESCUELA DE EDUCACIÓN SECUNDARIA,INTERIOR,Urbano,1,Oficial,SEDE,Segunda,Dirección Provincial de Educación Secundaria,608300767,Final 2025,210,116,94,6,"MAÑANA,TARDE",620470,0,17,-58.96490495789713,-34.392237119946884
6126,Campana,22919,ESCUELA DE EDUCACIÓN SECUNDARIA Nº12 “EVA PERÓN”,Región 11,0015MS0012,62287600,Educación Común,Nivel Secundario,RUTA 6 KM 191 - S/N,3489-48-7010,,ees12campana@hotmail.com,Estatal,Oficial,ESCUELA DE EDUCACIÓN SECUNDARIA,INTERIOR,Rural Disperso,2,Oficial,SEDE,Tercera,Dirección Provincial de Educación Secundaria,601500598,Final 2025,109,61,48,6,MAÑANA,622876,0,12,-58.966368153067485,-34.2660379605832
6410,Ituzaingó,22959,"CENTRO EDUCATIVO DE NIVEL SECUNDARIO N° 456 ""AGUSTÍN TOSCO""",Región 8,0136DM0456,62053000,Educación de Jóvenes y Adultos,Nivel Secundario,CNEL. PRINGLES - 2900,11-6165-0936,,norbertoperegalli@gmail.com,Estatal,Oficial,CENTRO EDUCATIVO DE NIVEL SECUNDARIO (C.E.N.S.),CONURBANO,Urbano,2,Oficial,SEDE,Segunda,"Dirección de Educación de Jóvenes, Adultos y Adultos Mayores",613600071,Final 2025,159,159,0,6,TARDE,620530,0,456,-58.70751618285057,-34.6497670493988
6532,Mercedes,22970,"ESCUELA DE EDUCACIÓN SECUNDARIA Nº 9 ""RENÉ FAVALORO""",Región 10,0070MS0009,62055400,Educación Común,Nivel Secundario,34 Y RUTA PROVINCIAL N°41 - 3825,2324-42-1854,,secundaria9mercedesba@gmail.com,Estatal,Oficial,ESCUELA DE EDUCACIÓN SECUNDARIA,INTERIOR,Urbano,1,Oficial,SEDE,Tercera,Dirección Provincial de Educación Secundaria,607000303,Final 2025,107,39,68,6,MAÑANA,620554,0,9,-59.39860078699653,-34.64324476393452
6840,Tres de Febrero,23003,"ESCUELA DE EDUCACIÓN SECUNDARIA Nº37 ""ABUELAS DE PLAZA DE MAYO""",Región 7,0117MS0037,62052500,Educación Común,Nivel Secundario,SERRANO - 2775,11-4734-6314,,secundaria37tresdefebrero@gmail.com,Estatal,Oficial,ESCUELA DE EDUCACIÓN SECUNDARIA,CONURBANO,Urbano,0,Oficial,SEDE,Tercera,Dirección Provincial de Educación Secundaria,611700628,Final 2025,123,62,61,6,"MAÑANA,TARDE",620525,0,37,-58.54379872260008,-34.61429386857913
6532,Mercedes,23060,ESCUELA DE EDUCACIÓN SECUNDARIA Nº10,Región 10,0070MS0010,62235800,Educación Común,Nivel Secundario,16 E/ 101 Y 103 - 3056,2324-42-8389,,secundaria10mercedes@abc.gob.ar,Estatal,Oficial,ESCUELA DE EDUCACIÓN SECUNDARIA,INTERIOR,Urbano,0,Oficial,SEDE,Segunda,Dirección Provincial de Educación Secundaria,607000054,Final 2025,162,89,73,9,"MAÑANA,VESPERTINO",622358,0,10,-59.41742683145007,-34.65689989780045
6532,Mercedes,23061,ESCUELA DE EDUCACIÓN SECUNDARIA Nº11,Región 10,0070MS0011,62235900,Educación Común,Nivel Secundario,619 E/ 638 Y 326 - S/N,2324-42-3017,,secundaria11mercedes@abc.gob.ar,Estatal,Oficial,ESCUELA DE EDUCACIÓN SECUNDARIA,INTERIOR,Urbano,1,Oficial,SEDE,Segunda,Dirección Provincial de Educación Secundaria,607000841,Final 2025,166,84,82,6,"""DOBLE ESCOLARIDAD"",MAÑANA",622359,0,11,-59.367077679103815,-34.66600956036865
6840,Tres de Febrero,23114,"ESCUELA DE EDUCACIÓN SECUNDARIA Nº13 ""DR. JOSÉ MARÍA BOSCH""",Región 7,0117MS0013,62066500,Educación Común,Nivel Secundario,JUAN XIII - 1116,11-4840-4605,76599,secundaria13tresdefebrero@abc.gob.ar,Estatal,Oficial,ESCUELA DE EDUCACIÓN SECUNDARIA,CONURBANO,Urbano,0,Oficial,SEDE,Segunda,Dirección Provincial de Educación Secundaria,611700721,Final 2025,284,149,135,18,"MAÑANA,TARDE",620665,0,13,-58.59090601274537,-34.57572944904028
6364,General Rodríguez,23119,ESCUELA DE EDUCACIÓN SECUNDARIA N°18 - EXTENSIÓN,Región 10,0044MS2180,61973901,Educación Común,Nivel Secundario,LUIS SIRONI Y RUT PROVINCIAL. Nº 6 - S/N,11-6459-7559,,henry_gullo@yahoo.com.ar,Estatal,Oficial,ESCUELA DE EDUCACIÓN SECUNDARIA,INTERIOR,Rural Disperso,2,Oficial,EXTENSION,Segunda,Dirección Provincial de Educación Secundaria,604400362,Final 2025,50,27,23,3,MAÑANA,619739,1,2180,-59.04065795380125,-34.62461764508805
6364,General Rodríguez,23177,ESCUELA DE EDUCACIÓN SECUNDARIA Nº19,Región 10,0044MS0019,62444700,Educación Común,Nivel Secundario,GENERAL SARMIENTO - 352,11-3269-5284,,ees14gralrodriguez@gmail.com,Estatal,Oficial,ESCUELA DE EDUCACIÓN SECUNDARIA,INTERIOR,Urbano,1,Oficial,SEDE,Segunda,Dirección Provincial de Educación Secundaria,604400066,Final 2025,429,231,198,12,"MAÑANA,VESPERTINO",624447,0,19,-58.90029251575321,-34.59202055845494
6412,José C. Paz,23192,ESCUELA DE EDUCACIÓN SECUNDARIA Nº34,Región 9,0132MS0034,62329300,Educación Común,Nivel Secundario,OTAWA Y CONGRESO - S/N,2320-462-8177,,rociomm_quinteros87@hotmail.com,Estatal,Oficial,ESCUELA DE EDUCACIÓN SECUNDARIA,CONURBANO,Urbano,1,Oficial,SEDE,Segunda,Dirección Provincial de Educación Secundaria,613200716,Final 2025,411,201,210,13,"MAÑANA,TARDE",623293,0,34,-58.77580222609127,-34.49283043217838
6805,Tigre,23205,ESCUELA DE EDUCACIÓN SECUNDARIA Nº12 - ANEXO I,Región 6,0055MS3121,61624401,Educación Común,Nivel Secundario,CANAL HONDA Y ARROYÓN - S/N,11-4728-3029,,eemn12tigre@gmail.comcom.ar,Estatal,Oficial,ESCUELA DE EDUCACIÓN SECUNDARIA,CONURBANO,Rural Disperso,3,Oficial,ANEXO,Segunda,Dirección Provincial de Educación Secundaria,605500822,Final 2025,34,21,13,3,MAÑANA,616244,1,3121,-58.533639482774674,-34.32462397871298
6805,Tigre,23206,"ESCUELA DE EDUCACIÓN SECUNDARIA N°30 ""MARGARITA GRACIELA PERRONE""",Región 6,0055MS0030,62393900,Educación Común,Nivel Secundario,RIO LUJÁN - MUELLE VILLA IRSA - S/N,11-5135-8310,,secundaria30tigre@abc.gob.ar,Estatal,Oficial,ESCUELA DE EDUCACIÓN SECUNDARIA,CONURBANO,Urbano,2,Oficial,SEDE,Tercera,Dirección Provincial de Educación Secundaria,605500626,Final 2025,113,60,53,6,INTERMEDIO,623939,0,30,-58.65412387064755,-34.37523462884642
6805,Tigre,23207,"ESCUELA DE EDUCACIÓN SECUNDARIA N°31 ""HAROLDO CONTI""",Región 6,0055MS0031,62394500,Educación Común,Nivel Secundario,RIO CARAPACHAY Y CANAL 8 KM 9 - S/N,11-5526-7120,,secundaria31tigre@abc.gob.ar,Estatal,Oficial,ESCUELA DE EDUCACIÓN SECUNDARIA,CONURBANO,Rural Disperso,2,Oficial,SEDE,Tercera,Dirección Provincial de Educación Secundaria,605500769,Final 2025,68,37,31,6,INTERMEDIO,623945,0,31,-58.6296157637556,-34.355799194177
6329,General Las Heras,23209,"ESCUELA DE EDUCACIÓN SECUNDARIA Nº 3 ""FLORENCIO MOLINA CAMPOS""",Región 10,0057MS0003,62245300,Educación Común,Nivel Secundario,BOULEVARD PARÍS Y RUTA 42 - S/N,11-3644-6375,,lozanoees3@gmail.com,Estatal,Oficial,ESCUELA DE EDUCACIÓN SECUNDARIA,INTERIOR,Rural Agrupado,1,Oficial,SEDE,Tercera,Dirección Provincial de Educación Secundaria,605700135,Final 2025,38,28,10,6,TARDE,622453,0,3,-59.05314839128492,-34.85019354979226
6574,Navarro,23224,ESCUELA DE EDUCACIÓN SECUNDARIA Nº5,Región 10,0074MS0005,62430500,Educación Común,Nivel Secundario,TRINIDAD E/M. BLANCA Y QUINTANA - S/N,2272-49-2832,,esb5_navarro@yahoo.com.ar,Estatal,Oficial,ESCUELA DE EDUCACIÓN SECUNDARIA,INTERIOR,Rural Agrupado,3,Oficial,SEDE,Tercera,Dirección Provincial de Educación Secundaria,607400308,Final 2025,31,9,22,4,TARDE,624305,0,5,-59.54273100191295,-34.920944201259005
6560,Moreno,23258,ESCUELA DE EDUCACIÓN SECUNDARIA Nº86,Región 9,0073MS0086,62425800,Educación Común,Nivel Secundario,AVENIDA SAN FERNANDO Y TENIENTE RICHIERI - 8802,2320-45-4239,,secundaria86moreno@abc.gob.ar,Estatal,Oficial,ESCUELA DE EDUCACIÓN SECUNDARIA,CONURBANO,Urbano,2,Oficial,SEDE,Segunda,Dirección Provincial de Educación Secundaria,607301868,Final 2025,187,89,98,6,"MAÑANA,TARDE",624258,0,86,-58.826756606297565,-34.54010746046389
6568,Morón,23338,INSTITUTO NACIONAL DE AVIACION CIVIL,Región 8,2100MT9000,69001000,Educación Técnico Profesional,Nivel Secundario,AVDA. EVA PERÓN - 2200,11-4629-8898,,alumnos-ciata@faa.mil.ar,Estatal,Nacional,ESCUELA DE EDUCACIÓN SECUNDARIA TÉCNICA,CONURBANO,Urbano,0,Oficial,SEDE,S/Datos,Ministerio de Educación de la Nación,610001249,Final 2025,651,532,119,28,"TARDE,VESPERTINO",690010,0,9000,-58.63099661533615,-34.67314235689921
6539,Merlo,23472,EXTENSION I DE ESCUELA DE EDUCACIÓN SECUNDARIA Nº20,Región 8,0071MS2200,61545301,Educación Común,Nivel Secundario,PAUL GROUSSAC ALIPPI - S/N,220-499-1070,,merlo.secundaria20@gmail.com,Estatal,Oficial,ESCUELA DE EDUCACIÓN SECUNDARIA,CONURBANO,Urbano,2,Oficial,EXTENSION,Segunda,Dirección Provincial de Educación Secundaria,607101740,Final 2025,8,0,8,2,TARDE,615453,1,2200,-58.795780091577406,-34.696176106741625
6329,General Las Heras,23477,"ESCUELA DE EDUCACIÓN SECUNDARIA Nº 2 ""DR. RENÉ FAVALORO""",Región 10,0057MS0002,62208500,Educación Común,Nivel Secundario,BELGRANO - 87,220-496-2098,,secundaria2lasheras@abc.gob.ar,Estatal,Oficial,ESCUELA DE EDUCACIÓN SECUNDARIA,INTERIOR,Rural Agrupado,1,Oficial,SEDE,Tercera,Dirección Provincial de Educación Secundaria,605700208,Final 2025,104,52,52,6,"MAÑANA,TARDE",622085,0,2,-58.94181310969616,-34.828728750098705
6371,General San Martín,23636,CENTRO EDUCATIVO NIVEL SECUNDARIO Nº461,Región 7,0045DM0461,62098500,Educación de Jóvenes y Adultos,Nivel Secundario,MORENO - 957,11-4849-1607,,0045dm0461@gmail.com,Estatal,Oficial,CENTRO EDUCATIVO DE NIVEL SECUNDARIO (C.E.N.S.),CONURBANO,Urbano,0,Oficial,SEDE,Segunda,"Dirección de Educación de Jóvenes, Adultos y Adultos Mayores",604500387,Final 2025,84,36,48,6,VESPERTINO,620985,0,461,-58.55914298154684,-34.5350113422272
6805,Tigre,23646,"CENTRO EDUCATIVO NIVEL SECUNDARIO Nº455 ""BACHILLER POP. CTRO CULTURAL DE LOS TRABAJADORES""",Región 6,0055DM0455,62116500,Educación de Jóvenes y Adultos,Nivel Secundario,CURUPAYTY - 523,11-471-5342,,cens455tigre@abc.gob.ar,Estatal,Oficial,CENTRO EDUCATIVO DE NIVEL SECUNDARIO (C.E.N.S.),CONURBANO,Urbano,0,Oficial,SEDE,Segunda,"Dirección de Educación de Jóvenes, Adultos y Adultos Mayores",605500299,Final 2025,47,21,26,3,VESPERTINO,621165,0,455,-58.59946494076173,-34.4534611855892
6805,Tigre,23647,"CENTRO EDUCATIVO NIVEL SECUNDARIO Nº453 ""BACHILLER POPULAR SIMÓN RODRIGUEZ""",Región 6,0055DM0453,62116700,Educación de Jóvenes y Adultos,Nivel Secundario,ESCUELA DE INGENIEROS- LAS TUNAS - 3840,11-5599-9710,,coordinacionbpsr@gmail.com,Estatal,Oficial,CENTRO EDUCATIVO DE NIVEL SECUNDARIO (C.E.N.S.),CONURBANO,Urbano,0,Oficial,SEDE,Segunda,"Dirección de Educación de Jóvenes, Adultos y Adultos Mayores",605500275,Final 2025,95,23,72,6,VESPERTINO,621167,0,453,-58.66841130974311,-34.434141118134306
6805,Tigre,23658,"CENTRO EDUCATIVO NIVEL SECUNDARIO Nº454 ""BACHILLERATO POPULAR RAICES""",Región 6,0055DM0454,62117000,Educación de Jóvenes y Adultos,Nivel Secundario,SARGENTO CABRAL ESQ CALLAO - S/N,11-15-5175-6124,,bachipopularraices@gmail.com,Estatal,Oficial,CENTRO EDUCATIVO DE NIVEL SECUNDARIO (C.E.N.S.),CONURBANO,Urbano,0,Oficial,SEDE,Segunda,"Dirección de Educación de Jóvenes, Adultos y Adultos Mayores",605500281,Final 2025,38,16,22,3,VESPERTINO,621170,0,454,-58.66165459201212,-34.43930303240981
6364,General Rodríguez,23832,ESCUELA DE EDUCACIÓN SECUNDARIA N°12 - EXTENSIÓN 1,Región 10,0044MS2120,62009201,Educación Común,Nivel Secundario,SAN MARTÍN E/ARTIGAS DE ROSAS - S/N,237-485-0931,,secundaria12grodriguez@abc.gob.ar,Estatal,Oficial,ESCUELA DE EDUCACIÓN SECUNDARIA,INTERIOR,Urbano,2,Oficial,EXTENSION,Segunda,Dirección Provincial de Educación Secundaria,604400577,Final 2025,292,157,135,10,"MAÑANA,TARDE,VESPERTINO",620092,1,2120,-58.92904092773889,-34.58176020005246
6371,General San Martín,23837,"LICEO MILITAR ""GENERAL SAN MARTÍN""",Región 7,2045MS9000,69000600,Educación Común,Nivel Secundario,SAN LORENZO - 1100,11-4768-1215,,regencia@liceosanmartin.edu.ar,Estatal,Nacional,ESCUELA DE EDUCACIÓN SECUNDARIA,CONURBANO,Urbano,0,Oficial,SEDE,S/Datos,Ministerio de Educación de la Nación,604501340,Final 2025,352,226,126,15,"""DOBLE ESCOLARIDAD""",690006,0,9000,-58.55228062708907,-34.56738971761313
6840,Tres de Febrero,23864,ANEXO Nº1 DE ESCUELA DE EDUCACIÓN SECUNDARIA Nº19,Región 7,0117MS3191,61896401,Educación Común,Nivel Secundario,GENERAL LOPEZ 1694 - 1594,11-4840-0097,,secundaria19tresdefebrero@abc.gob.ar,Estatal,Oficial,ESCUELA DE EDUCACIÓN SECUNDARIA,CONURBANO,Urbano,0,Oficial,ANEXO,S/Datos,Dirección Provincial de Educación Secundaria,611700525,Final 2025,119,60,59,6,TARDE,618964,1,3191,-58.58993505445816,-34.5831805220629
6126,Campana,23921,ESCUELA DE EDUCACIÓN SECUNDARIA Nº29,Región 11,0015MS0029,62427700,Educación Común,Nivel Secundario,CANAL ALEM II SECCIÓN AL GUAZÚ - S/N,3489-46-0112,,secundaria29campana@abc.gob.ar,Estatal,Oficial,ESCUELA DE EDUCACIÓN SECUNDARIA,INTERIOR,Rural Disperso,5,Oficial,SEDE,Tercera,Dirección Provincial de Educación Secundaria,601500522,Final 2025,43,23,20,4,MAÑANA,624277,0,29,-58.75048897072186,-34.0581541730393
6126,Campana,23922,ESCUELA DE EDUCACIÓN SECUNDARIA Nº18,Región 11,0015MS0018,62238700,Educación Común,Nivel Secundario,RIO PARANA DE LAS PALMAS KM.81 ISLAS - S/N,3489-46-0064,,secundaria18campana@abc.gob.ar,Estatal,Oficial,ESCUELA DE EDUCACIÓN SECUNDARIA,INTERIOR,Rural Disperso,4,Oficial,SEDE,Tercera,Dirección Provincial de Educación Secundaria,601500338,Final 2025,48,23,25,4,MAÑANA,622387,0,18,-58.83101960686891,-34.200466188663405
6805,Tigre,23968,"CENTRO EDUCATIVO NIVEL SECUNDARIO Nº 452 ""YAGUARETÉ""",Región 6,0055DM0452,62179700,Educación de Jóvenes y Adultos,Nivel Secundario,IRALA - 1755,-,,cens452tigre@abc.gob.ar,Estatal,Oficial,CENTRO EDUCATIVO DE NIVEL SECUNDARIO (C.E.N.S.),CONURBANO,Urbano,0,Oficial,SEDE,Primera,"Dirección de Educación de Jóvenes, Adultos y Adultos Mayores","605500268,605501333",Final 2025,450,234,216,20,"MAÑANA,TARDE,VESPERTINO",621797,0,452,-58.60339783318709,-34.41960855059999
6756,San Isidro,24006,ESCUELA MUNICIPAL MALVINAS ARGENTINAS,Región 6,3096MS7352,62192500,Educación Común,Nivel Secundario,JULIAN NAVARRO - 2010,11-4859-1328,,escuelasecundariamunicipalalma@yahoo.com.ar,Estatal,Municipal,ESCUELA DE EDUCACIÓN SECUNDARIA,CONURBANO,Urbano,0,"Subvención Total 100%         ",SEDE,Segunda,Dirección de Educación de Gestión Privada,609600950,Final 2025,299,157,142,12,"MAÑANA,TARDE",621925,0,7352,-58.54750249164549,-34.46926024456399
6364,General Rodríguez,24150,ESCUELA DE EDUCACIÓN SECUNDARIA Nº3,Región 10,0044MS0003,62199300,Educación Común,Nivel Secundario,VICTOR HUGO UBELLART - 1076,11-6229-8797,,rosaggonzalez@abc.gob.ar,Estatal,Oficial,ESCUELA DE EDUCACIÓN SECUNDARIA,INTERIOR,Urbano,1,Oficial,SEDE,Primera,Dirección Provincial de Educación Secundaria,604400481,Final 2025,651,321,330,23,"MAÑANA,TARDE",621993,0,3,-58.97126200358534,-34.62279119666234
6525,Marcos Paz,24268,ESCUELA DE EDUCACIÓN SECUNDARIA AGRARIA Nº1,Región 10,0067MA0001,62211000,Educación Técnico Profesional,Nivel Secundario,ACCESO JUAN CARLOS ZABALA - 5501,11-6540-9012,,eesa1marcospaz@abc.gob.ar,Estatal,Oficial,ESCUELA DE EDUCACIÓN SECUNDARIA AGRARIA,INTERIOR,Rural Disperso,2,Oficial,SEDE,Segunda,Dirección Provincial de Educación Técnico Profesional,606700303,Final 2025,423,210,213,18,"""DOBLE ESCOLARIDAD""",622110,0,1,-58.826548927838274,-34.84810932681292
6364,General Rodríguez,24350,"ESCUELA DE EDUCACIÓN SECUNDARIA Nº 4 ""ATAHUALPA YUPANQUI""",Región 10,0044MS0004,62219100,Educación Común,Nivel Secundario,FORTÍN ATAHUALPA - 886,237-484-0385,,ees4atahualpayupanqui@gmail.com,Estatal,Oficial,ESCUELA DE EDUCACIÓN SECUNDARIA,INTERIOR,Urbano,0,Oficial,SEDE,Primera,Dirección Provincial de Educación Secundaria,604400499,Final 2025,760,361,399,22,"MAÑANA,TARDE",622191,0,4,-58.9663483253989,-34.59664056243584
6371,General San Martín,24368,CENTRO EDUCATIVO NIVEL SECUNDARIO Nº460,Región 7,0045DM0460,62221300,Educación de Jóvenes y Adultos,Nivel Secundario,DE BENEDETTI Y CAMINO DEL BUEN AYRE - S/N,11-4729-4323 IN142,,cens460sanmartin@abc.gob.ar,Estatal,Oficial,CENTRO EDUCATIVO DE NIVEL SECUNDARIO (C.E.N.S.),CONURBANO,Urbano,2,Oficial,SEDE,Primera,"Dirección de Educación de Jóvenes, Adultos y Adultos Mayores",604500259,Final 2025,394,286,108,16,TARDE,622213,0,460,-58.595211676638506,-34.52332379772373
6252,Escobar,24662,INSTITUTO SUPERIOR MUNICIPAL DE FORMACIÓN DOCENTE Y TÉCNICA DE ESCOBAR,Región 11,3116AM8034,62232100,Educación Artística,Ciclo Medio,SUCRE - 1549,348-426-2844,,ismfdyt8034@gmail.com,Estatal,Municipal,CONSERVATORIO DE MÚSICA,INTERIOR,Urbano,0,"Sin Subvención                ",SEDE,Tercera,Dirección de Educación de Gestión Privada,611601497,Final 2025,181,82,99,6,"MAÑANA,NOCHE,TARDE",622321,0,8034,-58.75074372713859,-34.374758743533846
6412,José C. Paz,24742,EXTENSION I DE ESCUELA DE EDUCACIÓN SECUNDARIA Nº6,Región 9,0132MS2060,61124501,Educación Común,Nivel Secundario,FELIZ DE AZARA - 934,2320-44-5890,,escuela6puertoargentino@yahoo.com.ar,Estatal,Oficial,ESCUELA DE EDUCACIÓN SECUNDARIA,CONURBANO,Urbano,0,Oficial,EXTENSION,Primera,Dirección Provincial de Educación Secundaria,613200763,Final 2025,239,130,109,8,"MAÑANA,TARDE",611245,1,2060,-58.75187718758155,-34.50327273834582
6497,Luján,24852,CENTRO EDUCATIVO NIVEL SECUNDARIO Nº452,Región 10,0063DM0452,62265800,Educación de Jóvenes y Adultos,Nivel Secundario,CERRITO - 2641,11-7362-7161,,cens0452lujan@gmail.com,Estatal,Oficial,CENTRO EDUCATIVO DE NIVEL SECUNDARIO (C.E.N.S.),INTERIOR,Urbano,1,Oficial,SEDE,Tercera,"Dirección de Educación de Jóvenes, Adultos y Adultos Mayores",606300047,Final 2025,56,20,36,3,VESPERTINO,622658,0,452,-59.08651918276957,-34.5581004117089
6371,General San Martín,24859,ESCUELA TECNOLÓGICA WARNER VON SIEMENS,Región 7,2045MT9000,62266200,Educación Técnico Profesional,Nivel Secundario,MARTÍN LANGE (CALLE 77) - 4377,11-4768-2115,,secretaria@siemens.inspt.utn.edu.ar,Estatal,Nacional,ESCUELA DE EDUCACIÓN SECUNDARIA TÉCNICA,CONURBANO,Urbano,0,Oficial,SEDE,S/Datos,Ministerio de Educación de la Nación,604501364,Final 2025,136,128,8,7,"""DOBLE ESCOLARIDAD""",622662,0,9000,-58.55527928485486,-34.55645214551861
6560,Moreno,24860,ESCUELA DE EDUCACIÓN SECUNDARIA TÉCNICA Nº3,Región 9,0073MT0003,62267000,Educación Técnico Profesional,Nivel Secundario,GIACOMO  PUCCINI Y ENRIQUE LARRETA - 7000,237-481-0273,,eest3moreno@gmail.com,Estatal,Oficial,ESCUELA DE EDUCACIÓN SECUNDARIA TÉCNICA,CONURBANO,Urbano,0,Oficial,SEDE,Primera,Dirección Provincial de Educación Técnico Profesional,607301346,Final 2025,575,358,217,19,"MAÑANA,TARDE,VESPERTINO",622670,0,3,-58.75664268246411,-34.582450553407305
6515,Malvinas Argentinas,24921,"ESCUELA DE EDUCACIÓN SECUNDARIA TÉCNICA Nº2 ""DR. RENÉ FAVALORO""",Región 9,0133MT0002,62271900,Educación Técnico Profesional,Nivel Secundario,RAWSON - 2950,11-4463-8347,,andrearodperez@hotmail.com,Estatal,Oficial,ESCUELA DE EDUCACIÓN SECUNDARIA TÉCNICA,CONURBANO,Urbano,0,Oficial,SEDE,Primera,Dirección Provincial de Educación Técnico Profesional,613300014,Final 2025,895,668,227,31,"MAÑANA,TARDE,VESPERTINO",622719,0,2,-58.67415030374007,-34.51393116031646
6515,Malvinas Argentinas,24922,"ESCUELA DE EDUCACIÓN SECUNDARIA TÉCNICA Nº3 ""ROBERTO ARLT""",Región 9,0133MT0003,62272000,Educación Técnico Profesional,Nivel Secundario,LAS ARAUCARIAS - 1450,2320-55-3079,,tecnica3malvinasarg@abc.gob.ar,Estatal,Oficial,ESCUELA DE EDUCACIÓN SECUNDARIA TÉCNICA,CONURBANO,Urbano,1,Oficial,SEDE,Primera,Dirección Provincial de Educación Técnico Profesional,613300610,Final 2025,693,429,264,21,"MAÑANA,TARDE,VESPERTINO",622720,0,3,-58.75643680008735,-34.46692284490782
6638,Pilar,24928,ESCUELA DE EDUCACIÓN SECUNDARIA TÉCNICA Nº3,Región 11,0083MT0003,62272100,Educación Técnico Profesional,Nivel Secundario,LUIS FONTANA E/ POLONIA  Y LISANDRO DE LA TORRE - S/N,2320-47-4575,,eetdelviso@yahoo.com.ar,Estatal,Oficial,ESCUELA DE EDUCACIÓN SECUNDARIA TÉCNICA,INTERIOR,Urbano,1,Oficial,SEDE,Segunda,Dirección Provincial de Educación Técnico Profesional,608300104,Final 2025,439,279,160,16,"MAÑANA,TARDE,VESPERTINO",622721,0,3,-58.79659019747522,-34.446537623011565
6515,Malvinas Argentinas,24941,ESCUELA DE EDUCACIÓN SECUNDARIA Nº7,Región 9,0133MS0007,62275400,Educación Común,Nivel Secundario,LAS ARAUCARIAS - 1450,2320-55-3079,,media7tortuguitas@gmail.com,Estatal,Oficial,ESCUELA DE EDUCACIÓN SECUNDARIA,CONURBANO,Urbano,1,Oficial,SEDE,Primera,Dirección Provincial de Educación Secundaria,613300610,Final 2025,644,285,359,20,"MAÑANA,TARDE",622754,0,7,-58.75584360177888,-34.46657636036226
6252,Escobar,25048,ESCUELA DE EDUCACIÓN SECUNDARIA Nº17,Región 11,0116MS0017,62284600,Educación Común,Nivel Secundario,RIO LUJÁN Y ARROYO EL CORRENTINO - 1625,-,,secundaria17escobar@abc.gob.ar,Estatal,Oficial,ESCUELA DE EDUCACIÓN SECUNDARIA,INTERIOR,Rural Disperso,4,Oficial,SEDE,Tercera,Dirección Provincial de Educación Secundaria,611600530,Final 2025,69,35,34,6,"""DOBLE ESCOLARIDAD""",622846,0,17,-58.72131040225231,-34.300418987356494
6805,Tigre,65323,ESCUELA DE EDUCACIÓN SECUNDARIA Nº7,Región 6,0055MS0007,60781900,Educación Común,Nivel Secundario,ISLEÑOS E/ IRALA Y CASTIGLIONI - 2946,11-4731-3565,,ees7tigre@gmail.com,Estatal,Oficial,ESCUELA DE EDUCACIÓN SECUNDARIA,CONURBANO,Urbano,0,Oficial,SEDE,Primera,Dirección Provincial de Educación Secundaria,605501000,Final 2025,757,409,348,31,"MAÑANA,TARDE,VESPERTINO",607819,0,7,-58.60272334170307,-34.41949136090955
6371,General San Martín,65368,ESCUELA SECUNDARIA TÉCNICA DE LA UNSAM,Región 7,2045MT9001,62290600,Educación Técnico Profesional,Nivel Secundario,AVENIDA 25 DE MAYO Y CATALINA DE BOYLE - S/N,11-4006-1500X6066,,sunsam@unsam.edu.ar,Estatal,Nacional,ESCUELA DE EDUCACIÓN SECUNDARIA TÉCNICA,CONURBANO,Urbano,0,Oficial,SEDE,S/Datos,Ministerio de Educación de la Nación,604501372,Final 2025,178,110,68,9,INTERMEDIO,622906,0,9001,-58.596912697695295,-34.53729621232691
6371,General San Martín,65368,ESCUELA SECUNDARIA TÉCNICA DE LA UNSAM,Región 7,2045MT9001,62290600,Educación Común,Nivel Secundario,AVENIDA 25 DE MAYO Y CATALINA DE BOYLE - S/N,11-4006-1500X6066,,sunsam@unsam.edu.ar,Estatal,Nacional,ESCUELA DE EDUCACIÓN SECUNDARIA TÉCNICA,CONURBANO,Urbano,0,Oficial,SEDE,S/Datos,Ministerio de Educación de la Nación,604501372,Final 2025,86,33,53,5,INTERMEDIO,622906,0,9001,-58.596912697695295,-34.53729621232691
6371,General San Martín,65444,ESCUELA DE EDUCACIÓN SECUNDARIA Nº11,Región 7,0045MS0011,62297600,Educación Común,Nivel Secundario,PROF. AGUSTÍN ROGELIO VIDAL - 3676,11-4508-9109,,0045ms011@gmail.com,Estatal,Oficial,ESCUELA DE EDUCACIÓN SECUNDARIA,CONURBANO,Urbano,0,Oficial,SEDE,Segunda,Dirección Provincial de Educación Secundaria,604502268,Final 2025,311,145,166,16,TARDE,622976,0,11,-58.54151320806956,-34.57275422435068
6371,General San Martín,65447,ESCUELA DE EDUCACIÓN SECUNDARIA Nº20,Región 7,0045MS0020,62297700,Educación Común,Nivel Secundario,PROF. AGUSTÍN ROGELIO VIDAL - 3676,11-4508-9109,,mm045020@gmail.com,Estatal,Oficial,ESCUELA DE EDUCACIÓN SECUNDARIA,CONURBANO,Urbano,0,Oficial,SEDE,Primera,Dirección Provincial de Educación Secundaria,604502268,Final 2025,711,349,362,35,MAÑANA,622977,0,20,-58.54140268410566,-34.57266885346801
6784,Suipacha,65540,ESCUELA DE EDUCACIÓN SECUNDARIA TÉCNICA Nº1,Región 10,0101MT0001,62305700,Educación Técnico Profesional,Nivel Secundario,FERROVIARIOS - 113,2324-48-1532,,alvarezmariana@abc.gob.ar.com,Estatal,Oficial,ESCUELA DE EDUCACIÓN SECUNDARIA TÉCNICA,INTERIOR,Urbano,0,Oficial,SEDE,Tercera,Dirección Provincial de Educación Técnico Profesional,610100042,Final 2025,141,101,40,7,"""DOBLE ESCOLARIDAD""",623057,0,1,-59.69051036830352,-34.77218934099638
6126,Campana,65548,"ESCUELA DE EDUCACIÓN SECUNDARIA TÉCNICA Nº2 ""GENERAL JUANA AZURDUY""",Región 11,0015MT0002,62306300,Educación Técnico Profesional,Nivel Secundario,NEGRETE - 1523,3489-50-7425,,escuelatecnica2campana@gmail.com,Estatal,Oficial,ESCUELA DE EDUCACIÓN SECUNDARIA TÉCNICA,INTERIOR,Urbano,0,Oficial,SEDE,Segunda,Dirección Provincial de Educación Técnico Profesional,601500726,Final 2025,508,278,230,18,"MAÑANA,TARDE,VESPERTINO",623063,0,2,-58.947263621667005,-34.20830853316968
6515,Malvinas Argentinas,65556,ESCUELA SECUNDARIA DE LA UNIVERSIDAD DE GENERAL SARMIENTO,Región 9,2133MS9000,62307200,Educación Común,Nivel Secundario,JUAN MARÍA GUTIERREZ - 1150,11-4469-7570,,escuelasecundaria@es.ungs.edu.ar,Estatal,Nacional,ESCUELA DE EDUCACIÓN SECUNDARIA,CONURBANO,Urbano,0,Oficial,SEDE,S/Datos,Ministerio de Educación de la Nación,613300165,Final 2025,162,73,89,9,"""DOBLE ESCOLARIDAD""",623072,0,9000,-58.69998630037114,-34.52246519670128
6515,Malvinas Argentinas,65556,ESCUELA SECUNDARIA DE LA UNIVERSIDAD DE GENERAL SARMIENTO,Región 9,2133MS9000,62307200,Educación Técnico Profesional,Nivel Secundario,JUAN MARÍA GUTIERREZ - 1150,11-4469-7570,,escuelasecundaria@es.ungs.edu.ar,Estatal,Nacional,ESCUELA DE EDUCACIÓN SECUNDARIA,CONURBANO,Urbano,0,Oficial,SEDE,S/Datos,Ministerio de Educación de la Nación,613300165,Final 2025,163,114,49,7,"""DOBLE ESCOLARIDAD""",623072,0,9000,-58.69998630037114,-34.52246519670128
6515,Malvinas Argentinas,65576,"ESCUELA DE EDUCACIÓN SECUNDARIA Nº21 ""MARÍA EVA DUARTE""",Región 9,0133MS0021,61866300,Educación Común,Nivel Secundario,PEDRO MONTI - 785,11-4587-3201,,secundario21malvinasarg@abc.gob.ar,Estatal,Oficial,ESCUELA DE EDUCACIÓN SECUNDARIA,CONURBANO,Urbano,1,Oficial,SEDE,Segunda,Dirección Provincial de Educación Secundaria,613300741,Final 2025,324,184,140,12,"MAÑANA,TARDE",618663,0,21,-58.65455592365355,-34.49955571652606
6408,Hurlingham,65651,ESCUELA DE EDUCACION SECUNDARIA ESPECIALIZADA EN ARTE Nº1,Región 7,0135AS0001,62316300,Educación Artística,Nivel Secundario,JUANA MANUELA GORRITI - 3800,11-6539-6902,,esea.hurlingham@hotmail.com,Estatal,Oficial,ESCUELA DE EDUCACIÓN SECUNDARIA ESPECIALIZADA EN ARTE,CONURBANO,Urbano,0,Oficial,SEDE,Segunda,Dirección de Educación Artística,613500021,Final 2025,289,88,201,12,"""DOBLE ESCOLARIDAD""",623163,0,1,-58.67440117637078,-34.58644746304823
6408,Hurlingham,65652,CENTRO EDUCATIVO NIVEL SECUNDARIO Nº452,Región 7,0135DM0452,62316400,Educación de Jóvenes y Adultos,Nivel Secundario,GORRITI - 3520,11-15-2659-3697,,cens452hurlingham@abc.gob.ar,Estatal,Oficial,CENTRO EDUCATIVO DE NIVEL SECUNDARIO (C.E.N.S.),CONURBANO,Urbano,0,Oficial,SEDE,Segunda,"Dirección de Educación de Jóvenes, Adultos y Adultos Mayores",613500021,Final 2025,122,64,58,6,VESPERTINO,623164,0,452,-58.67231621729469,-34.5885549329113
6840,Tres de Febrero,65675,ESCUELA DE EDUCACIÓN SECUNDARIA Nº21,Región 7,0117MS0021,62318600,Educación Común,Nivel Secundario,AV BERNABÉ MÁRQUEZ - 2521,11-4506-1365,,ees21tdf@gmail.com,Estatal,Oficial,ESCUELA DE EDUCACIÓN SECUNDARIA,CONURBANO,Urbano,0,Oficial,SEDE,Segunda,Dirección Provincial de Educación Secundaria,611700784,Final 2025,325,143,182,12,"MAÑANA,TARDE",623186,0,21,-58.61238776677924,-34.582141393105175
6412,José C. Paz,65680,"CENTRO EDUCATIVO DE NIVEL SECUNDARIO Nº 451 ""MÓNICA LEMOS""",Región 9,0132DM0451,62319300,Educación de Jóvenes y Adultos,Nivel Secundario,SERRANO - 4535,11-2726-6536,,carrieto@abc.gob.ar,Estatal,Oficial,CENTRO EDUCATIVO DE NIVEL SECUNDARIO (C.E.N.S.),CONURBANO,Urbano,0,Oficial,SEDE,Segunda,"Dirección de Educación de Jóvenes, Adultos y Adultos Mayores","613200106,613200217",Final 2025,58,21,37,6,VESPERTINO,623193,0,451,-58.73909908662673,-34.51695930449376
6532,Mercedes,65695,ESCUELA DE EDUCACIÓN SECUNDARIA Nº12 - EXTENSIÓN Nº1,Región 10,0070MS2120,61871001,Educación Común,Nivel Secundario,CUARTEL XV - ACCESO CAMINO REAL Y RUTA 5 KM 110 - S/N,2324-42-2663,97008,secundaria12mercedes@gmail.com,Estatal,Oficial,ESCUELA DE EDUCACIÓN SECUNDARIA,INTERIOR,Rural Disperso,1,Oficial,EXTENSION,Segunda,Dirección Provincial de Educación Secundaria,607000319,Final 2025,66,41,25,5,MAÑANA,618710,1,2120,-59.538277917020025,-34.713056137025816
6805,Tigre,65765,CENTRO ESPECIALIZADO DE BACHILLERATO DE ADULTOS CON ORIENTACIÓN EN SALUD PÚBLICA N°37 - EXTENSIÓN,Región 6,0055DS2370,61687001,Educación de Jóvenes y Adultos,Nivel Secundario,BOMBEROS VOLUNTARIOS - 480,11-15-4439-4053,,cebas372370@gmail.com,Estatal,Oficial,CENTRO ESPECIALIZADO PARA ADULTOS CON ORIENTACIÓN EN SALUD (CEBAS),CONURBANO,Urbano,0,Oficial,EXTENSION,S/Datos,"Dirección de Educación de Jóvenes, Adultos y Adultos Mayores",605500140,Final 2025,67,20,47,3,VESPERTINO,616870,1,2370,-58.62826554757432,-34.45851566853199
6412,José C. Paz,65810,ANEXO I DE ESCUELA DE EDUCACIÓN SECUNDARIA Nº26,Región 9,0132MS3261,61743101,Educación Común,Nivel Secundario,LEANDRO N. ALEM E/ JOSÉ C. PAZ Y ALTUBE - S/N,2320-69-5002,,esb42014@yahoo.com.ar,Estatal,Oficial,ESCUELA DE EDUCACIÓN SECUNDARIA,CONURBANO,Urbano,0,Oficial,ANEXO,S/Datos,Dirección Provincial de Educación Secundaria,613200771,Final 2025,374,164,210,12,"MAÑANA,TARDE",617431,1,3261,-58.74735331207445,-34.51930687486812
6861,Vicente López,65824,CENTRO EDUCATIVO DE NIVEL SECUNDARIO Nº454,Región 6,0109DM0454,62442300,Educación de Jóvenes y Adultos,Nivel Secundario,SANTA ROSA - 4982,11-4709-2427,,nanderoga.nuestracasa@gmail.com,Estatal,Oficial,CENTRO EDUCATIVO DE NIVEL SECUNDARIO (C.E.N.S.),CONURBANO,Urbano,0,Oficial,SEDE,Tercera,"Dirección de Educación de Jóvenes, Adultos y Adultos Mayores",610900158,Final 2025,55,14,41,3,VESPERTINO,624423,0,454,-58.52286098136287,-34.54715051198252
6805,Tigre,65826,CENTRO EDUCATIVO DE NIVEL SECUNDARIO Nº455 - EXTENSIÓN Nº1,Región 6,0055DM2550,62116501,Educación de Jóvenes y Adultos,Nivel Secundario,VENTANITA FLORIDA - 237,11-2162-5294,,admproyectouno@gmail.com,Estatal,Oficial,CENTRO EDUCATIVO DE NIVEL SECUNDARIO (C.E.N.S.),CONURBANO,Urbano,0,Oficial,EXTENSION,S/Datos,"Dirección de Educación de Jóvenes, Adultos y Adultos Mayores",605500397,Final 2025,59,17,42,3,VESPERTINO,621165,1,2550,-58.65230603805204,-34.448275240084605
6560,Moreno,65827,CENTRO EDUCATIVO DE NIVEL SECUNDARIO Nº454 - EXTENSIÓN I,Región 9,0073DM2540,62117001,Educación de Jóvenes y Adultos,Nivel Secundario,MONSEGUR - 260,11-5311-5324,,vm9379960@gmail.com,Estatal,Oficial,CENTRO EDUCATIVO DE NIVEL SECUNDARIO (C.E.N.S.),CONURBANO,Urbano,0,Oficial,EXTENSION,S/Datos,"Dirección de Educación de Jóvenes, Adultos y Adultos Mayores",607300494,Final 2025,46,22,24,3,VESPERTINO,621170,1,2540,-58.80581581735429,-34.657526870969754
6371,General San Martín,65909,CENTRO EDUCATIVO DE NIVEL SECUNDARIO Nº462,Región 7,0045DM0462,62339300,Educación de Jóvenes y Adultos,Nivel Secundario,25 DE MAYO E/BELTRÁN Y LA CARCOVA - S/N,11-6563-4221,,0045dm0462@gmail.com,Estatal,Oficial,CENTRO EDUCATIVO DE NIVEL SECUNDARIO (C.E.N.S.),CONURBANO,Urbano,1,Oficial,SEDE,Segunda,"Dirección de Educación de Jóvenes, Adultos y Adultos Mayores",604500432,Final 2025,175,73,102,13,"MAÑANA,VESPERTINO",623393,0,462,-58.57681811580103,-34.52932987158916
6560,Moreno,66004,CENTRO EDUCATIVO DE NIVEL SECUNDARIO PARA ADULTOS Nº455,Región 9,0073DM0455,62347500,Educación de Jóvenes y Adultos,Nivel Secundario,VELEZ SARFIELD - 223,54-3450-7487,,bachilleratopopular.11demarzo@gmail.com,Estatal,Oficial,CENTRO EDUCATIVO DE NIVEL SECUNDARIO (C.E.N.S.),CONURBANO,Urbano,0,Oficial,SEDE,Tercera,"Dirección de Educación de Jóvenes, Adultos y Adultos Mayores",607300397,Final 2025,34,11,23,3,VESPERTINO,623475,0,455,-58.74423942147399,-34.647488048549214
6560,Moreno,102134,ESCUELA DE EDUCACIÓN SECUNDARIA Nº77,Región 9,0073MS0077,62352800,Educación Común,Nivel Secundario,ZARATE - S/N,237-429-5946,,secundaria77moreno@abc.gob.ar,Estatal,Oficial,ESCUELA DE EDUCACIÓN SECUNDARIA,CONURBANO,Urbano,0,Oficial,SEDE,Segunda,Dirección Provincial de Educación Secundaria,607301783,Final 2025,422,190,232,15,"MAÑANA,TARDE",623528,0,77,-58.79827809876148,-34.612366295949165
6805,Tigre,102149,CENTRO EDUCATIVO DE NIVEL SECUNDARIO,Región 6,0055DM0456,62354300,Educación de Jóvenes y Adultos,Nivel Secundario,PARAGUAY Y DALIAS - 1876,11-15-3630-6394,,rocio.ghelfi@gmail.com,Estatal,Oficial,CENTRO EDUCATIVO DE NIVEL SECUNDARIO (C.E.N.S.),CONURBANO,Urbano,0,Oficial,SEDE,Segunda,"Dirección de Educación de Jóvenes, Adultos y Adultos Mayores",605500309,Final 2025,312,127,185,12,VESPERTINO,623543,0,456,-58.6614892098388,-34.461924767483275
6749,San Fernando,102281,CENTRO EDUCATIVO DE NIVEL SECUNDARIO Nº453,Región 6,0095DM0453,62367200,Educación de Jóvenes y Adultos,Nivel Secundario,TRES DE FEBRERO - 1810,11-4744-1502,,cens453sanfernando@gmail.com,Estatal,Oficial,CENTRO EDUCATIVO DE NIVEL SECUNDARIO (C.E.N.S.),CONURBANO,Urbano,0,Oficial,SEDE,Segunda,"Dirección de Educación de Jóvenes, Adultos y Adultos Mayores",609500176,Final 2025,143,71,72,7,NOCHE,623672,0,453,-58.55154761257778,-34.44608694083613
6756,San Isidro,102282,CENTRO EDUCATIVO DE NIVEL SECUNDARIO Nº457,Región 6,0096DM0457,62367300,Educación de Jóvenes y Adultos,Nivel Secundario,AVELINO ROLON - 1008,11-4700-8163,,cens457sanisidro@abc.gob.ar,Estatal,Oficial,CENTRO EDUCATIVO DE NIVEL SECUNDARIO (C.E.N.S.),CONURBANO,Urbano,0,Oficial,SEDE,Segunda,"Dirección de Educación de Jóvenes, Adultos y Adultos Mayores",609600194,Final 2025,102,55,47,7,"TARDE,VESPERTINO",623673,0,457,-58.55723220670355,-34.500433551126015
6756,San Isidro,102283,CENTRO EDUCATIVO DE NIVEL SECUNDARIO Nº458,Región 6,0096DM0458,62367400,Educación de Jóvenes y Adultos,Nivel Secundario,MARTÍN Y OMAR - 235,11-4743-0877,,cens458sanisidro@abc.gob.ar,Estatal,Oficial,CENTRO EDUCATIVO DE NIVEL SECUNDARIO (C.E.N.S.),CONURBANO,Urbano,0,Oficial,SEDE,Segunda,"Dirección de Educación de Jóvenes, Adultos y Adultos Mayores",609600572,Final 2025,223,122,101,9,VESPERTINO,623674,0,458,-58.51125300707471,-34.471358237457466
6805,Tigre,102284,CENTRO EDUCATIVO DE NIVEL SECUNDARIO Nº457,Región 6,0055DM0457,62367500,Educación de Jóvenes y Adultos,Nivel Secundario,ESQUINA LAS HERAS Y PASTEUR - S/N,11-4740-6450,,cens457tigre@gmail.com,Estatal,Oficial,CENTRO EDUCATIVO DE NIVEL SECUNDARIO (C.E.N.S.),CONURBANO,Urbano,0,Oficial,SEDE,Primera,"Dirección de Educación de Jóvenes, Adultos y Adultos Mayores",605500313,Final 2025,251,133,118,16,VESPERTINO,623675,0,457,-58.64938595493222,-34.466442274765065
6805,Tigre,102285,CENTRO EDUCATIVO DE NIVEL SECUNDARIO Nº458,Región 6,0055DM0458,62367600,Educación de Jóvenes y Adultos,Nivel Secundario,LAS HERAS Y SAN LUIS - S/N,11-3170-9963,,cens458tigre@abc.gob.ar,Estatal,Oficial,CENTRO EDUCATIVO DE NIVEL SECUNDARIO (C.E.N.S.),CONURBANO,Urbano,0,Oficial,SEDE,Segunda,"Dirección de Educación de Jóvenes, Adultos y Adultos Mayores",605500321,Final 2025,183,92,91,9,VESPERTINO,623676,0,458,-58.68309526336512,-34.41241363246628
6805,Tigre,102286,CENTRO EDUCATIVO DE NIVEL SECUNDARIO Nº459,Región 6,0055DM0459,62367700,Educación de Jóvenes y Adultos,Nivel Secundario,LISANDRO DE LA TORRE - 2895,11-4727-2037,,cens459tigre@abc.gob.ar,Estatal,Oficial,CENTRO EDUCATIVO DE NIVEL SECUNDARIO (C.E.N.S.),CONURBANO,Urbano,0,Oficial,SEDE,Segunda,"Dirección de Educación de Jóvenes, Adultos y Adultos Mayores",605500332,Final 2025,162,74,88,6,NOCHE,623677,0,459,-58.62421842013707,-34.48044981933683
6805,Tigre,102288,CENTRO EDUCATIVO DE NIVEL SECUNDARIO Nº460,Región 6,0055DM0460,62367800,Educación de Jóvenes y Adultos,Nivel Secundario,AVENIDA DEL TRABAJO - 2350,11-4748-7810,,censdt@gmail.com,Estatal,Oficial,CENTRO EDUCATIVO DE NIVEL SECUNDARIO (C.E.N.S.),CONURBANO,Urbano,0,Oficial,SEDE,Tercera,"Dirección de Educación de Jóvenes, Adultos y Adultos Mayores",605500345,Final 2025,63,30,33,3,VESPERTINO,623678,0,460,-58.618985389844354,-34.50376375474638
6805,Tigre,102289,CENTRO EDUCATIVO DE NIVEL SECUNDARIO Nº463,Región 6,0055DM0463,62368000,Educación de Jóvenes y Adultos,Nivel Secundario,ESPAÑA - 1132,11-4749-7629,,cens463tigre@gmail.com,Estatal,Oficial,CENTRO EDUCATIVO DE NIVEL SECUNDARIO (C.E.N.S.),CONURBANO,Urbano,0,Oficial,SEDE,Segunda,"Dirección de Educación de Jóvenes, Adultos y Adultos Mayores",605500378,Final 2025,158,66,92,10,VESPERTINO,623680,0,463,-58.57515812106599,-34.42597591417128
6805,Tigre,102290,CENTRO EDUCATIVO DE NIVEL SECUNDARIO Nº461,Región 6,0055DM0461,62368100,Educación de Jóvenes y Adultos,Nivel Secundario,RIO SARMIENTO - 402,11-4728-3211,,cens461tigre@abc.gob.ar,Estatal,Oficial,CENTRO EDUCATIVO DE NIVEL SECUNDARIO (C.E.N.S.),CONURBANO,Rural Disperso,2,Oficial,SEDE,Tercera,"Dirección de Educación de Jóvenes, Adultos y Adultos Mayores",605500350,Final 2025,40,24,16,3,TARDE,623681,0,461,-58.55933270389857,-34.382276454229235
6805,Tigre,102291,CENTRO EDUCATIVO DE NIVEL SECUNDARIO Nº462,Región 6,0055DM0462,62368200,Educación de Jóvenes y Adultos,Nivel Secundario,CARLOS TEJEDOR E/ RICHIERI Y TALCAHUANO - 2700,11-4508-0300,,tigrecens462@gmail.com,Estatal,Oficial,CENTRO EDUCATIVO DE NIVEL SECUNDARIO (C.E.N.S.),CONURBANO,Urbano,0,Oficial,SEDE,Tercera,"Dirección de Educación de Jóvenes, Adultos y Adultos Mayores",605500366,Final 2025,210,105,105,5,NOCHE,623682,0,462,-58.68672591141635,-34.46072751391393
6805,Tigre,102292,CENTRO EDUCATIVO DE NIVEL SECUNDARIO Nº464,Región 6,0055DM0464,62368300,Educación de Jóvenes y Adultos,Nivel Secundario,RIOBAMBA E/ JORGE NEWBERY Y JEAN JAURES - S/N,11-3477-9103,,cens464tigre@abc.gob.ar,Estatal,Oficial,CENTRO EDUCATIVO DE NIVEL SECUNDARIO (C.E.N.S.),CONURBANO,Urbano,0,Oficial,SEDE,Tercera,"Dirección de Educación de Jóvenes, Adultos y Adultos Mayores",605500164,Final 2025,50,21,29,3,VESPERTINO,623683,0,464,-58.61665337360533,-34.493077497226245
6861,Vicente López,102293,"CENTRO EDUCATIVO DE NIVEL SECUNDARIO Nº452 ""JORGE ALBERTO TAIANA""",Región 6,0109DM0452,62368400,Educación de Jóvenes y Adultos,Nivel Secundario,CORRIENTES - 1441,11-4790-0661,,cens452vicentelopez@abc.gob.ar,Estatal,Oficial,CENTRO EDUCATIVO DE NIVEL SECUNDARIO (C.E.N.S.),CONURBANO,Urbano,0,Oficial,SEDE,Segunda,"Dirección de Educación de Jóvenes, Adultos y Adultos Mayores",610900143,Final 2025,107,57,50,9,VESPERTINO,623684,0,452,-58.48868536886859,-34.51265133652142
6371,General San Martín,102294,CENTRO EDUCATIVO DE NIVEL SECUNDARIO Nº463,Región 7,0045DM0463,62368500,Educación de Jóvenes y Adultos,Nivel Secundario,BALCARCE - 277,11-4768-1131,,0045dm0463@gmail.com,Estatal,Oficial,CENTRO EDUCATIVO DE NIVEL SECUNDARIO (C.E.N.S.),CONURBANO,Urbano,0,Oficial,SEDE,Primera,"Dirección de Educación de Jóvenes, Adultos y Adultos Mayores","604500409,604500974",Final 2025,213,102,111,17,VESPERTINO,623685,0,463,-58.56021674336272,-34.552278745610735
6371,General San Martín,102295,CENTRO EDUCATIVO DE NIVEL SECUNDARIO Nº465,Región 7,0045DM0465,62368600,Educación de Jóvenes y Adultos,Nivel Secundario,LIBERTAD - 6845,11-4769-2950,,0045dm0465@gmail.com,Estatal,Oficial,CENTRO EDUCATIVO DE NIVEL SECUNDARIO (C.E.N.S.),CONURBANO,Urbano,1,Oficial,SEDE,Tercera,"Dirección de Educación de Jóvenes, Adultos y Adultos Mayores",604500244,Final 2025,65,13,52,5,VESPERTINO,623686,0,465,-58.59485480564936,-34.55748607425087
6371,General San Martín,102296,CENTRO EDUCATIVO DE NIVEL SECUNDARIO Nº466,Región 7,0045DM0466,62368700,Educación de Jóvenes y Adultos,Nivel Secundario,J. M. CAMPOS - 1918,11-4755-7179,,0045dm0466@gmail.com,Estatal,Oficial,CENTRO EDUCATIVO DE NIVEL SECUNDARIO (C.E.N.S.),CONURBANO,Urbano,0,Oficial,SEDE,Tercera,"Dirección de Educación de Jóvenes, Adultos y Adultos Mayores",604500421,Final 2025,74,40,34,4,NOCHE,623687,0,466,-58.53693916296079,-34.5591280432762
6371,General San Martín,102297,CENTRO EDUCATIVO DE NIVEL SECUNDARIO Nº467,Región 7,0045DM0467,62368800,Educación de Jóvenes y Adultos,Nivel Secundario,CARLOS ECHAGUE - 7636,11-4580-1771,,0045dm0467@gmail.com,Estatal,Oficial,CENTRO EDUCATIVO DE NIVEL SECUNDARIO (C.E.N.S.),CONURBANO,Urbano,1,Oficial,SEDE,Tercera,"Dirección de Educación de Jóvenes, Adultos y Adultos Mayores",604500432,Final 2025,157,61,96,12,VESPERTINO,623688,0,467,-58.57690917101919,-34.52929485751512
6408,Hurlingham,102298,CENTRO EDUCATIVO DE NIVEL SECUNDARIO Nº453,Región 7,0135DM0453,62368900,Educación de Jóvenes y Adultos,Nivel Secundario,VALENCIA - 827,11-4459-7310,,gabdominguez3@abc.gob.ar,Estatal,Oficial,CENTRO EDUCATIVO DE NIVEL SECUNDARIO (C.E.N.S.),CONURBANO,Urbano,0,Oficial,SEDE,Segunda,"Dirección de Educación de Jóvenes, Adultos y Adultos Mayores",613500153,Final 2025,132,74,58,10,NOCHE,623689,0,453,-58.64349575104526,-34.61051696030378
6408,Hurlingham,102299,"CENTRO EDUCATIVO DE NIVEL SECUNDARIO Nº454 ""8 DE SEPTIEMBRE""",Región 7,0135DM0454,62369000,Educación de Jóvenes y Adultos,Nivel Secundario,GÜEMES Y SARGENTO GOMEZ - 1686,11-3354-9219,,0135dm0454@gmail.com,Estatal,Oficial,CENTRO EDUCATIVO DE NIVEL SECUNDARIO (C.E.N.S.),CONURBANO,Urbano,0,Oficial,SEDE,Segunda,"Dirección de Educación de Jóvenes, Adultos y Adultos Mayores",613500169,Final 2025,140,69,71,9,"TARDE,VESPERTINO",623690,0,454,-58.63506081092133,-34.586179163708536
6408,Hurlingham,102300,CENTRO EDUCATIVO DE NIVEL SECUNDARIO Nº455,Región 7,0135DM0455,62369100,Educación de Jóvenes y Adultos,Nivel Secundario,NEOCHEA - 1110,11-5110-4367,,cens455hurlingham@abc.gob.ar,Estatal,Oficial,CENTRO EDUCATIVO DE NIVEL SECUNDARIO (C.E.N.S.),CONURBANO,Urbano,0,Oficial,SEDE,Segunda,"Dirección de Educación de Jóvenes, Adultos y Adultos Mayores",613500176,Final 2025,181,108,73,12,"TARDE,VESPERTINO",623691,0,455,-58.62683681503028,-34.59361366044414
6408,Hurlingham,102301,CENTRO EDUCATIVO DE NIVEL SECUNDARIO Nº456,Región 7,0135DM0456,62369200,Educación de Jóvenes y Adultos,Nivel Secundario,TORELLO Y ESQUINA RIZZO - 3050,11-4662-2420,,cens456hurlingham@abc.gob.ar,Estatal,Oficial,CENTRO EDUCATIVO DE NIVEL SECUNDARIO (C.E.N.S.),CONURBANO,Urbano,0,Oficial,SEDE,Segunda,"Dirección de Educación de Jóvenes, Adultos y Adultos Mayores",613500182,Final 2025,111,52,59,6,NOCHE,623692,0,456,-58.65549786002056,-34.59632567828169
6840,Tres de Febrero,102302,"CENTRO EDUCATIVO DE NIVEL SECUNDARIO Nº452 ""RENÉ FAVALORO""",Región 7,0117DM0452,62369300,Educación de Jóvenes y Adultos,Nivel Secundario,W.TATA - 4930,11-3822-3503,,marinaliuzzi1980@gmail.com,Estatal,Oficial,CENTRO EDUCATIVO DE NIVEL SECUNDARIO (C.E.N.S.),CONURBANO,Urbano,0,Oficial,SEDE,Segunda,"Dirección de Educación de Jóvenes, Adultos y Adultos Mayores",611700208,Final 2025,173,76,97,8,NOCHE,623693,0,452,-58.56620385762255,-34.6012767853522
6840,Tres de Febrero,102303,CENTRO EDUCATIVO DE NIVEL SECUNDARIO Nº453,Región 7,0117DM0453,62369400,Educación de Jóvenes y Adultos,Nivel Secundario,TRES LOMAS - 514,11-4653-5125,,cens453tresdefebrero@abc.gob.ar,Estatal,Oficial,CENTRO EDUCATIVO DE NIVEL SECUNDARIO (C.E.N.S.),CONURBANO,Urbano,1,Oficial,SEDE,Tercera,"Dirección de Educación de Jóvenes, Adultos y Adultos Mayores",611700212,Final 2025,51,21,30,3,NOCHE,623694,0,453,-58.53520661496815,-34.63241628904099
6840,Tres de Febrero,102304,"CENTRO EDUCATIVO DE NIVEL SECUNDARIO Nº454 ""CRUCE DE LOS ANDES""",Región 7,0117DM0454,62369500,Educación de Jóvenes y Adultos,Nivel Secundario,JOSÉ INGENIEROS - 1605,11-4757-0825,,cens454117@gmail.com,Estatal,Oficial,CENTRO EDUCATIVO DE NIVEL SECUNDARIO (C.E.N.S.),CONURBANO,Urbano,1,Oficial,SEDE,Tercera,"Dirección de Educación de Jóvenes, Adultos y Adultos Mayores",611700220,Final 2025,93,35,58,5,NOCHE,623695,0,454,-58.53345488444669,-34.61887372367016
6840,Tres de Febrero,102305,CENTRO EDUCATIVO DE NIVEL SECUNDARIO Nº455,Región 7,0117DM0455,62369600,Educación de Jóvenes y Adultos,Nivel Secundario,PASO Y GARCÍA LORCA - S/N,11-15-6516-0560,,cens455tdf@gmail.com,Estatal,Oficial,CENTRO EDUCATIVO DE NIVEL SECUNDARIO (C.E.N.S.),CONURBANO,Urbano,1,Oficial,SEDE,Tercera,"Dirección de Educación de Jóvenes, Adultos y Adultos Mayores",611700055,Final 2025,65,13,52,3,TARDE,623696,0,455,-58.54211767876736,-34.62339703993941
6840,Tres de Febrero,102306,CENTRO EDUCATIVO DE NIVEL SECUNDARIO Nº456,Región 7,0117DM0456,62369700,Educación de Jóvenes y Adultos,Nivel Secundario,LISANDRO DE LA TORRE - 4417,11-4750-8407,,adrian_abogado@live.com.ar,Estatal,Oficial,CENTRO EDUCATIVO DE NIVEL SECUNDARIO (C.E.N.S.),CONURBANO,Urbano,0,Oficial,SEDE,Segunda,"Dirección de Educación de Jóvenes, Adultos y Adultos Mayores",611700231,Final 2025,228,116,112,11,NOCHE,623697,0,456,-58.55745861439617,-34.60576442463705
6840,Tres de Febrero,102307,CENTRO EDUCATIVO DE NIVEL SECUNDARIO Nº457,Región 7,0117DM0457,62369800,Educación de Jóvenes y Adultos,Nivel Secundario,ALBERTO WILLIAMS (E/AVENIDA LA PLATA Y ALMAFUERTE) - 1350,11-4757-1283,,eemedia11@hotmail.com,Estatal,Oficial,CENTRO EDUCATIVO DE NIVEL SECUNDARIO (C.E.N.S.),CONURBANO,Urbano,0,Oficial,SEDE,Tercera,"Dirección de Educación de Jóvenes, Adultos y Adultos Mayores",611700249,Final 2025,87,42,45,4,NOCHE,623698,0,457,-58.55196488575152,-34.593678219074306
6840,Tres de Febrero,102308,CENTRO EDUCATIVO DE NIVEL SECUNDARIO Nº458,Región 7,0117DM0458,62369900,Educación de Jóvenes y Adultos,Nivel Secundario,PERÚ - 1104,11-4750-8337,,cens4583df@gmail.com,Estatal,Oficial,CENTRO EDUCATIVO DE NIVEL SECUNDARIO (C.E.N.S.),CONURBANO,Urbano,1,Oficial,SEDE,Tercera,"Dirección de Educación de Jóvenes, Adultos y Adultos Mayores",611700254,Final 2025,102,42,60,3,NOCHE,623699,0,458,-58.55538795815985,-34.61858712664692
6525,Marcos Paz,102309,ESCUELA DE EDUCACIÓN SECUNDARIA TÉCNICA Nº2,Región 10,0067MT0002,62370000,Educación Técnico Profesional,Nivel Secundario,REGIMIENTO DE PATRICIOS  PROVINCIAS UNIDAS - 215,220-491-4131,,tecnica2marcospaz@abc.gob.ar,Estatal,Oficial,ESCUELA DE EDUCACIÓN SECUNDARIA TÉCNICA,INTERIOR,Urbano,0,Oficial,SEDE,Segunda,Dirección Provincial de Educación Técnico Profesional,606700342,Final 2025,410,230,180,14,"MAÑANA,TARDE,VESPERTINO",623700,0,2,-58.81159668025315,-34.743243110960265
6410,Ituzaingó,102311,"CENTRO EDUCATIVO DE NIVEL SECUNDARIO Nº452 ""AIMÉ PAINÉ""",Región 8,0136DM0452,62370200,Educación de Jóvenes y Adultos,Nivel Secundario,MARTÍN CASTRO - 2351,11-6704-6457,,cens452ituzaingo@abc.gob.ar,Estatal,Oficial,CENTRO EDUCATIVO DE NIVEL SECUNDARIO (C.E.N.S.),CONURBANO,Urbano,1,Oficial,SEDE,Segunda,"Dirección de Educación de Jóvenes, Adultos y Adultos Mayores","613600501,613600092",Final 2025,158,67,91,9,"MAÑANA,NOCHE,TARDE",623702,0,452,-58.712115470351854,-34.61782003256917
6410,Ituzaingó,102313,CENTRO EDUCATIVO DE NIVEL SECUNDARIO Nº453,Región 8,0136DM0453,62370400,Educación de Jóvenes y Adultos,Nivel Secundario,VIDELA - 1700,11-4624-7841,,hisraelson@abc.gob.ar,Estatal,Oficial,CENTRO EDUCATIVO DE NIVEL SECUNDARIO (C.E.N.S.),CONURBANO,Urbano,0,Oficial,SEDE,Tercera,"Dirección de Educación de Jóvenes, Adultos y Adultos Mayores",613600351,Final 2025,91,51,40,5,VESPERTINO,623704,0,453,-58.68791862410879,-34.65025547132364
6410,Ituzaingó,102314,CENTRO EDUCATIVO DE NIVEL SECUNDARIO Nº454,Región 8,0136DM0454,62370500,Educación de Jóvenes y Adultos,Nivel Secundario,OLAZABAL - 870,11-4624-3914,,ernestorecalde60@gmail.com,Estatal,Oficial,CENTRO EDUCATIVO DE NIVEL SECUNDARIO (C.E.N.S.),CONURBANO,Urbano,0,Oficial,SEDE,Segunda,"Dirección de Educación de Jóvenes, Adultos y Adultos Mayores",613600102,Final 2025,166,109,57,11,VESPERTINO,623705,0,454,-58.668012622167616,-34.657149406015066
6410,Ituzaingó,102315,CENTRO EDUCATIVO DE NIVEL SECUNDARIO Nº455,Región 8,0136DM0455,62370600,Educación de Jóvenes y Adultos,Nivel Secundario,PEREDO - 1003,11-4481-3284,,cens455ituzaingo@hotmail.com,Estatal,Oficial,CENTRO EDUCATIVO DE NIVEL SECUNDARIO (C.E.N.S.),CONURBANO,Urbano,0,Oficial,SEDE,Segunda,"Dirección de Educación de Jóvenes, Adultos y Adultos Mayores",613600118,Final 2025,113,71,42,9,NOCHE,623706,0,455,-58.686382552557454,-34.63637149878616
6539,Merlo,102316,CENTRO EDUCATIVO DE NIVEL SECUNDARIO Nº456,Región 8,0071DM0456,62370700,Educación de Jóvenes y Adultos,Nivel Secundario,MAESTRO GONZALEZ - 7,220-483-8032,,cens456merlo@abc.gob.ar,Estatal,Oficial,CENTRO EDUCATIVO DE NIVEL SECUNDARIO (C.E.N.S.),CONURBANO,Urbano,0,Oficial,SEDE,Segunda,"Dirección de Educación de Jóvenes, Adultos y Adultos Mayores",607100359,Final 2025,136,73,63,6,NOCHE,623707,0,456,-58.723722844919166,-34.67339219883347
6539,Merlo,102317,CENTRO EDUCATIVO DE NIVEL SECUNDARIO Nº457,Región 8,0071DM0457,62370800,Educación de Jóvenes y Adultos,Nivel Secundario,DESEADO - 1525,220-499-8146,,cens457@gmail.com,Estatal,Oficial,CENTRO EDUCATIVO DE NIVEL SECUNDARIO (C.E.N.S.),CONURBANO,Urbano,0,Oficial,SEDE,Segunda,"Dirección de Educación de Jóvenes, Adultos y Adultos Mayores",607100363,Final 2025,139,63,76,7,VESPERTINO,623708,0,457,-58.79563709624838,-34.725683231479394
6539,Merlo,102318,CENTRO EDUCATIVO DE NIVEL SECUNDARIO Nº458,Región 8,0071DM0458,62370900,Educación de Jóvenes y Adultos,Nivel Secundario,SULLIVAN - 1200,220-42-3794,,karinazuarez32@hotmail.com,Estatal,Oficial,CENTRO EDUCATIVO DE NIVEL SECUNDARIO (C.E.N.S.),CONURBANO,Urbano,0,Oficial,SEDE,Segunda,"Dirección de Educación de Jóvenes, Adultos y Adultos Mayores",607100371,Final 2025,85,35,50,3,NOCHE,623709,0,458,-58.71117395089339,-34.653282534130184
6539,Merlo,102319,CENTRO EDUCATIVO DE NIVEL SECUNDARIO Nº459,Región 8,0071DM0459,62371000,Educación de Jóvenes y Adultos,Nivel Secundario,RAWSON - 4541,220-480-3222,,cens459merlo@abc.gob.ar,Estatal,Oficial,CENTRO EDUCATIVO DE NIVEL SECUNDARIO (C.E.N.S.),CONURBANO,Urbano,0,Oficial,SEDE,Segunda,"Dirección de Educación de Jóvenes, Adultos y Adultos Mayores",607100385,Final 2025,80,29,51,6,"MAÑANA,TARDE",623710,0,459,-58.74037450040967,-34.69670752804279
6539,Merlo,102320,CENTRO EDUCATIVO DE NIVEL SECUNDARIO Nº460,Región 8,0071DM0460,62371100,Educación de Jóvenes y Adultos,Nivel Secundario,CORONDA - 2451,220-493-0183,,sandra_nrodriguez@yahoo.com.ar,Estatal,Oficial,CENTRO EDUCATIVO DE NIVEL SECUNDARIO (C.E.N.S.),CONURBANO,Urbano,1,Oficial,SEDE,Tercera,"Dirección de Educación de Jóvenes, Adultos y Adultos Mayores",607100392,Final 2025,62,17,45,3,NOCHE,623711,0,460,-58.72336467216339,-34.71334106537942
6539,Merlo,102321,CENTRO EDUCATIVO DE NIVEL SECUNDARIO Nº461,Región 8,0071DM0461,62371200,Educación de Jóvenes y Adultos,Nivel Secundario,CURUPAYTI - 714,220-489-5293,,cens461merlo@abc.gob.ar,Estatal,Oficial,CENTRO EDUCATIVO DE NIVEL SECUNDARIO (C.E.N.S.),CONURBANO,Urbano,0,Oficial,SEDE,Segunda,"Dirección de Educación de Jóvenes, Adultos y Adultos Mayores",607100407,Final 2025,200,127,73,11,NOCHE,623712,0,461,-58.755747499055175,-34.6686358545193
6539,Merlo,102322,CENTRO EDUCATIVO DE NIVEL SECUNDARIO Nº462,Región 8,0071DM0462,62371300,Educación de Jóvenes y Adultos,Nivel Secundario,VELARDES - 1500,220-497-6608,,hbentui@gmail.com,Estatal,Oficial,CENTRO EDUCATIVO DE NIVEL SECUNDARIO (C.E.N.S.),CONURBANO,Urbano,1,Oficial,SEDE,Segunda,"Dirección de Educación de Jóvenes, Adultos y Adultos Mayores",607100411,Final 2025,140,59,81,7,NOCHE,623713,0,462,-58.669433225310215,-34.69739165628754
6539,Merlo,102323,CENTRO EDUCATIVO DE NIVEL SECUNDARIO Nº464,Región 8,0071DM0464,62371400,Educación de Jóvenes y Adultos,Nivel Secundario,RODRIGUEZ - 5200,220-480-6047,,cens464merlo@abc.gob.ar,Estatal,Oficial,CENTRO EDUCATIVO DE NIVEL SECUNDARIO (C.E.N.S.),CONURBANO,Urbano,0,Oficial,SEDE,Segunda,"Dirección de Educación de Jóvenes, Adultos y Adultos Mayores",607100430,Final 2025,69,26,43,6,NOCHE,623714,0,464,-58.748244430727766,-34.698283072357576
6539,Merlo,102325,CENTRO EDUCATIVO DE NIVEL SECUNDARIO Nº466,Región 8,0071DM0466,62371500,Educación de Jóvenes y Adultos,Nivel Secundario,JUJUY - 745,72-482-5469,,mgiustetti@hotmail.com,Estatal,Oficial,CENTRO EDUCATIVO DE NIVEL SECUNDARIO (C.E.N.S.),CONURBANO,Urbano,0,Oficial,SEDE,Segunda,"Dirección de Educación de Jóvenes, Adultos y Adultos Mayores",607100448,Final 2025,107,57,50,7,NOCHE,623715,0,466,-58.73007501570228,-34.66722602496753
6539,Merlo,102326,CENTRO EDUCATIVO DE NIVEL SECUNDARIO Nº467,Región 8,0071DM0467,62371700,Educación de Jóvenes y Adultos,Nivel Secundario,CALLE REAL - 350,11-3092-5577,,cens467merlo@abc.gob.ar,Estatal,Oficial,CENTRO EDUCATIVO DE NIVEL SECUNDARIO (C.E.N.S.),CONURBANO,Urbano,0,Oficial,SEDE,Segunda,"Dirección de Educación de Jóvenes, Adultos y Adultos Mayores",607101959,Final 2025,126,73,53,12,NOCHE,623717,0,467,-58.71828500496779,-34.675003147067784
6568,Morón,102327,CENTRO EDUCATIVO DE NIVEL SECUNDARIO Nº457,Región 8,0100DM0457,62371800,Educación de Jóvenes y Adultos,Nivel Secundario,BUEN VIAJE - 149,11-6412-5427,,cens457moron@abc.gob.ar,Estatal,Oficial,CENTRO EDUCATIVO DE NIVEL SECUNDARIO (C.E.N.S.),CONURBANO,Urbano,1,Oficial,SEDE,Segunda,"Dirección de Educación de Jóvenes, Adultos y Adultos Mayores",610000276,Final 2025,165,81,84,9,VESPERTINO,623718,0,457,-58.6119519273247,-34.6517496407792
6568,Morón,102328,CENTRO EDUCATIVO DE NIVEL SECUNDARIO Nº458,Región 8,0100DM0458,62371900,Educación de Jóvenes y Adultos,Nivel Secundario,MAISON - 531,11-4629-6909,,laura_perez03@yahoo.com.ar,Estatal,Oficial,CENTRO EDUCATIVO DE NIVEL SECUNDARIO (C.E.N.S.),CONURBANO,Urbano,0,Oficial,SEDE,Segunda,"Dirección de Educación de Jóvenes, Adultos y Adultos Mayores",610000282,Final 2025,146,74,72,11,"TARDE,VESPERTINO",623719,0,458,-58.63646217093527,-34.65416393433161
6568,Morón,102329,CENTRO EDUCATIVO DE NIVEL SECUNDARIO Nº459,Región 8,0100DM0459,62372000,Educación de Jóvenes y Adultos,Nivel Secundario,SANTIAGO DE CHILE - 1450,11-4697-0167,,azurita5@abc.gob.ar,Estatal,Oficial,CENTRO EDUCATIVO DE NIVEL SECUNDARIO (C.E.N.S.),CONURBANO,Urbano,0,Oficial,SEDE,Segunda,"Dirección de Educación de Jóvenes, Adultos y Adultos Mayores",610000295,Final 2025,162,50,112,8,VESPERTINO,623720,0,459,-58.62130360304615,-34.67832425208344
6568,Morón,102330,CENTRO EDUCATIVO DE NIVEL SECUNDARIO Nº460,Región 8,0100DM0460,62372100,Educación de Jóvenes y Adultos,Nivel Secundario,MUNILLA Y SAN NICOLAS - S/N,11-4661-2059,,cens460moron@abc.gob.ar,Estatal,Oficial,CENTRO EDUCATIVO DE NIVEL SECUNDARIO (C.E.N.S.),CONURBANO,Urbano,0,Oficial,SEDE,Segunda,"Dirección de Educación de Jóvenes, Adultos y Adultos Mayores",610000305,Final 2025,119,49,70,9,NOCHE,623721,0,460,-58.64688326959711,-34.64030705731787
6568,Morón,102331,CENTRO EDUCATIVO DE NIVEL SECUNDARIO Nº461,Región 8,0100DM0461,62372200,Educación de Jóvenes y Adultos,Nivel Secundario,BETEBEDER - 3653,11-4692-1776,,vic-pitbull@hotmail.com,Estatal,Oficial,CENTRO EDUCATIVO DE NIVEL SECUNDARIO (C.E.N.S.),CONURBANO,Urbano,0,Oficial,SEDE,Segunda,"Dirección de Educación de Jóvenes, Adultos y Adultos Mayores",610000314,Final 2025,182,89,93,9,VESPERTINO,623722,0,461,-58.65275513162332,-34.6871363646348
6568,Morón,102332,CENTRO EDUCATIVO DE NIVEL SECUNDARIO Nº463,Región 8,0100DM0463,62372300,Educación de Jóvenes y Adultos,Nivel Secundario,SANTIAGO DEL ESTERO - 1648,11-4627-9240,,danielrenearroyo@gmail.com,Estatal,Oficial,CENTRO EDUCATIVO DE NIVEL SECUNDARIO (C.E.N.S.),CONURBANO,Urbano,1,Oficial,SEDE,Tercera,"Dirección de Educación de Jóvenes, Adultos y Adultos Mayores",610000333,Final 2025,57,28,29,3,VESPERTINO,623723,0,463,-58.63272907589267,-34.690160824678614
6568,Morón,102333,CENTRO EDUCATIVO DE NIVEL SECUNDARIO Nº464,Región 8,0100DM0464,62372400,Educación de Jóvenes y Adultos,Nivel Secundario,CASULLO - 125,11-5592-0365,,cens464moron@abc.gob.ar,Estatal,Oficial,CENTRO EDUCATIVO DE NIVEL SECUNDARIO (C.E.N.S.),CONURBANO,Urbano,0,Oficial,SEDE,Segunda,"Dirección de Educación de Jóvenes, Adultos y Adultos Mayores",610000346,Final 2025,127,67,60,6,VESPERTINO,623724,0,464,-58.62440697929229,-34.64937772400277
6412,José C. Paz,102334,CENTRO EDUCATIVO DE NIVEL SECUNDARIO Nº452,Región 9,0132DM0452,62372500,Educación de Jóvenes y Adultos,Nivel Secundario,CENTENARIO Y VARSOVIA - S/N,2320-44-5833,,cens.452.jcp@gmail.com,Estatal,Oficial,CENTRO EDUCATIVO DE NIVEL SECUNDARIO (C.E.N.S.),CONURBANO,Urbano,1,Oficial,SEDE,Segunda,"Dirección de Educación de Jóvenes, Adultos y Adultos Mayores",613200110,Final 2025,134,45,89,6,VESPERTINO,623725,0,452,-58.777898508497415,-34.51181167405201
6412,José C. Paz,102335,CENTRO EDUCATIVO DE NIVEL SECUNDARIO Nº453,Región 9,0132DM0453,62372600,Educación de Jóvenes y Adultos,Nivel Secundario,FRAGATA SARMIENTO Y ORIBE - S/N,2320-44-5672/44-5627,,cens453josecpaz@gmail.com,Estatal,Oficial,CENTRO EDUCATIVO DE NIVEL SECUNDARIO (C.E.N.S.),CONURBANO,Urbano,0,Oficial,SEDE,Segunda,"Dirección de Educación de Jóvenes, Adultos y Adultos Mayores",613200123,Final 2025,110,44,66,7,VESPERTINO,623726,0,453,-58.78455010382383,-34.52910596132065
6412,José C. Paz,102336,CENTRO EDUCATIVO DE NIVEL SECUNDARIO Nº457,Región 9,0132DM0457,62372700,Educación de Jóvenes y Adultos,Nivel Secundario,COLONIA - 4100,2320-44-3624,,cens457.josecpaz@gmail.com,Estatal,Oficial,CENTRO EDUCATIVO DE NIVEL SECUNDARIO (C.E.N.S.),CONURBANO,Urbano,1,Oficial,SEDE,Segunda,"Dirección de Educación de Jóvenes, Adultos y Adultos Mayores",613200168,Final 2025,135,44,91,6,VESPERTINO,623727,0,457,-58.79535406814469,-34.50927334310477
6412,José C. Paz,102337,CENTRO EDUCATIVO DE NIVEL SECUNDARIO Nº458,Región 9,0132DM0458,62372800,Educación de Jóvenes y Adultos,Nivel Secundario,SAN LORENZO - 3982,11-5850-0330,,cens458josecpaz@abc.gob.ar,Estatal,Oficial,CENTRO EDUCATIVO DE NIVEL SECUNDARIO (C.E.N.S.),CONURBANO,Urbano,1,Oficial,SEDE,Tercera,"Dirección de Educación de Jóvenes, Adultos y Adultos Mayores",613201263,Final 2025,108,41,67,5,NOCHE,623728,0,458,-58.73099908298986,-34.519798784621024
6412,José C. Paz,102338,CENTRO EDUCATIVO DE NIVEL SECUNDARIO Nº454,Región 9,0132DM0454,62372900,Educación de Jóvenes y Adultos,Nivel Secundario,LAVALLE - 1296,2320-42-6402,,gustavoarielvallejos@yahoo.com.ar,Estatal,Oficial,CENTRO EDUCATIVO DE NIVEL SECUNDARIO (C.E.N.S.),CONURBANO,Urbano,0,Oficial,SEDE,Segunda,"Dirección de Educación de Jóvenes, Adultos y Adultos Mayores",613200134,Final 2025,160,54,106,7,NOCHE,623729,0,454,-58.74492486033956,-34.519012424590564
6412,José C. Paz,102339,CENTRO EDUCATIVO DE NIVEL SECUDNARIO Nº455,Región 9,0132DM0455,62373000,Educación de Jóvenes y Adultos,Nivel Secundario,CULLEN AYERZA Y CHILE - S/N,-,,cens455josecpaz@abc.gob.ar,Estatal,Oficial,CENTRO EDUCATIVO DE NIVEL SECUNDARIO (C.E.N.S.),CONURBANO,Urbano,0,Oficial,SEDE,Tercera,"Dirección de Educación de Jóvenes, Adultos y Adultos Mayores",613200147,Final 2025,45,7,38,3,TARDE,623730,0,455,-58.75228996775017,-34.54514443738556
6412,José C. Paz,102340,CENTRO EDUCATIVO DE NIVEL SECUNDARIO Nº456,Región 9,0132DM0456,62373100,Educación de Jóvenes y Adultos,Nivel Secundario,MIGUEL CANE Y ROQUE SAENZ PEÑA - 2626,2320-53-2111,,cens456josecpaz@abc.gob.ar,Estatal,Oficial,CENTRO EDUCATIVO DE NIVEL SECUNDARIO (C.E.N.S.),CONURBANO,Urbano,0,Oficial,SEDE,Tercera,"Dirección de Educación de Jóvenes, Adultos y Adultos Mayores",613200152,Final 2025,108,48,60,5,NOCHE,623731,0,456,-58.74124249151572,-34.532937705536334
6515,Malvinas Argentinas,102341,CENTRO EDUCATIVO DE NIVEL SECUNDARIO Nº452,Región 9,0133DM0452,62373200,Educación de Jóvenes y Adultos,Nivel Secundario,GODOY CRUZ - 3300,11-15-5763-6500,,cens452malvinasarg@abc.gob.ar,Estatal,Oficial,CENTRO EDUCATIVO DE NIVEL SECUNDARIO (C.E.N.S.),CONURBANO,Urbano,0,Oficial,SEDE,Segunda,"Dirección de Educación de Jóvenes, Adultos y Adultos Mayores",613300203,Final 2025,125,50,75,6,NOCHE,623732,0,452,-58.68697768940827,-34.499166278650016
6515,Malvinas Argentinas,102342,CENTRO EDUCATIVO DE NIVEL SECUNDARIO Nº453,Región 9,0133DM0453,62373300,Educación de Jóvenes y Adultos,Nivel Secundario,SAN LORENZO - 790,11-35-9904,,centroeducativo453@gmail.com,Estatal,Oficial,CENTRO EDUCATIVO DE NIVEL SECUNDARIO (C.E.N.S.),CONURBANO,Urbano,1,Oficial,SEDE,Segunda,"Dirección de Educación de Jóvenes, Adultos y Adultos Mayores",613300219,Final 2025,138,54,84,7,VESPERTINO,623733,0,453,-58.723602122188886,-34.49509715895814
6515,Malvinas Argentinas,102343,CENTRO EDUCATIVO DE NIVEL SECUNDARIO Nº454,Región 9,0133DM0454,62373400,Educación de Jóvenes y Adultos,Nivel Secundario,NUÑEZ E/ CUBA Y COLOMBIA - S/N,2320-62-0211,,cens454malvinasarg@abc.gob.ar,Estatal,Oficial,CENTRO EDUCATIVO DE NIVEL SECUNDARIO (C.E.N.S.),CONURBANO,Urbano,1,Oficial,SEDE,Segunda,"Dirección de Educación de Jóvenes, Adultos y Adultos Mayores",613300226,Final 2025,104,29,75,6,VESPERTINO,623734,0,454,-58.73517560496494,-34.46673828254187
6515,Malvinas Argentinas,102344,CENTRO EDUCATIVO DE NIVEL SECUNDARIO Nº455,Región 9,0133DM0455,62373500,Educación de Jóvenes y Adultos,Nivel Secundario,CANGALLO - S/N,11-15-3408-2254,,amargasilva2412@gmail.com,Estatal,Oficial,CENTRO EDUCATIVO DE NIVEL SECUNDARIO (C.E.N.S.),CONURBANO,Urbano,0,Oficial,SEDE,Segunda,"Dirección de Educación de Jóvenes, Adultos y Adultos Mayores",613300235,Final 2025,228,107,121,6,VESPERTINO,623735,0,455,-58.70202531756288,-34.48699358902003
6515,Malvinas Argentinas,102345,CENTRO EDUCATIVO DE NIVEL SECUNDARIO Nº456,Región 9,0133DM0456,62373600,Educación de Jóvenes y Adultos,Nivel Secundario,MORSE - 821,11-4463-0859,,cens.n.456@gmail.com,Estatal,Oficial,CENTRO EDUCATIVO DE NIVEL SECUNDARIO (C.E.N.S.),CONURBANO,Urbano,1,Oficial,SEDE,Segunda,"Dirección de Educación de Jóvenes, Adultos y Adultos Mayores",613300242,Final 2025,109,46,63,7,VESPERTINO,623736,0,456,-58.69331004931545,-34.476868565147555
6560,Moreno,102346,CENTRO EDUCATIVO DE NIVEL SECUNDARIO Nº456,Región 9,0073DM0456,62373700,Educación de Jóvenes y Adultos,Nivel Secundario,LUJAN - 12,11-5180-7599,,vivianasignore@hotmail.com.ar,Estatal,Oficial,CENTRO EDUCATIVO DE NIVEL SECUNDARIO (C.E.N.S.),CONURBANO,Urbano,0,Oficial,SEDE,Segunda,"Dirección de Educación de Jóvenes, Adultos y Adultos Mayores",607300275,Final 2025,74,33,41,10,NOCHE,623737,0,456,-58.76441865141199,-34.658129053513186
6560,Moreno,102347,CENTRO EDUCATIVO DE NIVEL SECUNDARIO Nº457,Región 9,0073DM0457,62373800,Educación de Jóvenes y Adultos,Nivel Secundario,GALILEO GALILEI Y O´BRIEN - S/N,237-468-1404,,cens457moreno@gmail.com,Estatal,Oficial,CENTRO EDUCATIVO DE NIVEL SECUNDARIO (C.E.N.S.),CONURBANO,Urbano,1,Oficial,SEDE,Segunda,"Dirección de Educación de Jóvenes, Adultos y Adultos Mayores","607300418,607301978",Final 2025,129,46,83,7,NOCHE,623738,0,457,-58.76077379824528,-34.62103611634571
6560,Moreno,102348,CENTRO EDUCATIVO DE NIVEL SECUNDARIO Nº458,Región 9,0073DM0458,62373900,Educación de Jóvenes y Adultos,Nivel Secundario,SOR JUANA I. DE LA CRUZ Y ALLENDE - S/N,2320-45-0100,,cens458moreno@gmail.com,Estatal,Oficial,CENTRO EDUCATIVO DE NIVEL SECUNDARIO (C.E.N.S.),CONURBANO,Urbano,1,Oficial,SEDE,Segunda,"Dirección de Educación de Jóvenes, Adultos y Adultos Mayores",607300425,Final 2025,137,45,92,6,NOCHE,623739,0,458,-58.81400875118669,-34.54485191843256
6560,Moreno,102349,CENTRO EDUCATIVO DE NIVEL SECUNDARIO Nº459,Región 9,0073DM0459,62374000,Educación de Jóvenes y Adultos,Nivel Secundario,BOLIVIA - 5121,11-5870-1846,,jimenagaveglio@gmail.com,Estatal,Oficial,CENTRO EDUCATIVO DE NIVEL SECUNDARIO (C.E.N.S.),CONURBANO,Urbano,0,Oficial,SEDE,Segunda,"Dirección de Educación de Jóvenes, Adultos y Adultos Mayores",607301305,Final 2025,141,59,82,7,NOCHE,623740,0,459,-58.79274574583882,-34.625310703587054
6560,Moreno,102352,CENTRO EDUCATIVO DE NIVEL SECUNDARIO Nº460,Región 9,0073DM0460,62374300,Educación de Jóvenes y Adultos,Nivel Secundario,SARGENTO MORENO - 6296,237-481-0555,,hernanmpaganini@gmail.com,Estatal,Oficial,CENTRO EDUCATIVO DE NIVEL SECUNDARIO (C.E.N.S.),CONURBANO,Urbano,0,Oficial,SEDE,Segunda,"Dirección de Educación de Jóvenes, Adultos y Adultos Mayores",607300140,Final 2025,161,59,102,8,NOCHE,623743,0,460,-58.75052668828915,-34.60201760166617
6560,Moreno,102353,"CENTRO EDUCATIVO DE NIVEL SECUNDARIO Nº461 ""HÉROES Y HEROÍNAS DE MALVINAS""",Región 9,0073DM0461,62374400,Educación de Jóvenes y Adultos,Nivel Secundario,FONROUGE Y CENTENARIO - S/N,237-466-6146,,cens461moreno@abc.gob.ar,Estatal,Oficial,CENTRO EDUCATIVO DE NIVEL SECUNDARIO (C.E.N.S.),CONURBANO,Urbano,0,Oficial,SEDE,Primera,"Dirección de Educación de Jóvenes, Adultos y Adultos Mayores",607300456,Final 2025,216,105,111,11,VESPERTINO,623744,0,461,-58.79831517371723,-34.669988699522484
6560,Moreno,102354,CENTRO EDUCATIVO DE NIVEL SECUNDARIO Nº462,Región 9,0073DM0462,62374500,Educación de Jóvenes y Adultos,Nivel Secundario,ZEBALLOS - 822,237-462-0273,,fgiussi@hotmail.com,Estatal,Oficial,CENTRO EDUCATIVO DE NIVEL SECUNDARIO (C.E.N.S.),CONURBANO,Urbano,0,Oficial,SEDE,Primera,"Dirección de Educación de Jóvenes, Adultos y Adultos Mayores",607300460,Final 2025,396,175,221,15,NOCHE,623745,0,462,-58.80359182069156,-34.64805179629861
6560,Moreno,102355,CENTRO EDUCATIVO DE NIVEL SECUNDARIO Nº463,Región 9,0073DM0463,62374600,Educación de Jóvenes y Adultos,Nivel Secundario,ACONQUIJA - 5001,237-468-9896,,cens463sec@gmail.com,Estatal,Oficial,CENTRO EDUCATIVO DE NIVEL SECUNDARIO (C.E.N.S.),CONURBANO,Urbano,1,Oficial,SEDE,Tercera,"Dirección de Educación de Jóvenes, Adultos y Adultos Mayores",607300473,Final 2025,124,44,80,3,NOCHE,623746,0,463,-58.8046793486018,-34.60000025717291
6560,Moreno,102356,CENTRO EDUCATIVO DE NIVEL SECUNDARIO Nº464,Región 9,0073DM0464,62374700,Educación de Jóvenes y Adultos,Nivel Secundario,SALVADOR RUEDA - 1872,11-4970-3995,,alej1466@hotmail.com,Estatal,Oficial,CENTRO EDUCATIVO DE NIVEL SECUNDARIO (C.E.N.S.),CONURBANO,Urbano,1,Oficial,SEDE,Tercera,"Dirección de Educación de Jóvenes, Adultos y Adultos Mayores",607300186,Final 2025,119,51,68,3,NOCHE,623747,0,464,-58.84202753666881,-34.6111096964634
6760,San Miguel,102357,CENTRO EDUCATIVO DE NIVEL SECUNDARIO Nº454,Región 9,0131DM0454,62374800,Educación de Jóvenes y Adultos,Nivel Secundario,AV. ALMIRANTE J. R. LOPEZ - 2551,11-4455-1922,,cens454sanmiguel@abc.gob.ar,Estatal,Oficial,CENTRO EDUCATIVO DE NIVEL SECUNDARIO (C.E.N.S.),CONURBANO,Urbano,0,Oficial,SEDE,Segunda,"Dirección de Educación de Jóvenes, Adultos y Adultos Mayores",613100193,Final 2025,170,55,115,6,VESPERTINO,623748,0,454,-58.74849121988944,-34.56001562637141
6760,San Miguel,102358,"CENTRO EDUCATIVO DE NIVEL SECUNDARIO Nº 455 ""PUERTO ARGENTINO""",Región 9,0131DM0455,62374900,Educación de Jóvenes y Adultos,Nivel Secundario,PEDRO RIVERA Y MARCOS PAZ - S/N,2320-46-0452,,cens455sanmiguel@gmail.com,Estatal,Oficial,CENTRO EDUCATIVO DE NIVEL SECUNDARIO (C.E.N.S.),CONURBANO,Urbano,1,Oficial,SEDE,Segunda,"Dirección de Educación de Jóvenes, Adultos y Adultos Mayores",613100206,Final 2025,151,61,90,6,VESPERTINO,623749,0,455,-58.767494836292514,-34.555651866048166
6760,San Miguel,102359,CENTRO EDUCATIVO DE NIVEL SECUNDARIO Nº456,Región 9,0131DM0456,62375000,Educación de Jóvenes y Adultos,Nivel Secundario,ROCA - 1438,11-4412-5073,,cens456sanmiguel@gmail.com,Estatal,Oficial,CENTRO EDUCATIVO DE NIVEL SECUNDARIO (C.E.N.S.),CONURBANO,Urbano,0,Oficial,SEDE,Primera,"Dirección de Educación de Jóvenes, Adultos y Adultos Mayores","613100210,613100711",Final 2025,219,88,131,26,VESPERTINO,623750,0,456,-58.71813140798593,-34.541074806298134
6840,Tres de Febrero,102360,"CENTRO EDUCATIVO DE NIVEL SECUNDARIO Nº451 ""HÉROES Y HEROÍNAS DE MALVINAS""",Región 7,0117DM0451,62375100,Educación de Jóvenes y Adultos,Nivel Secundario,PUERTO ARGENTINO - 2208,11-4769-8195,,cens451tresdefebrero@abc.gob.ar,Estatal,Oficial,CENTRO EDUCATIVO DE NIVEL SECUNDARIO (C.E.N.S.),CONURBANO,Urbano,1,Oficial,SEDE,Segunda,"Dirección de Educación de Jóvenes, Adultos y Adultos Mayores",611700135,Final 2025,203,87,116,6,VESPERTINO,623751,0,451,-58.615626943504445,-34.5729496461353
6497,Luján,102363,CENTRO EDUCATIVO DE NIVEL SECUNDARIO Nº453,Región 10,0063DM0453,62375300,Educación de Jóvenes y Adultos,Nivel Secundario,SANTA FE - 824,2323-44-9498,,cens0453lujan@gmail.com,Estatal,Oficial,CENTRO EDUCATIVO DE NIVEL SECUNDARIO (C.E.N.S.),INTERIOR,Rural Agrupado,1,Oficial,SEDE,Segunda,"Dirección de Educación de Jóvenes, Adultos y Adultos Mayores",606300113,Final 2025,105,45,60,7,VESPERTINO,623753,0,453,-59.25476760291223,-34.62571606851348
6525,Marcos Paz,102364,CENTRO EDUCATIVO DE NIVEL SECUNDARIO Nº452,Región 10,0067DM0452,62375400,Educación de Jóvenes y Adultos,Nivel Secundario,BERLGRANO - 2181,11-5923-0135,,cens452marcospaz@abc.gob.ar,Estatal,Oficial,CENTRO EDUCATIVO DE NIVEL SECUNDARIO (C.E.N.S.),INTERIOR,Urbano,0,Oficial,SEDE,Segunda,"Dirección de Educación de Jóvenes, Adultos y Adultos Mayores",606700390,Final 2025,421,240,181,10,"NOCHE,TARDE",623754,0,452,-58.839026997230285,-34.784603456123726
6574,Navarro,102366,CENTRO EDUCATIVO DE NIVEL SECUNDARIO Nº451,Región 10,0074DM0451,62375600,Educación de Jóvenes y Adultos,Nivel Secundario,109 - 49,-,,cens451navarro@abc.gob.ar,Estatal,Oficial,CENTRO EDUCATIVO DE NIVEL SECUNDARIO (C.E.N.S.),INTERIOR,Urbano,0,Oficial,SEDE,Tercera,"Dirección de Educación de Jóvenes, Adultos y Adultos Mayores",607400035,Final 2025,78,33,45,3,VESPERTINO,623756,0,451,-59.27722337660214,-35.008385051224934
6329,General Las Heras,102367,CENTRO EDUCATIVO DE NIVEL SECUNDARIO Nº451,Región 10,0057DM0451,62375700,Educación de Jóvenes y Adultos,Nivel Secundario,PROFESOR BRUCH Y AVENIDA ALFONSIN - 1741,11-3779-8440,,cens451lasheras@abc.gob.ar,Estatal,Oficial,CENTRO EDUCATIVO DE NIVEL SECUNDARIO (C.E.N.S.),INTERIOR,Urbano,0,Oficial,SEDE,Tercera,"Dirección de Educación de Jóvenes, Adultos y Adultos Mayores",605700038,Final 2025,59,29,30,3,NOCHE,623757,0,451,-58.95036364198071,-34.93276665789717
6784,Suipacha,102368,CENTRO EDUCATIVO DE NIVEL SECUNDARIO Nº451,Región 10,0101DM0451,62375800,Educación de Jóvenes y Adultos,Nivel Secundario,JUJUY - 412,2324-53-1299,,cens451suipacha@abc.gob.ar,Estatal,Oficial,CENTRO EDUCATIVO DE NIVEL SECUNDARIO (C.E.N.S.),INTERIOR,Urbano,0,Oficial,SEDE,Tercera,"Dirección de Educación de Jóvenes, Adultos y Adultos Mayores",610100057,Final 2025,49,18,31,3,NOCHE,623758,0,451,-59.68148277900417,-34.77182947736803
6126,Campana,102369,"CENTRO EDUCATIVO DE NIVEL SECUNDARIO Nº453 ""AGUSTÍN RIZZO""",Región 11,0015DM0453,62375900,Educación de Jóvenes y Adultos,Nivel Secundario,GRANADEROS - 938,3489-56-7689,,cens453campana@gmail.com,Estatal,Oficial,CENTRO EDUCATIVO DE NIVEL SECUNDARIO (C.E.N.S.),INTERIOR,Urbano,0,Oficial,SEDE,Tercera,"Dirección de Educación de Jóvenes, Adultos y Adultos Mayores",601500034,Final 2025,52,21,31,3,VESPERTINO,623759,0,453,-58.96453310460639,-34.18682394563065
6126,Campana,102370,CENTRO EDUCATIVO DE NIVEL SECUNDARIO Nº454,Región 11,0015DM0454,62376000,Educación de Jóvenes y Adultos,Nivel Secundario,NARDO - 425,3489-43-6942,,cens454campana@abc.gob.ar,Estatal,Oficial,CENTRO EDUCATIVO DE NIVEL SECUNDARIO (C.E.N.S.),INTERIOR,Urbano,2,Oficial,SEDE,Tercera,"Dirección de Educación de Jóvenes, Adultos y Adultos Mayores",601500184,Final 2025,46,15,31,3,VESPERTINO,623760,0,454,-58.905932062718485,-34.23059757989035
6252,Escobar,102371,CENTRO EDUCATIVO DE NIVEL SECUNDARIO Nº452,Región 11,0116DM0452,62376100,Educación de Jóvenes y Adultos,Nivel Secundario,M. T. DE ALVEAR - 71,348-446-0882,,cens452escobar@abc.gob.ar,Estatal,Oficial,CENTRO EDUCATIVO DE NIVEL SECUNDARIO (C.E.N.S.),INTERIOR,Urbano,1,Oficial,SEDE,Segunda,"Dirección de Educación de Jóvenes, Adultos y Adultos Mayores",611600175,Final 2025,285,123,162,7,VESPERTINO,623761,0,452,-58.82651293288706,-34.385583139629325
6638,Pilar,102373,"CENTRO EDUCATIVO DE NIVEL SECUNDARIO Nº 452 ""RENÉ FAVALORO""",Región 11,0083DM0452,62376300,Educación de Jóvenes y Adultos,Nivel Secundario,HIPÓLITO YRIGOYEN - 775,230-449-5105,,cens452pilar@abc.gob.ar,Estatal,Oficial,CENTRO EDUCATIVO DE NIVEL SECUNDARIO (C.E.N.S.),INTERIOR,Urbano,1,Oficial,SEDE,Segunda,"Dirección de Educación de Jóvenes, Adultos y Adultos Mayores",608300094,Final 2025,215,95,120,9,VESPERTINO,623763,0,452,-58.83802482012871,-34.48707388639145
6638,Pilar,102374,"CENTRO EDUCATIVO DE NIVEL SECUNDARIO Nº453 ""DOMINGO FAUSTINO SARMIENTO""",Región 11,0083DM0453,62376400,Educación de Jóvenes y Adultos,Nivel Secundario,PENNA - 950,2320-47-7937,,cens453delviso@gmail.com,Estatal,Oficial,CENTRO EDUCATIVO DE NIVEL SECUNDARIO (C.E.N.S.),INTERIOR,Urbano,1,Oficial,SEDE,Segunda,"Dirección de Educación de Jóvenes, Adultos y Adultos Mayores",608300104,Final 2025,207,96,111,9,VESPERTINO,623764,0,453,-58.7968729102512,-34.44610196976221
6638,Pilar,102375,CENTRO EDUCATIVO DE NIVEL SECUNDARIO Nº454,Región 11,0083DM0454,62376500,Educación de Jóvenes y Adultos,Nivel Secundario,JUAN DOMINGO PERÓN E/ ESTEBAN AGUSTÍN GASCÓN Y JOSÉ MARÍA SERRANO - S/N,230-0449-4145,,cens454pilar@abc.gob.ar,Estatal,Oficial,CENTRO EDUCATIVO DE NIVEL SECUNDARIO (C.E.N.S.),INTERIOR,Urbano,1,Oficial,SEDE,Segunda,"Dirección de Educación de Jóvenes, Adultos y Adultos Mayores",608300820,Final 2025,142,30,112,6,VESPERTINO,623765,0,454,-58.86698431160063,-34.42463733369653
6861,Vicente López,102448,CENTRO EDUCATIVO NIVEL SECUNDARIO Nº451,Región 6,0109DM0451,62383900,Educación de Jóvenes y Adultos,Nivel Secundario,BALCARCE E/ GRAL. LAS HERAS Y GRAL. LAVALLE - 650,11-4709-2429,,cens451vl@gmail.com,Estatal,Oficial,CENTRO EDUCATIVO DE NIVEL SECUNDARIO (C.E.N.S.),CONURBANO,Urbano,0,Oficial,SEDE,Primera,"Dirección de Educación de Jóvenes, Adultos y Adultos Mayores",610900056,Final 2025,909,491,418,19,VESPERTINO,623839,0,451,-58.51868149040824,-34.5506266141715
6410,Ituzaingó,102460,CENTRO EDUCATIVO DE NIVEL SECUNDARIO N°451,Región 8,0136DM0451,62385200,Educación de Jóvenes y Adultos,Nivel Secundario,RIVERA - 3300,-,,cens451ituzaingo@abc.gob.ar,Estatal,Oficial,CENTRO EDUCATIVO DE NIVEL SECUNDARIO (C.E.N.S.),CONURBANO,Urbano,0,Oficial,SEDE,Tercera,"Dirección de Educación de Jóvenes, Adultos y Adultos Mayores",613600063,Final 2025,53,16,37,3,VESPERTINO,623852,0,451,-58.70503897366014,-34.6425509512889
6126,Campana,102501,CENTRO EDUCATIVO DE NIVEL SECUNDARIO N°455,Región 11,0015DM0455,62388800,Educación de Jóvenes y Adultos,Nivel Secundario,"RUTA 6 KM 6,5 - S/N",3489-15-3-7972,,ececampana@gmail.com,Estatal,Oficial,CENTRO EDUCATIVO DE NIVEL SECUNDARIO (C.E.N.S.),INTERIOR,Rural Disperso,2,Oficial,SEDE,Segunda,"Dirección de Educación de Jóvenes, Adultos y Adultos Mayores",601500109,Final 2025,327,327,0,11,TARDE,623888,0,455,-58.95960398768548,-34.24129833356999
6532,Mercedes,102567,CENTRO EDUCATIVO DE NIVEL SECUNDARIO N°453,Región 10,0070DM0453,62395900,Educación de Jóvenes y Adultos,Nivel Secundario,16 - 1155,2324-42-0832,,cens453mercedes@gmail.com,Estatal,Oficial,CENTRO EDUCATIVO DE NIVEL SECUNDARIO (C.E.N.S.),INTERIOR,Urbano,0,Oficial,SEDE,Segunda,"Dirección de Educación de Jóvenes, Adultos y Adultos Mayores",607000480,Final 2025,162,60,102,6,VESPERTINO,623959,0,453,-59.44297670411182,-34.65227675027796
6252,Escobar,102572,COLEGIO SECUNDARIO PREUNIVERSITARIO DR. RAMÓN CEREIJO - UBA ESCOBAR,Región 11,3116MS8566,62396000,Educación Común,Nivel Secundario,CERVANTES - 635,-,,secretariauba@colegioubaescobar.gob.ar,Estatal,Municipal,ESCUELA DE EDUCACIÓN SECUNDARIA,INTERIOR,Urbano,0,"Subvención Total 100%         ",SEDE,Segunda,Dirección de Educación de Gestión Privada,611600856,Final 2025,728,381,347,24,ALTERNADO,623960,0,8566,-58.77994867522229,-34.34222966753007
6638,Pilar,102585,CENTRO EDUCATIVO DE NIVEL SECUNDARIO N°455,Región 11,0083DM0455,62397400,Educación de Jóvenes y Adultos,Nivel Secundario,BELLIERA E/ ALEMANIA Y RUTA N°26 - S/N,-,,cens455pilar@abc.gob.ar,Estatal,Oficial,CENTRO EDUCATIVO DE NIVEL SECUNDARIO (C.E.N.S.),INTERIOR,Urbano,0,Oficial,SEDE,Segunda,"Dirección de Educación de Jóvenes, Adultos y Adultos Mayores",608302120,Final 2025,201,78,123,5,VESPERTINO,623974,0,455,-58.77492600814645,-34.413628174196106
6638,Pilar,102586,CENTRO EDUCATIVO DE NIVEL SECUNDARIO N°456,Región 11,0083DM0456,62397500,Educación de Jóvenes y Adultos,Nivel Secundario,CURUPAYTI ESQUINA SANTA EULALIA - 327,-,,cens456pilar@abc.gob.ar,Estatal,Oficial,CENTRO EDUCATIVO DE NIVEL SECUNDARIO (C.E.N.S.),INTERIOR,Urbano,0,Oficial,SEDE,Segunda,"Dirección de Educación de Jóvenes, Adultos y Adultos Mayores",608300136,Final 2025,180,63,117,6,VESPERTINO,623975,0,456,-58.78431995359581,-34.4534027845296
6638,Pilar,102587,"CENTRO EDUCATIVO DE NIVEL SECUNDARIO N°457 ""PRESIDENTE RAÚL RICARDO ALFONSÍN""",Región 11,0083DM0457,62397600,Educación de Jóvenes y Adultos,Nivel Secundario,GOROSTIAGA E/ AVENIDA ATALAYA Y JOSÉ MARÍA MORENO - 510,230-449-0448,,cens457pilar@abc.gob.ar,Estatal,Oficial,CENTRO EDUCATIVO DE NIVEL SECUNDARIO (C.E.N.S.),INTERIOR,Urbano,1,Oficial,SEDE,Tercera,"Dirección de Educación de Jóvenes, Adultos y Adultos Mayores",608300143,Final 2025,48,16,32,3,VESPERTINO,623976,0,457,-58.99286522804305,-34.43321488888037
6638,Pilar,102588,CENTRO EDUCATIVO DE NIVEL SECUNDARIO N°458,Región 11,0083DM0458,62397700,Educación de Jóvenes y Adultos,Nivel Secundario,SILVIO GONZALEZ - 894,-,,cens458pilar@abc.gob.ar,Estatal,Oficial,CENTRO EDUCATIVO DE NIVEL SECUNDARIO (C.E.N.S.),INTERIOR,Urbano,1,Oficial,SEDE,Tercera,"Dirección de Educación de Jóvenes, Adultos y Adultos Mayores",608300158,Final 2025,42,17,25,3,VESPERTINO,623977,0,458,-58.86972809591597,-34.37291737027528
6126,Campana,102593,"CENTRO EDUCATIVO DE NIVEL SECUNDARIO N°456 ""NELSON MANDELA""",Región 11,0015DM0456,62398200,Educación de Jóvenes y Adultos,Nivel Secundario,"RUTA 6 KM 6,5 - S/N",-,,cens456campana@gmail.com,Estatal,Oficial,CENTRO EDUCATIVO DE NIVEL SECUNDARIO (C.E.N.S.),INTERIOR,Rural Disperso,2,Oficial,SEDE,Segunda,"Dirección de Educación de Jóvenes, Adultos y Adultos Mayores",601500109,Final 2025,210,210,0,12,VESPERTINO,623982,0,456,-58.96076473520873,-34.23951099188911
6252,Escobar,102631,"CENTRO EDUCATIVO DE NIVEL SECUNDARIO N°451 ""IGNACIA DE MELO""",Región 11,0116DM0451,62402200,Educación de Jóvenes y Adultos,Nivel Secundario,CARLOS PELLEGRINI - 351,3484-50-3357,,cens451escobar@gmail.com,Estatal,Oficial,CENTRO EDUCATIVO DE NIVEL SECUNDARIO (C.E.N.S.),INTERIOR,Urbano,0,Oficial,SEDE,Segunda,"Dirección de Educación de Jóvenes, Adultos y Adultos Mayores",611600096,Final 2025,253,107,146,6,VESPERTINO,624022,0,451,-58.79655461214466,-34.354096229495426
6560,Moreno,102671,CENTRO EDUCATIVO DE NIVEL SECUNDARIO N°465,Región 9,0073DM0465,62405600,Educación de Jóvenes y Adultos,Nivel Secundario,RUTA 24 - 6502,-,,,Estatal,Oficial,CENTRO EDUCATIVO DE NIVEL SECUNDARIO (C.E.N.S.),CONURBANO,Urbano,1,Oficial,SEDE,Tercera,"Dirección de Educación de Jóvenes, Adultos y Adultos Mayores",607300487,Final 2025,65,23,42,3,VESPERTINO,624056,0,465,-58.83752386762246,-34.5599682902224
6371,General San Martín,102672,CENTRO EDUCATIVO DE NIVEL SECUNDARIO N°468,Región 7,0045DM0468,62405700,Educación de Jóvenes y Adultos,Nivel Secundario,CASEROS E/ MATHEU Y PUEYRREDÓN - S/N,11-2115-3210,,censsanmartin468@gmail.com,Estatal,Oficial,CENTRO EDUCATIVO DE NIVEL SECUNDARIO (C.E.N.S.),CONURBANO,Urbano,0,Oficial,SEDE,Tercera,"Dirección de Educación de Jóvenes, Adultos y Adultos Mayores",604500167,Final 2025,45,30,15,3,VESPERTINO,624057,0,468,-58.54188407659736,-34.577316307737306
6252,Escobar,102766,CENTRO EDUCATIVO DE NIVEL SECUNDARIO N°455,Región 11,0116DM0455,62412600,Educación de Jóvenes y Adultos,Nivel Secundario,RICARDO ROJAS - 1761,11-3257-6210,,cens455escobar@abc.gob.ar,Estatal,Oficial,CENTRO EDUCATIVO DE NIVEL SECUNDARIO (C.E.N.S.),INTERIOR,Urbano,1,Oficial,SEDE,Tercera,"Dirección de Educación de Jóvenes, Adultos y Adultos Mayores",611600201,Final 2025,62,25,37,3,VESPERTINO,624126,0,455,-58.85055439708685,-34.32224905933134
6252,Escobar,102767,CENTRO EDUCATIVO DE NIVEL SECUNDARIO N°453,Región 11,0116DM0453,62412700,Educación de Jóvenes y Adultos,Nivel Secundario,PUEYRREDÓN - 3853,-,,cens453escobar@abc.gib.ar,Estatal,Oficial,CENTRO EDUCATIVO DE NIVEL SECUNDARIO (C.E.N.S.),INTERIOR,Urbano,1,Oficial,SEDE,Segunda,"Dirección de Educación de Jóvenes, Adultos y Adultos Mayores",611600181,Final 2025,178,69,109,6,VESPERTINO,624127,0,453,-58.749235292459765,-34.42103421999817
6252,Escobar,102768,CENTRO EDUCATIVO DE NIVEL SECUNDARIO N°456,Región 11,0116DM0456,62412800,Educación de Jóvenes y Adultos,Nivel Secundario,JOSÉ HERNÁNDEZ - 940,-,,cens456escobar@abc.gob.ar,Estatal,Oficial,CENTRO EDUCATIVO DE NIVEL SECUNDARIO (C.E.N.S.),INTERIOR,Urbano,1,Oficial,SEDE,Segunda,"Dirección de Educación de Jóvenes, Adultos y Adultos Mayores",611600049,Final 2025,91,31,60,6,VESPERTINO,624128,0,456,-58.78295140207521,-34.33373410222923
6252,Escobar,102769,CENTRO EDUCATIVO DE NIVEL SECUNDARIO N°454,Región 11,0116DM0454,62412900,Educación de Jóvenes y Adultos,Nivel Secundario,LA PLATA - 1240,-,,cens454escobar@abc.gob.ar,Estatal,Oficial,CENTRO EDUCATIVO DE NIVEL SECUNDARIO (C.E.N.S.),INTERIOR,Urbano,0,Oficial,SEDE,Segunda,"Dirección de Educación de Jóvenes, Adultos y Adultos Mayores",611600199,Final 2025,164,71,93,6,VESPERTINO,624129,0,454,-58.73820456180213,-34.388152484622665
6412,José C. Paz,102803,ESCUELA DE EDUCACIÓN SECUNDARIA TÉCNICA Nº4,Región 9,0132MT0004,62416400,Educación Técnico Profesional,Nivel Secundario,USTARROZ E/ BULNES Y ALVARADO - 5014,11-5833-0223,,tecnica4josecpaz@abc.gob.ar,Estatal,Oficial,ESCUELA DE EDUCACIÓN SECUNDARIA TÉCNICA,CONURBANO,Urbano,0,Oficial,SEDE,Segunda,Dirección Provincial de Educación Técnico Profesional,613201292,Final 2025,306,219,87,10,"MAÑANA,TARDE",624164,0,4,-58.76790032800332,-34.53870325412302
6560,Moreno,102846,ESCUELA SECUNDARIA POLITÉCNICA DE LA UNIVERSIDAD DE MORENO,Región 9,2073MS9000,62419900,Educación Común,Nivel Secundario,JUSTO DARACT - 1848,237-460-9350,,esp.unm@esp.unm.edu.ar,Estatal,Nacional,ESCUELA DE EDUCACIÓN SECUNDARIA,CONURBANO,Urbano,0,Oficial,SEDE,S/Datos,Ministerio de Educación de la Nación,607302903,Final 2025,153,57,96,5,"MAÑANA,TARDE",624199,0,9000,-58.77560495127936,-34.649613924319404
6560,Moreno,102846,ESCUELA SECUNDARIA POLITÉCNICA DE LA UNIVERSIDAD DE MORENO,Región 9,2073MS9000,62419900,Educación Técnico Profesional,Nivel Secundario,JUSTO DARACT - 1848,237-460-9350,,esp.unm@esp.unm.edu.ar,Estatal,Nacional,ESCUELA DE EDUCACIÓN SECUNDARIA,CONURBANO,Urbano,0,Oficial,SEDE,S/Datos,Ministerio de Educación de la Nación,607302903,Final 2025,156,87,69,5,"MAÑANA,TARDE",624199,0,9000,-58.77560495127936,-34.649613924319404
6805,Tigre,102848,ESCUELA DE EDUCACIÓN SECUNDARIA Nº29 “XUL SOLAR”,Región 6,0055MS0029,62420100,Educación Común,Nivel Secundario,ARROYO ESPERA - 168,11-4728-0762,,secundaria29tigre@abc.gob.ar,Estatal,Oficial,ESCUELA DE EDUCACIÓN SECUNDARIA,CONURBANO,Rural Disperso,2,Oficial,SEDE,Tercera,Dirección Provincial de Educación Secundaria,605500619,Final 2025,100,52,48,6,MAÑANA,624201,0,29,-58.59292599889649,-34.36931175711589
6560,Moreno,102900,ESCUELA DE EDUCACIÓN SECUNDARIA N°85,Región 9,0073MS0085,62425000,Educación Común,Nivel Secundario,MIGUEL LILLO Y OYUELA - S/N,11-3109-6033,,domartinez1@abc.gob.ar,Estatal,Oficial,ESCUELA DE EDUCACIÓN SECUNDARIA,CONURBANO,Urbano,1,Oficial,SEDE,Primera,Dirección Provincial de Educación Secundaria,607302817,Final 2025,808,425,383,23,"MAÑANA,TARDE",624250,0,85,-58.80136602606567,-34.56250769339297
6408,Hurlingham,103063,ESCUELA PREUNIVERSITARIA DE FORMACIÓN PROFESIONAL DE LA UNIVERSIDAD NACIONAL DE HURLINGHAM,Región 7,2135MT0001,62439800,Educación Técnico Profesional,Nivel Secundario,ORIGONE - 151,11-2066-1958#872,,escuelapreuniversitariaunahur@unahur.edu.ar,Estatal,Nacional,ESCUELA DE EDUCACIÓN SECUNDARIA TÉCNICA,CONURBANO,Urbano,0,Oficial,SEDE,S/Datos,Ministerio de Educación de la Nación,613501201,Final 2025,47,29,18,3,TARDE,624398,0,1,-58.63746044417231,-34.6183615172273
6840,Tres de Febrero,103122,ESCUELA DE EDUCACIÓN SECUNDARIA N°14 - ANEXO I,Región 7,0117MS3141,61836801,Educación Común,Nivel Secundario,LISANDRO DE LA TORRE - 3749,11-4750-4917,,estdf14@gmail.com,Estatal,Oficial,ESCUELA DE EDUCACIÓN SECUNDARIA,CONURBANO,Urbano,0,Oficial,ANEXO,Segunda,Dirección Provincial de Educación Secundaria,611700334,Final 2025,107,65,42,6,"MAÑANA,TARDE",618368,1,3141,-58.55838445176983,-34.61865442325203
6638,Pilar,103305,ESCUELA DE EDUCACIÓN SECUNDARIA N°40,Región 11,0083MS0040,62461000,Educación Común,Nivel Secundario,DUSCHESNOIS Y ARROYO GRANDE - S/N,2320-658463,,secundaria29pilar@abc.gob.ar,Estatal,Oficial,ESCUELA DE EDUCACIÓN SECUNDARIA,INTERIOR,Urbano,1,Oficial,SEDE,Segunda,Dirección Provincial de Educación Secundaria,608302226,Final 2025,427,218,209,12,"MAÑANA,TARDE",624610,0,40,-58.77585897515228,-34.45143665925524
6539,Merlo,103415,CENTRO EDUCATIVO DE NIVEL SECUNDARIO N°468,Región 8,0071DM0468,62472100,Educación de Jóvenes y Adultos,Nivel Secundario,TRIUNVIRATO E/SAYOS Y MELO - S/N,-,,,Estatal,Oficial,CENTRO EDUCATIVO DE NIVEL SECUNDARIO (C.E.N.S.),CONURBANO,Urbano,2,Oficial,SEDE,Segunda,"Dirección de Educación de Jóvenes, Adultos y Adultos Mayores",607102923,Final 2025,240,217,23,12,"MAÑANA,TARDE",624721,0,468,-58.66619049679817,-34.72587400217627
6539,Merlo,103416,CENTRO EDUCATIVO DE NIVEL SECUNDARIO N°469,Región 8,0071DM0469,62472200,Educación de Jóvenes y Adultos,Nivel Secundario,TRIUNVIRATO E/SAYOS Y MELO - S/N,-,,,Estatal,Oficial,CENTRO EDUCATIVO DE NIVEL SECUNDARIO (C.E.N.S.),CONURBANO,Urbano,2,Oficial,SEDE,Segunda,"Dirección de Educación de Jóvenes, Adultos y Adultos Mayores",607102934,Final 2025,121,112,9,6,"MAÑANA,TARDE",624722,0,469,-58.66866184200456,-34.728992890482914
6638,Pilar,103455,ESCUELA DE EDUCACIÓN SECUNDARIA Nº 41,Región 11,0083MS0041,62476400,Educación Común,Nivel Secundario,H. G. MARTÍN Y BAHÍA REDONDA - S/N,-,,,Estatal,Oficial,ESCUELA DE EDUCACIÓN SECUNDARIA,INTERIOR,Urbano,1,Oficial,SEDE,Segunda,Dirección Provincial de Educación Secundaria,608302337,Final 2025,195,84,111,5,"MAÑANA,TARDE",624764,0,41,-58.83554990055254,-34.511606144182075
6371,General San Martín,103462,ESCUELA DE EDUCACIÓN SECUNDARIA Nº 58,Región 7,0045MS0058,62477200,Educación Común,Nivel Secundario,LAS CALAS - 6912,-,,,Estatal,Oficial,ESCUELA DE EDUCACIÓN SECUNDARIA,CONURBANO,Urbano,0,Oficial,SEDE,Segunda,Dirección Provincial de Educación Secundaria,604502275,Final 2025,156,73,83,6,"MAÑANA,TARDE",624772,0,58,-58.59213120345844,-34.55231473619864
6638,Pilar,103473,ESCUELA DE EDUCACIÓN SECUNDARIA TÉCNICA N°4,Región 11,0083MT0004,62478300,Educación Técnico Profesional,Nivel Secundario,ALMIRANTE GUILLERMO BROWN E/ PAULI Y S. J. FRANK - 3606,-,,,Estatal,Oficial,ESCUELA DE EDUCACIÓN SECUNDARIA TÉCNICA,INTERIOR,Urbano,1,Oficial,SEDE,Tercera,Dirección Provincial de Educación Técnico Profesional,608302344,Final 2025,120,76,44,4,"MAÑANA,TARDE",624783,0,4,-58.88568071911322,-34.39789047074493
6515,Malvinas Argentinas,103485,ESCUELA DE EDUCACIÓN SECUNDARIA Nº 2 - ANEXO I,Región 9,0133MS3021,60578602,Educación Común,Nivel Secundario,PASCO E/SEGUÍ Y YATASTO - S/N,2620-6200211,,mgtestoni@yahoo.com.ar,Estatal,Oficial,ESCUELA DE EDUCACIÓN SECUNDARIA,CONURBANO,Urbano,2,Oficial,ANEXO,Primera,Dirección Provincial de Educación Secundaria,613300870,Final 2025,58,58,0,5,"MAÑANA,TARDE",605786,2,3021,-58.71601335521291,-34.49126020525608
6560,Moreno,103545,ESCUELA DE EDUCACIÓN SECUNDARIA Nº 18,Región 9,0073MS0018,62484800,Educación Común,Nivel Secundario,MIGUEL LILLO E/SAN IGNACIO DE LOYOLA Y HUMAHUACA - S/N,-,,,Estatal,Oficial,ESCUELA DE EDUCACIÓN SECUNDARIA,CONURBANO,Urbano,1,Oficial,SEDE,Tercera,Dirección Provincial de Educación Secundaria,607301852,Final 2025,125,56,69,6,MAÑANA,624848,0,18,-58.80188628064086,-34.56281641937939
6412,José C. Paz,103596,ESCUELA DE EDUCACIÓN SECUNDARIA TÉCNICA N° 5,Región 9,0132MT0005,62489700,Educación Técnico Profesional,Nivel Secundario,CALLE PROVISORIA 5250 Y CRUCERO LA ARGENTINA - S/N,-,,,Estatal,Oficial,ESCUELA DE EDUCACIÓN SECUNDARIA TÉCNICA,CONURBANO,Urbano,1,Oficial,SEDE,Tercera,Dirección Provincial de Educación Técnico Profesional,613201339,Nueva,0,0,0,0,,624897,0,5,-58.81267941763176,-34.501685357753374
6756,San Isidro,103604,ESCUELA DE EDUCACIÓN SECUNDARIA TÉCNICA N° 5,Región 6,0096MT0005,62490600,Educación Técnico Profesional,Nivel Secundario,EZPELETA - 1360,-,,,Estatal,Oficial,ESCUELA DE EDUCACIÓN SECUNDARIA TÉCNICA,CONURBANO,Urbano,0,Oficial,SEDE,Tercera,Dirección Provincial de Educación Técnico Profesional,609600517,Nueva,0,0,0,0,,624906,0,5,-58.52130774139808,-34.49025751985725
