{"type": "FeatureCollection", "features": [{"type": "Feature", "properties": {"cca": "074", "cde": "06560", "fna": "Partido de Moreno", "gna": "Partido", "nam": "Moreno", "sag": "ARBA", "ara3": 186.05, "arl": 186.13}, "geometry": {"type": "Polygon", "coordinates": [[[-58.78, -34.56], [-58.77, -34.56], [-58.76, -34.57], [-58.76, -34.57], [-58.76, -34.57], [-58.75, -34.58], [-58.73, -34.59], [-58.74, -34.59], [-58.74, -34.59], [-58.73, -34.59], [-58.73, -34.59], [-58.73, -34.59], [-58.73, -34.59], [-58.73, -34.59], [-58.73, -34.59], [-58.73, -34.6], [-58.73, -34.6], [-58.73, -34.6], [-58.73, -34.6], [-58.73, -34.6], [-58.73, -34.6], [-58.73, -34.6], [-58.73, -34.6], [-58.73, -34.6], [-58.73, -34.6], [-58.73, -34.6], [-58.73, -34.6], [-58.73, -34.6], [-58.73, -34.6], [-58.73, -34.6], [-58.73, -34.6], [-58.73, -34.6], [-58.73, -34.6], [-58.73, -34.6], [-58.73, -34.6], [-58.73, -34.6], [-58.73, -34.6], [-58.73, -34.6], [-58.73, -34.6], [-58.73, -34.6], [-58.73, -34.6], [-58.73, -34.6], [-58.73, -34.6], [-58.73, -34.6], [-58.73, -34.6], [-58.73, -34.6], [-58.72, -34.6], [-58.72, -34.6], [-58.72, -34.6], [-58.72, -34.6], [-58.72, -34.6], [-58.72, -34.6], [-58.72, -34.6], [-58.72, -34.6], [-58.72, -34.6], [-58.72, -34.6], [-58.72, -34.6], [-58.72, -34.6], [-58.72, -34.6], [-58.72, -34.6], [-58.72, -34.6], [-58.72, -34.6], [-58.72, -34.6], [-58.72, -34.6], [-58.72, -34.6], [-58.72, -34.6], [-58.72, -34.6], [-58.72, -34.6], [-58.72, -34.6], [-58.72, -34.6], [-58.72, -34.6], [-58.72, -34.6], [-58.72, -34.6], [-58.72, -34.6], [-58.72, -34.6], [-58.72, -34.6], [-58.72, -34.6], [-58.72, -34.6], [-58.72, -34.6], [-58.72, -34.6], [-58.72, -34.6], [-58.72, -34.6], [-58.72, -34.6], [-58.72, -34.6], [-58.72, -34.6], [-58.72, -34.6], [-58.72, -34.6], [-58.72, -34.6], [-58.72, -34.6], [-58.72, -34.6], [-58.72, -34.6], [-58.72, -34.6], [-58.72, -34.6], [-58.72, -34.6], [-58.72, -34.6], [-58.72, -34.6], [-58.72, -34.6], [-58.72, -34.6], [-58.72, -34.6], [-58.72, -34.6], [-58.72, -34.6], [-58.72, -34.6], [-58.72, -34.6], [-58.72, -34.6], [-58.72, -34.6], [-58.72, -34.6], [-58.72, -34.6], [-58.72, -34.6], [-58.72, -34.6], [-58.72, -34.6], [-58.72, -34.6], [-58.72, -34.6], [-58.72, -34.6], [-58.72, -34.6], [-58.72, -34.6], [-58.72, -34.6], [-58.72, -34.6], [-58.72, -34.6], [-58.72, -34.6], [-58.72, -34.6], [-58.72, -34.6], [-58.72, -34.6], [-58.72, -34.6], [-58.72, -34.6], [-58.72, -34.6], [-58.72, -34.6], [-58.72, -34.6], [-58.72, -34.6], [-58.72, -34.6], [-58.72, -34.6], [-58.72, -34.6], [-58.72, -34.6], [-58.72, -34.6], [-58.71, -34.61], [-58.71, -34.61], [-58.71, -34.61], [-58.71, -34.61], [-58.72, -34.61], [-58.72, -34.61], [-58.72, -34.61], [-58.72, -34.61], [-58.72, -34.61], [-58.72, -34.61], [-58.72, -34.61], [-58.72, -34.61], [-58.72, -34.61], [-58.72, -34.61], [-58.72, -34.61], [-58.72, -34.61], [-58.72, -34.61], [-58.72, -34.61], [-58.72, -34.61], [-58.72, -34.61], [-58.72, -34.61], [-58.72, -34.61], [-58.72, -34.61], [-58.72, -34.61], [-58.72, -34.61], [-58.72, -34.61], [-58.72, -34.61], [-58.72, -34.61], [-58.72, -34.61], [-58.72, -34.61], [-58.72, -34.61], [-58.72, -34.61], [-58.72, -34.61], [-58.72, -34.61], [-58.72, -34.62], [-58.72, -34.62], [-58.72, -34.62], [-58.72, -34.62], [-58.72, -34.62], [-58.72, -34.62], [-58.72, -34.62], [-58.72, -34.62], [-58.72, -34.62], [-58.72, -34.62], [-58.72, -34.62], [-58.72, -34.62], [-58.72, -34.62], [-58.72, -34.62], [-58.72, -34.62], [-58.72, -34.62], [-58.72, -34.62], [-58.72, -34.62], [-58.72, -34.62], [-58.72, -34.62], [-58.72, -34.62], [-58.72, -34.62], [-58.72, -34.62], [-58.72, -34.62], [-58.72, -34.62], [-58.72, -34.62], [-58.72, -34.62], [-58.72, -34.62], [-58.72, -34.62], [-58.72, -34.63], [-58.72, -34.63], [-58.72, -34.63], [-58.72, -34.63], [-58.72, -34.63], [-58.72, -34.63], [-58.72, -34.63], [-58.72, -34.63], [-58.72, -34.63], [-58.72, -34.63], [-58.72, -34.63], [-58.72, -34.63], [-58.72, -34.63], [-58.73, -34.63], [-58.73, -34.63], [-58.73, -34.63], [-58.73, -34.63], [-58.73, -34.63], [-58.73, -34.63], [-58.73, -34.63], [-58.73, -34.63], [-58.73, -34.63], [-58.73, -34.63], [-58.73, -34.63], [-58.73, -34.63], [-58.73, -34.63], [-58.73, -34.64], [-58.73, -34.64], [-58.73, -34.64], [-58.73, -34.64], [-58.73, -34.64], [-58.73, -34.64], [-58.73, -34.64], [-58.73, -34.64], [-58.73, -34.64], [-58.73, -34.64], [-58.73, -34.64], [-58.73, -34.64], [-58.73, -34.64], [-58.73, -34.64], [-58.73, -34.64], [-58.73, -34.64], [-58.73, -34.64], [-58.73, -34.64], [-58.73, -34.64], [-58.73, -34.64], [-58.73, -34.64], [-58.73, -34.64], [-58.73, -34.64], [-58.73, -34.64], [-58.73, -34.64], [-58.73, -34.64], [-58.73, -34.64], [-58.74, -34.64], [-58.74, -34.64], [-58.74, -34.64], [-58.74, -34.64], [-58.74, -34.65], [-58.74, -34.65], [-58.74, -34.65], [-58.74, -34.65], [-58.74, -34.65], [-58.74, -34.65], [-58.74, -34.65], [-58.74, -34.65], [-58.74, -34.65], [-58.74, -34.65], [-58.74, -34.65], [-58.74, -34.65], [-58.74, -34.65], [-58.74, -34.65], [-58.74, -34.65], [-58.74, -34.65], [-58.75, -34.65], [-58.75, -34.65], [-58.75, -34.65], [-58.75, -34.65], [-58.75, -34.65], [-58.75, -34.65], [-58.75, -34.65], [-58.75, -34.65], [-58.75, -34.65], [-58.75, -34.65], [-58.75, -34.65], [-58.75, -34.65], [-58.75, -34.65], [-58.75, -34.65], [-58.75, -34.65], [-58.75, -34.65], [-58.75, -34.65], [-58.75, -34.66], [-58.75, -34.66], [-58.75, -34.66], [-58.75, -34.66], [-58.75, -34.66], [-58.75, -34.66], [-58.75, -34.66], [-58.75, -34.66], [-58.75, -34.66], [-58.75, -34.66], [-58.75, -34.66], [-58.75, -34.66], [-58.75, -34.66], [-58.76, -34.66], [-58.76, -34.66], [-58.76, -34.66], [-58.76, -34.66], [-58.76, -34.66], [-58.76, -34.66], [-58.76, -34.66], [-58.76, -34.66], [-58.76, -34.66], [-58.76, -34.66], [-58.76, -34.66], [-58.76, -34.66], [-58.76, -34.66], [-58.76, -34.66], [-58.76, -34.66], [-58.76, -34.66], [-58.76, -34.66], [-58.76, -34.66], [-58.76, -34.66], [-58.76, -34.66], [-58.76, -34.66], [-58.76, -34.66], [-58.76, -34.66], [-58.76, -34.66], [-58.76, -34.66], [-58.77, -34.66], [-58.77, -34.66], [-58.77, -34.66], [-58.77, -34.66], [-58.77, -34.66], [-58.77, -34.66], [-58.77, -34.66], [-58.77, -34.66], [-58.77, -34.66], [-58.77, -34.66], [-58.77, -34.66], [-58.77, -34.66], [-58.77, -34.66], [-58.77, -34.66], [-58.77, -34.66], [-58.77, -34.66], [-58.77, -34.66], [-58.77, -34.66], [-58.77, -34.66], [-58.77, -34.66], [-58.77, -34.66], [-58.77, -34.66], [-58.77, -34.66], [-58.77, -34.66], [-58.77, -34.66], [-58.77, -34.66], [-58.77, -34.66], [-58.77, -34.66], [-58.77, -34.66], [-58.77, -34.66], [-58.78, -34.66], [-58.78, -34.66], [-58.78, -34.66], [-58.78, -34.66], [-58.78, -34.67], [-58.78, -34.67], [-58.78, -34.67], [-58.78, -34.67], [-58.78, -34.67], [-58.78, -34.67], [-58.78, -34.67], [-58.78, -34.67], [-58.78, -34.67], [-58.78, -34.67], [-58.78, -34.67], [-58.78, -34.67], [-58.78, -34.67], [-58.78, -34.67], [-58.78, -34.67], [-58.78, -34.67], [-58.78, -34.67], [-58.78, -34.67], [-58.78, -34.67], [-58.78, -34.67], [-58.78, -34.67], [-58.78, -34.67], [-58.78, -34.67], [-58.78, -34.67], [-58.78, -34.67], [-58.78, -34.67], [-58.78, -34.67], [-58.78, -34.67], [-58.78, -34.67], [-58.78, -34.67], [-58.78, -34.67], [-58.78, -34.67], [-58.78, -34.67], [-58.78, -34.67], [-58.78, -34.67], [-58.78, -34.67], [-58.78, -34.67], [-58.78, -34.67], [-58.78, -34.67], [-58.78, -34.67], [-58.78, -34.67], [-58.78, -34.67], [-58.78, -34.67], [-58.78, -34.67], [-58.78, -34.67], [-58.78, -34.67], [-58.78, -34.67], [-58.78, -34.67], [-58.78, -34.67], [-58.78, -34.67], [-58.78, -34.67], [-58.78, -34.67], [-58.78, -34.67], [-58.78, -34.67], [-58.78, -34.67], [-58.78, -34.67], [-58.78, -34.67], [-58.78, -34.67], [-58.78, -34.67], [-58.78, -34.67], [-58.78, -34.67], [-58.78, -34.67], [-58.78, -34.67], [-58.78, -34.67], [-58.78, -34.67], [-58.78, -34.67], [-58.78, -34.67], [-58.78, -34.67], [-58.78, -34.67], [-58.78, -34.67], [-58.78, -34.67], [-58.78, -34.67], [-58.78, -34.67], [-58.78, -34.67], [-58.78, -34.67], [-58.78, -34.67], [-58.78, -34.67], [-58.78, -34.67], [-58.78, -34.67], [-58.78, -34.67], [-58.78, -34.67], [-58.78, -34.67], [-58.78, -34.67], [-58.78, -34.67], [-58.78, -34.67], [-58.78, -34.67], [-58.78, -34.67], [-58.78, -34.67], [-58.78, -34.67], [-58.78, -34.67], [-58.78, -34.67], [-58.78, -34.67], [-58.78, -34.67], [-58.78, -34.67], [-58.78, -34.67], [-58.78, -34.67], [-58.78, -34.67], [-58.78, -34.67], [-58.78, -34.67], [-58.78, -34.67], [-58.78, -34.67], [-58.79, -34.67], [-58.79, -34.67], [-58.79, -34.67], [-58.79, -34.67], [-58.79, -34.67], [-58.79, -34.67], [-58.79, -34.67], [-58.79, -34.67], [-58.79, -34.67], [-58.79, -34.67], [-58.79, -34.67], [-58.79, -34.67], [-58.79, -34.67], [-58.79, -34.67], [-58.79, -34.67], [-58.79, -34.67], [-58.79, -34.67], [-58.79, -34.67], [-58.79, -34.67], [-58.79, -34.67], [-58.79, -34.67], [-58.79, -34.67], [-58.79, -34.67], [-58.79, -34.67], [-58.79, -34.67], [-58.79, -34.67], [-58.79, -34.67], [-58.79, -34.67], [-58.79, -34.67], [-58.79, -34.67], [-58.79, -34.67], [-58.79, -34.67], [-58.79, -34.67], [-58.79, -34.67], [-58.79, -34.67], [-58.79, -34.67], [-58.79, -34.67], [-58.79, -34.67], [-58.79, -34.67], [-58.79, -34.67], [-58.79, -34.67], [-58.79, -34.67], [-58.79, -34.67], [-58.79, -34.67], [-58.79, -34.67], [-58.79, -34.67], [-58.79, -34.67], [-58.79, -34.67], [-58.79, -34.67], [-58.79, -34.67], [-58.79, -34.67], [-58.79, -34.67], [-58.79, -34.67], [-58.79, -34.67], [-58.79, -34.67], [-58.79, -34.67], [-58.79, -34.67], [-58.79, -34.67], [-58.79, -34.67], [-58.79, -34.67], [-58.79, -34.67], [-58.79, -34.67], [-58.79, -34.67], [-58.79, -34.67], [-58.79, -34.67], [-58.79, -34.67], [-58.79, -34.67], [-58.79, -34.67], [-58.79, -34.67], [-58.79, -34.67], [-58.79, -34.67], [-58.79, -34.67], [-58.79, -34.67], [-58.79, -34.67], [-58.79, -34.67], [-58.79, -34.67], [-58.79, -34.67], [-58.79, -34.67], [-58.79, -34.67], [-58.79, -34.67], [-58.79, -34.67], [-58.79, -34.67], [-58.79, -34.67], [-58.79, -34.67], [-58.79, -34.67], [-58.79, -34.67], [-58.79, -34.67], [-58.79, -34.67], [-58.79, -34.67], [-58.79, -34.67], [-58.79, -34.67], [-58.79, -34.67], [-58.79, -34.67], [-58.79, -34.67], [-58.79, -34.67], [-58.79, -34.67], [-58.79, -34.67], [-58.79, -34.67], [-58.79, -34.67], [-58.79, -34.67], [-58.79, -34.67], [-58.79, -34.67], [-58.79, -34.67], [-58.79, -34.67], [-58.79, -34.67], [-58.79, -34.67], [-58.79, -34.67], [-58.79, -34.67], [-58.79, -34.67], [-58.79, -34.67], [-58.79, -34.67], [-58.79, -34.67], [-58.79, -34.67], [-58.79, -34.67], [-58.79, -34.67], [-58.79, -34.67], [-58.79, -34.67], [-58.79, -34.67], [-58.79, -34.67], [-58.79, -34.67], [-58.79, -34.67], [-58.79, -34.67], [-58.79, -34.67], [-58.79, -34.67], [-58.79, -34.67], [-58.79, -34.67], [-58.79, -34.67], [-58.79, -34.67], [-58.79, -34.67], [-58.79, -34.67], [-58.79, -34.67], [-58.79, -34.67], [-58.79, -34.67], [-58.79, -34.67], [-58.79, -34.67], [-58.79, -34.67], [-58.79, -34.67], [-58.79, -34.67], [-58.79, -34.67], [-58.79, -34.67], [-58.79, -34.67], [-58.79, -34.67], [-58.79, -34.67], [-58.79, -34.67], [-58.79, -34.67], [-58.79, -34.67], [-58.79, -34.67], [-58.79, -34.67], [-58.79, -34.67], [-58.79, -34.67], [-58.79, -34.67], [-58.79, -34.67], [-58.79, -34.67], [-58.79, -34.67], [-58.79, -34.67], [-58.79, -34.67], [-58.79, -34.67], [-58.79, -34.67], [-58.79, -34.67], [-58.79, -34.67], [-58.79, -34.67], [-58.79, -34.67], [-58.79, -34.67], [-58.79, -34.67], [-58.79, -34.67], [-58.79, -34.67], [-58.79, -34.67], [-58.79, -34.67], [-58.79, -34.67], [-58.79, -34.67], [-58.79, -34.67], [-58.79, -34.67], [-58.79, -34.67], [-58.79, -34.67], [-58.79, -34.67], [-58.79, -34.67], [-58.79, -34.67], [-58.79, -34.67], [-58.79, -34.67], [-58.79, -34.67], [-58.79, -34.67], [-58.79, -34.67], [-58.79, -34.67], [-58.79, -34.67], [-58.79, -34.67], [-58.79, -34.67], [-58.79, -34.67], [-58.79, -34.67], [-58.79, -34.67], [-58.79, -34.67], [-58.79, -34.67], [-58.79, -34.67], [-58.79, -34.67], [-58.79, -34.67], [-58.79, -34.67], [-58.79, -34.67], [-58.79, -34.67], [-58.79, -34.67], [-58.79, -34.67], [-58.79, -34.67], [-58.79, -34.67], [-58.79, -34.67], [-58.79, -34.67], [-58.79, -34.67], [-58.79, -34.67], [-58.79, -34.67], [-58.79, -34.67], [-58.79, -34.67], [-58.79, -34.67], [-58.79, -34.67], [-58.79, -34.67], [-58.79, -34.67], [-58.79, -34.67], [-58.79, -34.67], [-58.79, -34.67], [-58.79, -34.67], [-58.79, -34.67], [-58.79, -34.67], [-58.79, -34.67], [-58.79, -34.67], [-58.79, -34.67], [-58.79, -34.67], [-58.79, -34.67], [-58.79, -34.67], [-58.79, -34.67], [-58.79, -34.67], [-58.79, -34.67], [-58.79, -34.67], [-58.79, -34.67], [-58.79, -34.67], [-58.79, -34.67], [-58.79, -34.67], [-58.79, -34.67], [-58.79, -34.67], [-58.79, -34.67], [-58.79, -34.67], [-58.79, -34.67], [-58.79, -34.67], [-58.79, -34.67], [-58.79, -34.67], [-58.79, -34.67], [-58.79, -34.67], [-58.79, -34.67], [-58.79, -34.67], [-58.79, -34.67], [-58.79, -34.67], [-58.79, -34.67], [-58.79, -34.67], [-58.79, -34.67], [-58.79, -34.67], [-58.79, -34.67], [-58.79, -34.67], [-58.79, -34.67], [-58.79, -34.67], [-58.79, -34.67], [-58.79, -34.67], [-58.79, -34.67], [-58.79, -34.67], [-58.79, -34.67], [-58.79, -34.67], [-58.79, -34.67], [-58.79, -34.67], [-58.79, -34.67], [-58.79, -34.67], [-58.79, -34.67], [-58.79, -34.67], [-58.79, -34.67], [-58.79, -34.67], [-58.79, -34.67], [-58.79, -34.67], [-58.79, -34.67], [-58.79, -34.67], [-58.79, -34.67], [-58.79, -34.67], [-58.79, -34.67], [-58.79, -34.67], [-58.79, -34.67], [-58.79, -34.67], [-58.79, -34.67], [-58.79, -34.67], [-58.79, -34.67], [-58.79, -34.67], [-58.79, -34.67], [-58.79, -34.67], [-58.79, -34.67], [-58.79, -34.67], [-58.79, -34.67], [-58.79, -34.67], [-58.79, -34.67], [-58.79, -34.67], [-58.79, -34.67], [-58.79, -34.67], [-58.79, -34.67], [-58.79, -34.67], [-58.79, -34.67], [-58.79, -34.67], [-58.79, -34.67], [-58.79, -34.67], [-58.79, -34.67], [-58.79, -34.67], [-58.79, -34.67], [-58.79, -34.67], [-58.79, -34.67], [-58.79, -34.67], [-58.79, -34.67], [-58.79, -34.67], [-58.79, -34.67], [-58.79, -34.67], [-58.79, -34.67], [-58.79, -34.67], [-58.79, -34.67], [-58.79, -34.67], [-58.79, -34.67], [-58.79, -34.67], [-58.79, -34.67], [-58.79, -34.67], [-58.79, -34.67], [-58.79, -34.67], [-58.79, -34.67], [-58.79, -34.67], [-58.79, -34.67], [-58.79, -34.67], [-58.79, -34.67], [-58.79, -34.67], [-58.79, -34.67], [-58.79, -34.67], [-58.79, -34.67], [-58.79, -34.67], [-58.79, -34.67], [-58.79, -34.67], [-58.79, -34.67], [-58.79, -34.67], [-58.79, -34.67], [-58.79, -34.67], [-58.79, -34.67], [-58.79, -34.67], [-58.79, -34.67], [-58.79, -34.67], [-58.79, -34.67], [-58.79, -34.67], [-58.79, -34.67], [-58.79, -34.67], [-58.79, -34.67], [-58.79, -34.67], [-58.79, -34.67], [-58.79, -34.67], [-58.79, -34.67], [-58.79, -34.67], [-58.79, -34.67], [-58.79, -34.67], [-58.79, -34.67], [-58.79, -34.67], [-58.79, -34.67], [-58.79, -34.67], [-58.79, -34.67], [-58.79, -34.67], [-58.79, -34.67], [-58.79, -34.67], [-58.8, -34.67], [-58.8, -34.67], [-58.8, -34.67], [-58.8, -34.67], [-58.8, -34.67], [-58.8, -34.67], [-58.8, -34.67], [-58.8, -34.67], [-58.8, -34.67], [-58.8, -34.67], [-58.8, -34.67], [-58.8, -34.67], [-58.8, -34.67], [-58.8, -34.67], [-58.8, -34.67], [-58.8, -34.67], [-58.8, -34.67], [-58.8, -34.67], [-58.8, -34.67], [-58.8, -34.67], [-58.8, -34.67], [-58.8, -34.67], [-58.8, -34.67], [-58.8, -34.67], [-58.8, -34.67], [-58.8, -34.67], [-58.8, -34.67], [-58.8, -34.67], [-58.8, -34.67], [-58.8, -34.67], [-58.8, -34.67], [-58.8, -34.67], [-58.8, -34.67], [-58.8, -34.67], [-58.8, -34.67], [-58.8, -34.67], [-58.8, -34.67], [-58.8, -34.67], [-58.8, -34.67], [-58.8, -34.67], [-58.8, -34.67], [-58.8, -34.67], [-58.8, -34.67], [-58.8, -34.67], [-58.8, -34.67], [-58.8, -34.67], [-58.8, -34.67], [-58.8, -34.67], [-58.8, -34.67], [-58.8, -34.67], [-58.8, -34.67], [-58.8, -34.67], [-58.8, -34.67], [-58.8, -34.67], [-58.8, -34.67], [-58.8, -34.67], [-58.8, -34.67], [-58.8, -34.67], [-58.8, -34.67], [-58.8, -34.67], [-58.8, -34.67], [-58.8, -34.67], [-58.8, -34.67], [-58.8, -34.67], [-58.8, -34.67], [-58.8, -34.67], [-58.8, -34.67], [-58.8, -34.67], [-58.8, -34.67], [-58.8, -34.67], [-58.8, -34.67], [-58.8, -34.67], [-58.8, -34.67], [-58.8, -34.67], [-58.8, -34.67], [-58.8, -34.67], [-58.8, -34.67], [-58.8, -34.67], [-58.8, -34.67], [-58.8, -34.67], [-58.8, -34.67], [-58.8, -34.67], [-58.8, -34.67], [-58.8, -34.67], [-58.8, -34.67], [-58.8, -34.67], [-58.8, -34.67], [-58.8, -34.67], [-58.8, -34.67], [-58.8, -34.67], [-58.8, -34.67], [-58.8, -34.67], [-58.8, -34.67], [-58.8, -34.67], [-58.8, -34.67], [-58.8, -34.67], [-58.8, -34.67], [-58.8, -34.67], [-58.8, -34.67], [-58.8, -34.67], [-58.8, -34.67], [-58.8, -34.67], [-58.8, -34.67], [-58.8, -34.67], [-58.8, -34.67], [-58.8, -34.67], [-58.8, -34.67], [-58.8, -34.67], [-58.8, -34.67], [-58.8, -34.67], [-58.8, -34.67], [-58.8, -34.67], [-58.8, -34.67], [-58.8, -34.67], [-58.8, -34.67], [-58.8, -34.67], [-58.8, -34.67], [-58.8, -34.67], [-58.8, -34.67], [-58.8, -34.67], [-58.8, -34.67], [-58.8, -34.67], [-58.8, -34.67], [-58.8, -34.67], [-58.8, -34.67], [-58.8, -34.67], [-58.8, -34.67], [-58.8, -34.67], [-58.8, -34.67], [-58.8, -34.67], [-58.8, -34.67], [-58.8, -34.67], [-58.8, -34.67], [-58.8, -34.67], [-58.8, -34.67], [-58.8, -34.67], [-58.8, -34.67], [-58.8, -34.67], [-58.8, -34.67], [-58.8, -34.67], [-58.8, -34.67], [-58.8, -34.67], [-58.8, -34.67], [-58.8, -34.67], [-58.8, -34.67], [-58.8, -34.67], [-58.8, -34.67], [-58.8, -34.67], [-58.8, -34.67], [-58.8, -34.67], [-58.8, -34.67], [-58.8, -34.67], [-58.8, -34.67], [-58.8, -34.67], [-58.8, -34.67], [-58.8, -34.67], [-58.8, -34.67], [-58.8, -34.67], [-58.8, -34.67], [-58.8, -34.67], [-58.8, -34.67], [-58.8, -34.67], [-58.8, -34.67], [-58.8, -34.67], [-58.8, -34.67], [-58.8, -34.67], [-58.8, -34.67], [-58.8, -34.67], [-58.8, -34.67], [-58.8, -34.67], [-58.8, -34.67], [-58.8, -34.67], [-58.8, -34.67], [-58.8, -34.67], [-58.8, -34.67], [-58.8, -34.67], [-58.8, -34.67], [-58.8, -34.67], [-58.8, -34.67], [-58.8, -34.67], [-58.8, -34.67], [-58.8, -34.67], [-58.8, -34.67], [-58.8, -34.67], [-58.8, -34.67], [-58.8, -34.67], [-58.8, -34.67], [-58.8, -34.67], [-58.8, -34.67], [-58.8, -34.67], [-58.8, -34.67], [-58.8, -34.67], [-58.8, -34.67], [-58.8, -34.67], [-58.8, -34.67], [-58.8, -34.67], [-58.8, -34.67], [-58.8, -34.67], [-58.8, -34.67], [-58.8, -34.67], [-58.8, -34.67], [-58.8, -34.67], [-58.8, -34.67], [-58.8, -34.67], [-58.8, -34.67], [-58.8, -34.67], [-58.8, -34.67], [-58.8, -34.67], [-58.8, -34.67], [-58.8, -34.67], [-58.8, -34.67], [-58.8, -34.67], [-58.8, -34.67], [-58.8, -34.67], [-58.8, -34.67], [-58.8, -34.67], [-58.8, -34.67], [-58.8, -34.67], [-58.8, -34.67], [-58.8, -34.67], [-58.8, -34.67], [-58.8, -34.67], [-58.8, -34.67], [-58.8, -34.67], [-58.8, -34.67], [-58.8, -34.67], [-58.8, -34.67], [-58.8, -34.67], [-58.8, -34.67], [-58.8, -34.67], [-58.8, -34.67], [-58.8, -34.67], [-58.8, -34.67], [-58.8, -34.67], [-58.8, -34.67], [-58.8, -34.67], [-58.8, -34.67], [-58.8, -34.67], [-58.8, -34.67], [-58.8, -34.67], [-58.8, -34.67], [-58.8, -34.67], [-58.8, -34.67], [-58.8, -34.67], [-58.8, -34.67], [-58.8, -34.67], [-58.8, -34.67], [-58.8, -34.67], [-58.8, -34.67], [-58.8, -34.67], [-58.8, -34.67], [-58.8, -34.67], [-58.8, -34.67], [-58.8, -34.67], [-58.8, -34.67], [-58.8, -34.67], [-58.8, -34.67], [-58.8, -34.67], [-58.8, -34.67], [-58.8, -34.67], [-58.8, -34.67], [-58.8, -34.67], [-58.8, -34.67], [-58.8, -34.67], [-58.8, -34.67], [-58.8, -34.68], [-58.8, -34.68], [-58.8, -34.68], [-58.8, -34.68], [-58.8, -34.68], [-58.8, -34.68], [-58.8, -34.68], [-58.8, -34.68], [-58.8, -34.68], [-58.8, -34.68], [-58.8, -34.68], [-58.8, -34.68], [-58.8, -34.68], [-58.8, -34.68], [-58.8, -34.68], [-58.8, -34.68], [-58.8, -34.68], [-58.8, -34.68], [-58.8, -34.68], [-58.8, -34.68], [-58.8, -34.68], [-58.8, -34.68], [-58.8, -34.68], [-58.8, -34.68], [-58.8, -34.68], [-58.8, -34.68], [-58.8, -34.68], [-58.8, -34.68], [-58.8, -34.68], [-58.8, -34.68], [-58.8, -34.68], [-58.8, -34.68], [-58.8, -34.68], [-58.8, -34.68], [-58.8, -34.68], [-58.8, -34.68], [-58.8, -34.68], [-58.8, -34.68], [-58.8, -34.68], [-58.8, -34.68], [-58.8, -34.68], [-58.8, -34.68], [-58.8, -34.68], [-58.8, -34.68], [-58.8, -34.68], [-58.8, -34.68], [-58.8, -34.68], [-58.8, -34.68], [-58.8, -34.68], [-58.8, -34.68], [-58.8, -34.68], [-58.8, -34.68], [-58.8, -34.68], [-58.8, -34.68], [-58.8, -34.68], [-58.8, -34.68], [-58.8, -34.68], [-58.8, -34.68], [-58.8, -34.68], [-58.8, -34.68], [-58.8, -34.68], [-58.8, -34.68], [-58.8, -34.68], [-58.8, -34.68], [-58.8, -34.68], [-58.8, -34.68], [-58.8, -34.68], [-58.8, -34.68], [-58.8, -34.68], [-58.8, -34.68], [-58.8, -34.68], [-58.8, -34.68], [-58.8, -34.68], [-58.8, -34.68], [-58.8, -34.68], [-58.8, -34.68], [-58.8, -34.68], [-58.8, -34.68], [-58.8, -34.68], [-58.8, -34.68], [-58.8, -34.68], [-58.8, -34.68], [-58.8, -34.68], [-58.8, -34.68], [-58.8, -34.68], [-58.8, -34.68], [-58.8, -34.68], [-58.8, -34.68], [-58.8, -34.68], [-58.8, -34.68], [-58.8, -34.68], [-58.8, -34.68], [-58.8, -34.68], [-58.8, -34.68], [-58.8, -34.68], [-58.8, -34.68], [-58.8, -34.68], [-58.8, -34.68], [-58.8, -34.68], [-58.8, -34.68], [-58.8, -34.68], [-58.8, -34.68], [-58.8, -34.68], [-58.8, -34.68], [-58.8, -34.68], [-58.8, -34.68], [-58.8, -34.68], [-58.8, -34.68], [-58.8, -34.68], [-58.8, -34.68], [-58.8, -34.68], [-58.8, -34.68], [-58.8, -34.68], [-58.8, -34.68], [-58.8, -34.68], [-58.8, -34.68], [-58.8, -34.68], [-58.8, -34.68], [-58.8, -34.68], [-58.8, -34.68], [-58.8, -34.68], [-58.8, -34.68], [-58.8, -34.68], [-58.8, -34.68], [-58.8, -34.68], [-58.8, -34.68], [-58.8, -34.68], [-58.8, -34.68], [-58.8, -34.68], [-58.8, -34.68], [-58.8, -34.68], [-58.8, -34.68], [-58.8, -34.68], [-58.8, -34.68], [-58.8, -34.68], [-58.8, -34.68], [-58.8, -34.68], [-58.8, -34.68], [-58.8, -34.68], [-58.8, -34.68], [-58.8, -34.68], [-58.8, -34.68], [-58.8, -34.68], [-58.8, -34.68], [-58.8, -34.68], [-58.8, -34.68], [-58.8, -34.68], [-58.8, -34.68], [-58.8, -34.68], [-58.8, -34.68], [-58.8, -34.68], [-58.8, -34.68], [-58.8, -34.68], [-58.8, -34.68], [-58.8, -34.68], [-58.8, -34.68], [-58.8, -34.68], [-58.8, -34.68], [-58.8, -34.68], [-58.8, -34.68], [-58.8, -34.68], [-58.8, -34.68], [-58.81, -34.68], [-58.81, -34.68], [-58.81, -34.68], [-58.81, -34.68], [-58.81, -34.68], [-58.81, -34.68], [-58.81, -34.68], [-58.81, -34.68], [-58.81, -34.68], [-58.81, -34.68], [-58.81, -34.68], [-58.81, -34.68], [-58.81, -34.68], [-58.81, -34.68], [-58.81, -34.68], [-58.81, -34.68], [-58.81, -34.68], [-58.81, -34.68], [-58.81, -34.68], [-58.81, -34.68], [-58.81, -34.68], [-58.81, -34.68], [-58.81, -34.68], [-58.81, -34.68], [-58.81, -34.68], [-58.81, -34.68], [-58.81, -34.68], [-58.81, -34.68], [-58.81, -34.68], [-58.81, -34.68], [-58.81, -34.68], [-58.81, -34.68], [-58.81, -34.68], [-58.81, -34.68], [-58.81, -34.68], [-58.81, -34.68], [-58.81, -34.68], [-58.81, -34.68], [-58.81, -34.68], [-58.81, -34.68], [-58.81, -34.68], [-58.81, -34.68], [-58.81, -34.68], [-58.81, -34.68], [-58.81, -34.68], [-58.81, -34.68], [-58.81, -34.68], [-58.81, -34.68], [-58.81, -34.68], [-58.81, -34.68], [-58.81, -34.68], [-58.81, -34.68], [-58.81, -34.68], [-58.81, -34.68], [-58.81, -34.68], [-58.81, -34.68], [-58.81, -34.68], [-58.81, -34.68], [-58.81, -34.68], [-58.81, -34.68], [-58.81, -34.68], [-58.81, -34.68], [-58.81, -34.68], [-58.81, -34.68], [-58.81, -34.68], [-58.81, -34.68], [-58.81, -34.68], [-58.81, -34.68], [-58.81, -34.68], [-58.81, -34.68], [-58.81, -34.68], [-58.81, -34.68], [-58.81, -34.68], [-58.81, -34.68], [-58.81, -34.68], [-58.81, -34.68], [-58.81, -34.68], [-58.81, -34.68], [-58.81, -34.68], [-58.81, -34.68], [-58.81, -34.68], [-58.81, -34.68], [-58.81, -34.68], [-58.81, -34.68], [-58.81, -34.68], [-58.81, -34.68], [-58.81, -34.68], [-58.81, -34.68], [-58.81, -34.68], [-58.81, -34.68], [-58.81, -34.68], [-58.81, -34.68], [-58.81, -34.68], [-58.81, -34.68], [-58.81, -34.68], [-58.81, -34.68], [-58.81, -34.68], [-58.81, -34.68], [-58.81, -34.68], [-58.81, -34.68], [-58.81, -34.68], [-58.81, -34.68], [-58.81, -34.68], [-58.81, -34.68], [-58.81, -34.68], [-58.81, -34.68], [-58.81, -34.68], [-58.81, -34.68], [-58.81, -34.68], [-58.81, -34.68], [-58.81, -34.68], [-58.81, -34.68], [-58.81, -34.68], [-58.81, -34.68], [-58.81, -34.68], [-58.81, -34.68], [-58.81, -34.68], [-58.81, -34.68], [-58.81, -34.68], [-58.81, -34.68], [-58.81, -34.68], [-58.81, -34.68], [-58.81, -34.68], [-58.81, -34.68], [-58.81, -34.68], [-58.81, -34.68], [-58.81, -34.68], [-58.81, -34.68], [-58.81, -34.68], [-58.81, -34.68], [-58.81, -34.68], [-58.81, -34.68], [-58.81, -34.68], [-58.81, -34.68], [-58.81, -34.68], [-58.81, -34.68], [-58.81, -34.68], [-58.81, -34.68], [-58.81, -34.68], [-58.81, -34.68], [-58.81, -34.68], [-58.81, -34.68], [-58.81, -34.68], [-58.81, -34.68], [-58.81, -34.68], [-58.81, -34.68], [-58.81, -34.68], [-58.81, -34.68], [-58.81, -34.68], [-58.81, -34.68], [-58.81, -34.68], [-58.81, -34.68], [-58.81, -34.68], [-58.81, -34.68], [-58.81, -34.68], [-58.81, -34.68], [-58.81, -34.68], [-58.81, -34.68], [-58.81, -34.68], [-58.81, -34.68], [-58.81, -34.68], [-58.81, -34.68], [-58.82, -34.68], [-58.82, -34.68], [-58.82, -34.68], [-58.82, -34.68], [-58.82, -34.68], [-58.82, -34.68], [-58.82, -34.68], [-58.82, -34.68], [-58.82, -34.68], [-58.82, -34.68], [-58.82, -34.69], [-58.82, -34.69], [-58.82, -34.69], [-58.82, -34.69], [-58.82, -34.69], [-58.82, -34.69], [-58.82, -34.69], [-58.82, -34.69], [-58.82, -34.69], [-58.82, -34.68], [-58.82, -34.68], [-58.82, -34.68], [-58.82, -34.68], [-58.82, -34.68], [-58.82, -34.68], [-58.82, -34.68], [-58.82, -34.68], [-58.82, -34.68], [-58.82, -34.68], [-58.82, -34.68], [-58.82, -34.68], [-58.82, -34.68], [-58.82, -34.68], [-58.83, -34.68], [-58.83, -34.68], [-58.83, -34.68], [-58.83, -34.68], [-58.83, -34.68], [-58.83, -34.68], [-58.83, -34.68], [-58.83, -34.68], [-58.83, -34.68], [-58.83, -34.68], [-58.83, -34.68], [-58.83, -34.69], [-58.83, -34.69], [-58.83, -34.69], [-58.83, -34.69], [-58.83, -34.69], [-58.83, -34.69], [-58.83, -34.69], [-58.83, -34.69], [-58.83, -34.69], [-58.83, -34.69], [-58.83, -34.69], [-58.84, -34.69], [-58.84, -34.69], [-58.84, -34.69], [-58.84, -34.69], [-58.84, -34.69], [-58.84, -34.69], [-58.84, -34.69], [-58.84, -34.69], [-58.84, -34.69], [-58.84, -34.69], [-58.84, -34.69], [-58.84, -34.69], [-58.84, -34.69], [-58.85, -34.69], [-58.85, -34.68], [-58.85, -34.68], [-58.85, -34.68], [-58.85, -34.68], [-58.85, -34.68], [-58.85, -34.68], [-58.85, -34.68], [-58.85, -34.68], [-58.85, -34.68], [-58.85, -34.68], [-58.85, -34.68], [-58.85, -34.68], [-58.85, -34.68], [-58.86, -34.68], [-58.86, -34.68], [-58.86, -34.68], [-58.86, -34.68], [-58.86, -34.68], [-58.86, -34.68], [-58.86, -34.68], [-58.86, -34.68], [-58.87, -34.68], [-58.87, -34.68], [-58.87, -34.68], [-58.87, -34.68], [-58.87, -34.68], [-58.87, -34.68], [-58.88, -34.67], [-58.88, -34.67], [-58.88, -34.67], [-58.88, -34.67], [-58.88, -34.67], [-58.88, -34.67], [-58.88, -34.67], [-58.88, -34.67], [-58.88, -34.67], [-58.88, -34.67], [-58.88, -34.67], [-58.88, -34.67], [-58.88, -34.67], [-58.88, -34.67], [-58.88, -34.67], [-58.88, -34.67], [-58.88, -34.67], [-58.88, -34.67], [-58.88, -34.67], [-58.88, -34.66], [-58.88, -34.66], [-58.88, -34.66], [-58.88, -34.66], [-58.88, -34.66], [-58.88, -34.66], [-58.88, -34.66], [-58.88, -34.66], [-58.88, -34.66], [-58.88, -34.66], [-58.88, -34.66], [-58.88, -34.66], [-58.88, -34.66], [-58.88, -34.66], [-58.88, -34.66], [-58.88, -34.66], [-58.88, -34.66], [-58.88, -34.66], [-58.88, -34.66], [-58.88, -34.66], [-58.88, -34.66], [-58.88, -34.66], [-58.88, -34.66], [-58.88, -34.66], [-58.88, -34.66], [-58.88, -34.66], [-58.88, -34.66], [-58.88, -34.66], [-58.88, -34.66], [-58.88, -34.66], [-58.88, -34.66], [-58.88, -34.66], [-58.88, -34.66], [-58.88, -34.66], [-58.88, -34.66], [-58.88, -34.66], [-58.88, -34.66], [-58.88, -34.66], [-58.88, -34.66], [-58.88, -34.66], [-58.88, -34.66], [-58.88, -34.66], [-58.88, -34.66], [-58.88, -34.66], [-58.88, -34.66], [-58.88, -34.66], [-58.88, -34.66], [-58.88, -34.66], [-58.88, -34.66], [-58.88, -34.66], [-58.88, -34.66], [-58.88, -34.66], [-58.88, -34.66], [-58.88, -34.66], [-58.88, -34.66], [-58.88, -34.65], [-58.88, -34.65], [-58.88, -34.65], [-58.88, -34.65], [-58.88, -34.65], [-58.88, -34.65], [-58.88, -34.65], [-58.88, -34.65], [-58.88, -34.65], [-58.88, -34.65], [-58.88, -34.65], [-58.88, -34.65], [-58.88, -34.65], [-58.88, -34.65], [-58.88, -34.65], [-58.88, -34.65], [-58.88, -34.65], [-58.88, -34.65], [-58.88, -34.65], [-58.88, -34.65], [-58.88, -34.65], [-58.88, -34.65], [-58.88, -34.65], [-58.88, -34.65], [-58.88, -34.65], [-58.88, -34.65], [-58.88, -34.65], [-58.88, -34.65], [-58.88, -34.65], [-58.88, -34.65], [-58.88, -34.65], [-58.88, -34.65], [-58.88, -34.65], [-58.88, -34.65], [-58.88, -34.65], [-58.88, -34.65], [-58.88, -34.65], [-58.88, -34.65], [-58.88, -34.65], [-58.88, -34.65], [-58.88, -34.65], [-58.88, -34.65], [-58.88, -34.65], [-58.88, -34.65], [-58.88, -34.65], [-58.88, -34.65], [-58.88, -34.65], [-58.88, -34.65], [-58.88, -34.65], [-58.88, -34.64], [-58.88, -34.64], [-58.88, -34.64], [-58.88, -34.64], [-58.88, -34.64], [-58.88, -34.64], [-58.88, -34.64], [-58.88, -34.64], [-58.88, -34.64], [-58.88, -34.64], [-58.88, -34.64], [-58.88, -34.64], [-58.88, -34.64], [-58.88, -34.64], [-58.88, -34.64], [-58.88, -34.64], [-58.88, -34.64], [-58.88, -34.64], [-58.88, -34.64], [-58.88, -34.64], [-58.88, -34.64], [-58.88, -34.64], [-58.88, -34.64], [-58.88, -34.64], [-58.88, -34.64], [-58.88, -34.63], [-58.88, -34.63], [-58.88, -34.63], [-58.88, -34.63], [-58.88, -34.63], [-58.88, -34.63], [-58.88, -34.63], [-58.88, -34.63], [-58.88, -34.62], [-58.87, -34.62], [-58.87, -34.62], [-58.86, -34.62], [-58.86, -34.62], [-58.87, -34.61], [-58.87, -34.61], [-58.87, -34.61], [-58.87, -34.61], [-58.87, -34.6], [-58.87, -34.6], [-58.87, -34.6], [-58.88, -34.6], [-58.88, -34.6], [-58.88, -34.59], [-58.88, -34.59], [-58.89, -34.59], [-58.89, -34.59], [-58.89, -34.58], [-58.89, -34.58], [-58.89, -34.58], [-58.89, -34.58], [-58.88, -34.57], [-58.87, -34.57], [-58.87, -34.57], [-58.87, -34.57], [-58.86, -34.56], [-58.86, -34.56], [-58.85, -34.56], [-58.85, -34.55], [-58.85, -34.55], [-58.85, -34.55], [-58.85, -34.55], [-58.85, -34.55], [-58.85, -34.55], [-58.85, -34.55], [-58.85, -34.55], [-58.85, -34.55], [-58.85, -34.55], [-58.85, -34.55], [-58.85, -34.55], [-58.85, -34.55], [-58.85, -34.55], [-58.85, -34.55], [-58.85, -34.55], [-58.85, -34.55], [-58.85, -34.55], [-58.85, -34.55], [-58.85, -34.55], [-58.85, -34.55], [-58.85, -34.54], [-58.85, -34.54], [-58.85, -34.54], [-58.84, -34.54], [-58.84, -34.54], [-58.84, -34.54], [-58.84, -34.54], [-58.84, -34.54], [-58.84, -34.54], [-58.84, -34.54], [-58.84, -34.54], [-58.84, -34.54], [-58.84, -34.54], [-58.84, -34.54], [-58.84, -34.54], [-58.84, -34.54], [-58.84, -34.54], [-58.84, -34.54], [-58.84, -34.54], [-58.84, -34.54], [-58.84, -34.54], [-58.84, -34.54], [-58.84, -34.54], [-58.84, -34.54], [-58.84, -34.54], [-58.84, -34.54], [-58.84, -34.54], [-58.84, -34.54], [-58.84, -34.54], [-58.84, -34.54], [-58.84, -34.54], [-58.84, -34.54], [-58.84, -34.54], [-58.84, -34.54], [-58.84, -34.54], [-58.84, -34.54], [-58.84, -34.54], [-58.84, -34.54], [-58.84, -34.54], [-58.84, -34.54], [-58.84, -34.54], [-58.84, -34.54], [-58.84, -34.54], [-58.84, -34.54], [-58.84, -34.54], [-58.84, -34.54], [-58.84, -34.54], [-58.84, -34.54], [-58.84, -34.54], [-58.84, -34.54], [-58.84, -34.54], [-58.84, -34.54], [-58.84, -34.54], [-58.84, -34.54], [-58.84, -34.54], [-58.84, -34.54], [-58.84, -34.54], [-58.84, -34.54], [-58.84, -34.54], [-58.84, -34.54], [-58.84, -34.54], [-58.84, -34.54], [-58.84, -34.54], [-58.84, -34.54], [-58.84, -34.54], [-58.84, -34.54], [-58.84, -34.54], [-58.84, -34.54], [-58.84, -34.54], [-58.84, -34.54], [-58.84, -34.54], [-58.84, -34.54], [-58.84, -34.54], [-58.84, -34.54], [-58.84, -34.54], [-58.84, -34.54], [-58.84, -34.54], [-58.84, -34.54], [-58.84, -34.54], [-58.84, -34.54], [-58.84, -34.54], [-58.84, -34.54], [-58.84, -34.54], [-58.84, -34.54], [-58.84, -34.54], [-58.84, -34.54], [-58.84, -34.54], [-58.84, -34.54], [-58.84, -34.54], [-58.84, -34.54], [-58.84, -34.54], [-58.84, -34.54], [-58.84, -34.54], [-58.84, -34.54], [-58.84, -34.54], [-58.84, -34.54], [-58.84, -34.54], [-58.84, -34.54], [-58.84, -34.54], [-58.84, -34.54], [-58.84, -34.54], [-58.84, -34.54], [-58.84, -34.54], [-58.84, -34.54], [-58.84, -34.54], [-58.84, -34.54], [-58.84, -34.54], [-58.84, -34.54], [-58.84, -34.54], [-58.84, -34.54], [-58.84, -34.54], [-58.84, -34.54], [-58.84, -34.54], [-58.84, -34.54], [-58.84, -34.53], [-58.84, -34.53], [-58.84, -34.53], [-58.84, -34.53], [-58.84, -34.53], [-58.84, -34.53], [-58.84, -34.53], [-58.84, -34.53], [-58.84, -34.53], [-58.84, -34.53], [-58.84, -34.53], [-58.84, -34.53], [-58.84, -34.53], [-58.84, -34.53], [-58.84, -34.53], [-58.84, -34.53], [-58.84, -34.53], [-58.84, -34.53], [-58.84, -34.53], [-58.84, -34.53], [-58.84, -34.53], [-58.84, -34.53], [-58.84, -34.53], [-58.84, -34.53], [-58.84, -34.53], [-58.84, -34.53], [-58.84, -34.53], [-58.84, -34.53], [-58.84, -34.53], [-58.84, -34.53], [-58.84, -34.53], [-58.84, -34.53], [-58.84, -34.53], [-58.84, -34.53], [-58.84, -34.53], [-58.84, -34.53], [-58.84, -34.53], [-58.83, -34.53], [-58.83, -34.53], [-58.83, -34.53], [-58.83, -34.53], [-58.83, -34.53], [-58.83, -34.53], [-58.83, -34.53], [-58.83, -34.53], [-58.83, -34.53], [-58.83, -34.53], [-58.83, -34.53], [-58.83, -34.52], [-58.83, -34.52], [-58.83, -34.52], [-58.83, -34.52], [-58.83, -34.52], [-58.83, -34.52], [-58.83, -34.52], [-58.83, -34.52], [-58.83, -34.52], [-58.83, -34.52], [-58.83, -34.52], [-58.83, -34.52], [-58.83, -34.52], [-58.83, -34.52], [-58.83, -34.52], [-58.83, -34.52], [-58.83, -34.52], [-58.83, -34.52], [-58.83, -34.52], [-58.83, -34.52], [-58.83, -34.52], [-58.83, -34.52], [-58.83, -34.52], [-58.83, -34.52], [-58.83, -34.52], [-58.83, -34.52], [-58.83, -34.52], [-58.83, -34.52], [-58.83, -34.52], [-58.83, -34.52], [-58.83, -34.52], [-58.83, -34.52], [-58.83, -34.52], [-58.83, -34.52], [-58.83, -34.52], [-58.83, -34.52], [-58.83, -34.52], [-58.83, -34.52], [-58.83, -34.52], [-58.83, -34.52], [-58.83, -34.52], [-58.83, -34.52], [-58.83, -34.52], [-58.83, -34.52], [-58.83, -34.52], [-58.83, -34.52], [-58.83, -34.52], [-58.83, -34.52], [-58.83, -34.52], [-58.83, -34.52], [-58.83, -34.52], [-58.83, -34.52], [-58.83, -34.52], [-58.83, -34.52], [-58.83, -34.52], [-58.83, -34.52], [-58.83, -34.52], [-58.83, -34.52], [-58.83, -34.52], [-58.83, -34.52], [-58.83, -34.52], [-58.83, -34.52], [-58.83, -34.52], [-58.83, -34.52], [-58.83, -34.52], [-58.83, -34.52], [-58.83, -34.52], [-58.83, -34.52], [-58.83, -34.52], [-58.83, -34.52], [-58.83, -34.52], [-58.83, -34.52], [-58.83, -34.52], [-58.83, -34.52], [-58.83, -34.52], [-58.83, -34.52], [-58.83, -34.52], [-58.83, -34.52], [-58.83, -34.52], [-58.83, -34.52], [-58.83, -34.52], [-58.83, -34.52], [-58.83, -34.52], [-58.83, -34.52], [-58.83, -34.52], [-58.83, -34.52], [-58.83, -34.52], [-58.83, -34.52], [-58.83, -34.52], [-58.83, -34.52], [-58.83, -34.52], [-58.83, -34.52], [-58.83, -34.52], [-58.83, -34.52], [-58.83, -34.52], [-58.83, -34.52], [-58.83, -34.52], [-58.83, -34.52], [-58.83, -34.51], [-58.83, -34.51], [-58.83, -34.51], [-58.83, -34.51], [-58.83, -34.51], [-58.83, -34.51], [-58.83, -34.51], [-58.83, -34.51], [-58.83, -34.51], [-58.83, -34.51], [-58.83, -34.51], [-58.83, -34.51], [-58.83, -34.51], [-58.83, -34.51], [-58.83, -34.51], [-58.83, -34.51], [-58.83, -34.51], [-58.83, -34.51], [-58.83, -34.51], [-58.83, -34.51], [-58.83, -34.51], [-58.83, -34.51], [-58.83, -34.51], [-58.83, -34.51], [-58.83, -34.51], [-58.83, -34.51], [-58.83, -34.51], [-58.83, -34.51], [-58.83, -34.51], [-58.82, -34.51], [-58.82, -34.51], [-58.82, -34.51], [-58.82, -34.51], [-58.82, -34.51], [-58.82, -34.51], [-58.82, -34.51], [-58.82, -34.51], [-58.82, -34.51], [-58.82, -34.51], [-58.82, -34.51], [-58.82, -34.51], [-58.82, -34.51], [-58.82, -34.51], [-58.82, -34.51], [-58.82, -34.51], [-58.82, -34.51], [-58.82, -34.51], [-58.82, -34.51], [-58.82, -34.51], [-58.82, -34.51], [-58.82, -34.51], [-58.82, -34.51], [-58.81, -34.52], [-58.81, -34.52], [-58.81, -34.53], [-58.8, -34.53], [-58.8, -34.54], [-58.79, -34.54], [-58.78, -34.55], [-58.78, -34.55], [-58.78, -34.56], [-58.78, -34.56]]]}}, {"type": "Feature", "properties": {"cca": "118", "cde": "06252", "fna": "Partido de Escobar", "gna": "Partido", "nam": "Escobar", "sag": "ARBA", "ara3": 301.23, "arl": 303.75}, "geometry": {"type": "Polygon", "coordinates": [[[-58.79, -34.23], [-58.79, -34.23], [-58.78, -34.24], [-58.77, -34.24], [-58.76, -34.24], [-58.75, -34.24], [-58.74, -34.24], [-58.73, -34.24], [-58.72, -34.25], [-58.71, -34.25], [-58.69, -34.25], [-58.68, -34.26], [-58.66, -34.26], [-58.65, -34.26], [-58.65, -34.27], [-58.65, -34.27], [-58.65, -34.27], [-58.65, -34.27], [-58.65, -34.27], [-58.66, -34.27], [-58.66, -34.28], [-58.66, -34.28], [-58.66, -34.28], [-58.66, -34.28], [-58.66, -34.29], [-58.66, -34.29], [-58.66, -34.29], [-58.66, -34.29], [-58.66, -34.29], [-58.66, -34.29], [-58.66, -34.29], [-58.66, -34.3], [-58.66, -34.3], [-58.66, -34.3], [-58.66, -34.3], [-58.66, -34.3], [-58.66, -34.3], [-58.67, -34.3], [-58.67, -34.31], [-58.67, -34.31], [-58.67, -34.31], [-58.67, -34.31], [-58.67, -34.31], [-58.67, -34.31], [-58.67, -34.32], [-58.67, -34.32], [-58.67, -34.32], [-58.67, -34.32], [-58.67, -34.32], [-58.67, -34.32], [-58.67, -34.33], [-58.67, -34.33], [-58.67, -34.33], [-58.68, -34.33], [-58.68, -34.33], [-58.68, -34.34], [-58.68, -34.34], [-58.68, -34.34], [-58.68, -34.34], [-58.68, -34.34], [-58.68, -34.34], [-58.68, -34.35], [-58.68, -34.35], [-58.68, -34.35], [-58.68, -34.35], [-58.68, -34.35], [-58.69, -34.35], [-58.69, -34.35], [-58.69, -34.35], [-58.69, -34.35], [-58.69, -34.35], [-58.69, -34.35], [-58.69, -34.35], [-58.69, -34.35], [-58.7, -34.35], [-58.72, -34.36], [-58.72, -34.36], [-58.72, -34.36], [-58.72, -34.36], [-58.72, -34.36], [-58.72, -34.37], [-58.71, -34.37], [-58.71, -34.37], [-58.71, -34.37], [-58.71, -34.37], [-58.71, -34.38], [-58.71, -34.38], [-58.71, -34.39], [-58.71, -34.39], [-58.71, -34.39], [-58.71, -34.39], [-58.71, -34.39], [-58.72, -34.39], [-58.72, -34.39], [-58.72, -34.39], [-58.72, -34.39], [-58.72, -34.39], [-58.72, -34.39], [-58.72, -34.39], [-58.72, -34.39], [-58.72, -34.39], [-58.72, -34.39], [-58.72, -34.39], [-58.72, -34.39], [-58.72, -34.39], [-58.72, -34.39], [-58.72, -34.39], [-58.73, -34.4], [-58.73, -34.4], [-58.73, -34.41], [-58.73, -34.41], [-58.73, -34.41], [-58.73, -34.41], [-58.72, -34.42], [-58.72, -34.42], [-58.72, -34.43], [-58.72, -34.43], [-58.71, -34.43], [-58.71, -34.43], [-58.71, -34.43], [-58.71, -34.43], [-58.71, -34.44], [-58.71, -34.44], [-58.71, -34.44], [-58.71, -34.44], [-58.71, -34.44], [-58.71, -34.44], [-58.72, -34.45], [-58.72, -34.45], [-58.72, -34.45], [-58.73, -34.45], [-58.73, -34.45], [-58.73, -34.45], [-58.73, -34.45], [-58.73, -34.46], [-58.74, -34.46], [-58.74, -34.46], [-58.74, -34.45], [-58.75, -34.44], [-58.75, -34.44], [-58.76, -34.43], [-58.76, -34.43], [-58.76, -34.42], [-58.77, -34.42], [-58.77, -34.41], [-58.78, -34.4], [-58.78, -34.4], [-58.78, -34.4], [-58.79, -34.4], [-58.79, -34.4], [-58.79, -34.4], [-58.79, -34.4], [-58.79, -34.4], [-58.79, -34.4], [-58.79, -34.4], [-58.79, -34.4], [-58.79, -34.4], [-58.79, -34.4], [-58.79, -34.4], [-58.79, -34.4], [-58.79, -34.4], [-58.79, -34.4], [-58.79, -34.4], [-58.79, -34.4], [-58.79, -34.4], [-58.79, -34.4], [-58.79, -34.4], [-58.79, -34.4], [-58.79, -34.4], [-58.79, -34.4], [-58.79, -34.4], [-58.79, -34.4], [-58.79, -34.4], [-58.79, -34.4], [-58.79, -34.4], [-58.79, -34.41], [-58.79, -34.41], [-58.79, -34.41], [-58.79, -34.41], [-58.79, -34.41], [-58.79, -34.41], [-58.79, -34.41], [-58.79, -34.41], [-58.79, -34.41], [-58.79, -34.41], [-58.79, -34.41], [-58.79, -34.41], [-58.79, -34.41], [-58.79, -34.41], [-58.79, -34.41], [-58.79, -34.41], [-58.79, -34.41], [-58.79, -34.41], [-58.79, -34.41], [-58.79, -34.41], [-58.79, -34.41], [-58.79, -34.41], [-58.8, -34.41], [-58.8, -34.41], [-58.8, -34.41], [-58.8, -34.41], [-58.8, -34.41], [-58.8, -34.41], [-58.8, -34.41], [-58.8, -34.41], [-58.8, -34.41], [-58.8, -34.41], [-58.8, -34.41], [-58.8, -34.41], [-58.8, -34.41], [-58.8, -34.41], [-58.8, -34.41], [-58.8, -34.41], [-58.8, -34.41], [-58.8, -34.41], [-58.8, -34.41], [-58.8, -34.41], [-58.8, -34.41], [-58.8, -34.41], [-58.8, -34.41], [-58.8, -34.41], [-58.8, -34.41], [-58.8, -34.41], [-58.8, -34.41], [-58.8, -34.41], [-58.8, -34.41], [-58.8, -34.41], [-58.8, -34.41], [-58.8, -34.41], [-58.81, -34.41], [-58.81, -34.41], [-58.81, -34.41], [-58.81, -34.41], [-58.81, -34.41], [-58.81, -34.41], [-58.81, -34.41], [-58.81, -34.41], [-58.81, -34.41], [-58.81, -34.41], [-58.81, -34.41], [-58.81, -34.41], [-58.81, -34.41], [-58.81, -34.41], [-58.81, -34.41], [-58.81, -34.41], [-58.81, -34.41], [-58.81, -34.41], [-58.81, -34.41], [-58.81, -34.41], [-58.81, -34.41], [-58.81, -34.41], [-58.81, -34.41], [-58.81, -34.41], [-58.81, -34.41], [-58.81, -34.41], [-58.81, -34.41], [-58.81, -34.41], [-58.81, -34.41], [-58.81, -34.41], [-58.81, -34.41], [-58.81, -34.41], [-58.81, -34.41], [-58.81, -34.41], [-58.81, -34.41], [-58.81, -34.41], [-58.81, -34.41], [-58.81, -34.41], [-58.81, -34.41], [-58.81, -34.41], [-58.81, -34.41], [-58.81, -34.41], [-58.81, -34.41], [-58.81, -34.41], [-58.81, -34.41], [-58.81, -34.41], [-58.81, -34.41], [-58.81, -34.41], [-58.81, -34.41], [-58.81, -34.41], [-58.81, -34.41], [-58.81, -34.41], [-58.81, -34.41], [-58.81, -34.41], [-58.81, -34.41], [-58.81, -34.41], [-58.81, -34.41], [-58.81, -34.41], [-58.81, -34.41], [-58.81, -34.41], [-58.81, -34.41], [-58.81, -34.41], [-58.81, -34.41], [-58.81, -34.41], [-58.81, -34.41], [-58.81, -34.41], [-58.81, -34.41], [-58.81, -34.41], [-58.81, -34.41], [-58.81, -34.41], [-58.81, -34.41], [-58.81, -34.41], [-58.81, -34.41], [-58.81, -34.41], [-58.81, -34.41], [-58.81, -34.41], [-58.81, -34.41], [-58.81, -34.41], [-58.81, -34.41], [-58.81, -34.41], [-58.81, -34.41], [-58.81, -34.41], [-58.81, -34.41], [-58.81, -34.41], [-58.81, -34.41], [-58.81, -34.41], [-58.81, -34.41], [-58.81, -34.41], [-58.81, -34.41], [-58.81, -34.41], [-58.82, -34.41], [-58.82, -34.41], [-58.82, -34.41], [-58.82, -34.42], [-58.82, -34.42], [-58.82, -34.42], [-58.82, -34.42], [-58.82, -34.41], [-58.82, -34.41], [-58.83, -34.4], [-58.83, -34.4], [-58.84, -34.39], [-58.84, -34.39], [-58.84, -34.39], [-58.84, -34.39], [-58.84, -34.39], [-58.84, -34.39], [-58.84, -34.39], [-58.84, -34.39], [-58.85, -34.37], [-58.85, -34.37], [-58.86, -34.36], [-58.87, -34.35], [-58.87, -34.35], [-58.88, -34.34], [-58.88, -34.34], [-58.89, -34.33], [-58.9, -34.31], [-58.9, -34.31], [-58.9, -34.31], [-58.9, -34.31], [-58.9, -34.31], [-58.9, -34.31], [-58.9, -34.31], [-58.9, -34.31], [-58.9, -34.31], [-58.9, -34.31], [-58.9, -34.31], [-58.9, -34.31], [-58.9, -34.31], [-58.9, -34.31], [-58.9, -34.31], [-58.9, -34.31], [-58.9, -34.31], [-58.9, -34.31], [-58.9, -34.31], [-58.9, -34.31], [-58.9, -34.31], [-58.9, -34.31], [-58.9, -34.31], [-58.9, -34.31], [-58.9, -34.31], [-58.9, -34.31], [-58.9, -34.31], [-58.9, -34.31], [-58.9, -34.31], [-58.9, -34.31], [-58.9, -34.31], [-58.9, -34.31], [-58.9, -34.31], [-58.9, -34.31], [-58.9, -34.31], [-58.9, -34.31], [-58.9, -34.31], [-58.9, -34.31], [-58.9, -34.31], [-58.9, -34.31], [-58.9, -34.31], [-58.9, -34.31], [-58.9, -34.31], [-58.89, -34.31], [-58.89, -34.31], [-58.89, -34.31], [-58.89, -34.31], [-58.89, -34.31], [-58.89, -34.31], [-58.89, -34.31], [-58.89, -34.31], [-58.89, -34.31], [-58.89, -34.31], [-58.89, -34.31], [-58.89, -34.31], [-58.89, -34.31], [-58.89, -34.31], [-58.89, -34.31], [-58.89, -34.31], [-58.89, -34.31], [-58.89, -34.31], [-58.89, -34.31], [-58.89, -34.31], [-58.89, -34.3], [-58.89, -34.3], [-58.89, -34.3], [-58.89, -34.3], [-58.89, -34.3], [-58.89, -34.3], [-58.89, -34.3], [-58.89, -34.3], [-58.89, -34.3], [-58.89, -34.3], [-58.89, -34.3], [-58.89, -34.3], [-58.89, -34.3], [-58.89, -34.3], [-58.89, -34.3], [-58.89, -34.3], [-58.89, -34.3], [-58.89, -34.3], [-58.89, -34.3], [-58.89, -34.3], [-58.89, -34.3], [-58.89, -34.3], [-58.89, -34.3], [-58.89, -34.3], [-58.89, -34.3], [-58.89, -34.3], [-58.89, -34.3], [-58.89, -34.3], [-58.89, -34.3], [-58.89, -34.3], [-58.89, -34.31], [-58.89, -34.31], [-58.89, -34.3], [-58.89, -34.3], [-58.89, -34.3], [-58.89, -34.3], [-58.89, -34.3], [-58.89, -34.3], [-58.89, -34.3], [-58.89, -34.3], [-58.89, -34.3], [-58.89, -34.3], [-58.89, -34.3], [-58.89, -34.3], [-58.89, -34.3], [-58.89, -34.3], [-58.89, -34.3], [-58.89, -34.3], [-58.89, -34.3], [-58.89, -34.3], [-58.89, -34.3], [-58.89, -34.3], [-58.89, -34.3], [-58.89, -34.3], [-58.89, -34.3], [-58.89, -34.3], [-58.89, -34.3], [-58.89, -34.3], [-58.89, -34.3], [-58.89, -34.3], [-58.89, -34.3], [-58.89, -34.3], [-58.89, -34.3], [-58.89, -34.3], [-58.89, -34.3], [-58.89, -34.3], [-58.89, -34.3], [-58.89, -34.3], [-58.89, -34.3], [-58.89, -34.3], [-58.89, -34.3], [-58.89, -34.3], [-58.89, -34.3], [-58.89, -34.3], [-58.89, -34.3], [-58.88, -34.3], [-58.88, -34.3], [-58.88, -34.3], [-58.88, -34.3], [-58.88, -34.3], [-58.88, -34.3], [-58.89, -34.3], [-58.89, -34.3], [-58.89, -34.3], [-58.89, -34.3], [-58.89, -34.3], [-58.88, -34.3], [-58.88, -34.3], [-58.88, -34.3], [-58.88, -34.3], [-58.88, -34.3], [-58.88, -34.3], [-58.88, -34.3], [-58.88, -34.3], [-58.88, -34.3], [-58.88, -34.3], [-58.88, -34.3], [-58.88, -34.3], [-58.88, -34.3], [-58.88, -34.3], [-58.88, -34.3], [-58.88, -34.3], [-58.88, -34.3], [-58.88, -34.3], [-58.88, -34.3], [-58.88, -34.3], [-58.88, -34.3], [-58.88, -34.3], [-58.88, -34.3], [-58.88, -34.3], [-58.88, -34.3], [-58.88, -34.3], [-58.88, -34.3], [-58.88, -34.3], [-58.88, -34.3], [-58.88, -34.3], [-58.88, -34.3], [-58.88, -34.3], [-58.88, -34.3], [-58.88, -34.3], [-58.88, -34.3], [-58.88, -34.3], [-58.88, -34.3], [-58.88, -34.3], [-58.88, -34.29], [-58.88, -34.29], [-58.88, -34.29], [-58.88, -34.29], [-58.88, -34.29], [-58.88, -34.29], [-58.88, -34.29], [-58.88, -34.29], [-58.88, -34.29], [-58.88, -34.29], [-58.88, -34.29], [-58.88, -34.29], [-58.88, -34.29], [-58.88, -34.29], [-58.88, -34.29], [-58.88, -34.29], [-58.88, -34.29], [-58.88, -34.29], [-58.88, -34.29], [-58.88, -34.29], [-58.88, -34.29], [-58.88, -34.29], [-58.88, -34.29], [-58.88, -34.29], [-58.88, -34.29], [-58.88, -34.29], [-58.88, -34.29], [-58.88, -34.29], [-58.88, -34.29], [-58.88, -34.29], [-58.88, -34.29], [-58.88, -34.29], [-58.88, -34.29], [-58.88, -34.29], [-58.88, -34.29], [-58.88, -34.29], [-58.88, -34.29], [-58.88, -34.29], [-58.88, -34.29], [-58.88, -34.29], [-58.88, -34.29], [-58.88, -34.29], [-58.88, -34.29], [-58.88, -34.29], [-58.88, -34.29], [-58.88, -34.29], [-58.88, -34.29], [-58.88, -34.29], [-58.88, -34.29], [-58.88, -34.29], [-58.88, -34.29], [-58.88, -34.29], [-58.88, -34.29], [-58.88, -34.29], [-58.88, -34.29], [-58.88, -34.29], [-58.88, -34.29], [-58.88, -34.29], [-58.88, -34.29], [-58.88, -34.29], [-58.88, -34.29], [-58.88, -34.29], [-58.88, -34.29], [-58.88, -34.29], [-58.88, -34.29], [-58.88, -34.29], [-58.88, -34.29], [-58.88, -34.29], [-58.88, -34.29], [-58.88, -34.29], [-58.88, -34.29], [-58.88, -34.29], [-58.88, -34.29], [-58.88, -34.29], [-58.88, -34.29], [-58.88, -34.29], [-58.88, -34.29], [-58.88, -34.29], [-58.88, -34.29], [-58.88, -34.29], [-58.88, -34.29], [-58.88, -34.29], [-58.88, -34.29], [-58.88, -34.29], [-58.88, -34.29], [-58.88, -34.29], [-58.88, -34.29], [-58.88, -34.29], [-58.88, -34.29], [-58.88, -34.29], [-58.88, -34.29], [-58.88, -34.29], [-58.88, -34.29], [-58.88, -34.29], [-58.88, -34.29], [-58.88, -34.29], [-58.88, -34.29], [-58.88, -34.29], [-58.88, -34.29], [-58.88, -34.29], [-58.88, -34.29], [-58.88, -34.29], [-58.88, -34.29], [-58.88, -34.29], [-58.88, -34.29], [-58.88, -34.29], [-58.88, -34.29], [-58.88, -34.29], [-58.88, -34.29], [-58.88, -34.29], [-58.88, -34.29], [-58.88, -34.29], [-58.88, -34.29], [-58.88, -34.29], [-58.88, -34.28], [-58.88, -34.28], [-58.88, -34.28], [-58.88, -34.28], [-58.88, -34.28], [-58.88, -34.28], [-58.88, -34.28], [-58.88, -34.28], [-58.88, -34.28], [-58.88, -34.28], [-58.88, -34.28], [-58.88, -34.28], [-58.88, -34.28], [-58.88, -34.28], [-58.88, -34.28], [-58.88, -34.28], [-58.88, -34.28], [-58.88, -34.28], [-58.88, -34.28], [-58.88, -34.28], [-58.88, -34.28], [-58.88, -34.28], [-58.88, -34.28], [-58.88, -34.28], [-58.88, -34.28], [-58.88, -34.28], [-58.88, -34.28], [-58.88, -34.28], [-58.88, -34.28], [-58.88, -34.28], [-58.88, -34.28], [-58.88, -34.28], [-58.88, -34.28], [-58.88, -34.28], [-58.88, -34.28], [-58.88, -34.28], [-58.88, -34.28], [-58.88, -34.28], [-58.88, -34.28], [-58.88, -34.28], [-58.88, -34.28], [-58.88, -34.28], [-58.88, -34.28], [-58.88, -34.28], [-58.88, -34.28], [-58.88, -34.28], [-58.88, -34.28], [-58.88, -34.28], [-58.88, -34.28], [-58.88, -34.28], [-58.88, -34.28], [-58.88, -34.28], [-58.88, -34.28], [-58.88, -34.28], [-58.88, -34.28], [-58.88, -34.28], [-58.88, -34.28], [-58.88, -34.28], [-58.88, -34.28], [-58.88, -34.28], [-58.88, -34.28], [-58.88, -34.28], [-58.88, -34.28], [-58.88, -34.28], [-58.88, -34.28], [-58.88, -34.28], [-58.88, -34.28], [-58.88, -34.28], [-58.88, -34.28], [-58.88, -34.28], [-58.88, -34.28], [-58.88, -34.28], [-58.88, -34.28], [-58.88, -34.28], [-58.88, -34.28], [-58.88, -34.28], [-58.88, -34.28], [-58.88, -34.28], [-58.88, -34.28], [-58.88, -34.28], [-58.88, -34.28], [-58.88, -34.28], [-58.88, -34.28], [-58.88, -34.28], [-58.88, -34.28], [-58.88, -34.28], [-58.88, -34.28], [-58.88, -34.28], [-58.88, -34.28], [-58.88, -34.27], [-58.88, -34.27], [-58.88, -34.27], [-58.88, -34.27], [-58.88, -34.27], [-58.88, -34.27], [-58.88, -34.27], [-58.88, -34.27], [-58.88, -34.27], [-58.88, -34.27], [-58.88, -34.28], [-58.88, -34.28], [-58.88, -34.28], [-58.88, -34.28], [-58.88, -34.28], [-58.88, -34.28], [-58.87, -34.28], [-58.87, -34.28], [-58.87, -34.28], [-58.87, -34.28], [-58.87, -34.27], [-58.87, -34.27], [-58.88, -34.27], [-58.88, -34.27], [-58.88, -34.27], [-58.88, -34.27], [-58.88, -34.27], [-58.88, -34.27], [-58.88, -34.27], [-58.88, -34.27], [-58.88, -34.27], [-58.87, -34.27], [-58.87, -34.27], [-58.87, -34.27], [-58.87, -34.27], [-58.87, -34.27], [-58.87, -34.27], [-58.87, -34.27], [-58.87, -34.27], [-58.87, -34.27], [-58.87, -34.27], [-58.87, -34.27], [-58.87, -34.27], [-58.87, -34.27], [-58.87, -34.27], [-58.87, -34.27], [-58.87, -34.27], [-58.87, -34.27], [-58.87, -34.27], [-58.87, -34.27], [-58.87, -34.27], [-58.87, -34.27], [-58.87, -34.27], [-58.87, -34.27], [-58.87, -34.27], [-58.87, -34.27], [-58.87, -34.27], [-58.87, -34.28], [-58.87, -34.28], [-58.87, -34.28], [-58.87, -34.28], [-58.87, -34.28], [-58.87, -34.28], [-58.87, -34.28], [-58.87, -34.28], [-58.87, -34.28], [-58.86, -34.28], [-58.86, -34.28], [-58.86, -34.28], [-58.86, -34.28], [-58.86, -34.28], [-58.86, -34.28], [-58.86, -34.28], [-58.86, -34.28], [-58.86, -34.28], [-58.86, -34.28], [-58.86, -34.28], [-58.86, -34.27], [-58.86, -34.27], [-58.86, -34.27], [-58.86, -34.27], [-58.86, -34.27], [-58.86, -34.27], [-58.86, -34.27], [-58.86, -34.27], [-58.86, -34.27], [-58.86, -34.27], [-58.86, -34.27], [-58.86, -34.27], [-58.86, -34.27], [-58.86, -34.27], [-58.86, -34.27], [-58.86, -34.27], [-58.86, -34.27], [-58.86, -34.27], [-58.86, -34.27], [-58.86, -34.27], [-58.86, -34.27], [-58.86, -34.27], [-58.86, -34.27], [-58.86, -34.27], [-58.86, -34.27], [-58.86, -34.27], [-58.86, -34.27], [-58.86, -34.27], [-58.86, -34.27], [-58.86, -34.27], [-58.86, -34.27], [-58.86, -34.27], [-58.86, -34.27], [-58.86, -34.27], [-58.86, -34.27], [-58.86, -34.27], [-58.86, -34.26], [-58.86, -34.26], [-58.86, -34.26], [-58.86, -34.26], [-58.86, -34.26], [-58.86, -34.26], [-58.86, -34.26], [-58.86, -34.26], [-58.86, -34.26], [-58.86, -34.26], [-58.86, -34.26], [-58.86, -34.26], [-58.86, -34.26], [-58.86, -34.26], [-58.86, -34.26], [-58.86, -34.26], [-58.86, -34.26], [-58.86, -34.26], [-58.86, -34.26], [-58.86, -34.26], [-58.86, -34.26], [-58.86, -34.26], [-58.86, -34.26], [-58.86, -34.26], [-58.86, -34.26], [-58.86, -34.26], [-58.85, -34.26], [-58.85, -34.26], [-58.85, -34.26], [-58.85, -34.26], [-58.85, -34.26], [-58.85, -34.26], [-58.85, -34.26], [-58.85, -34.26], [-58.85, -34.26], [-58.85, -34.26], [-58.85, -34.26], [-58.85, -34.26], [-58.85, -34.26], [-58.85, -34.26], [-58.85, -34.26], [-58.85, -34.26], [-58.85, -34.26], [-58.85, -34.26], [-58.85, -34.26], [-58.85, -34.27], [-58.85, -34.27], [-58.85, -34.27], [-58.85, -34.27], [-58.85, -34.27], [-58.85, -34.27], [-58.85, -34.27], [-58.85, -34.27], [-58.85, -34.27], [-58.85, -34.27], [-58.85, -34.27], [-58.85, -34.27], [-58.85, -34.27], [-58.85, -34.27], [-58.85, -34.27], [-58.85, -34.27], [-58.84, -34.27], [-58.84, -34.27], [-58.84, -34.27], [-58.84, -34.27], [-58.84, -34.27], [-58.84, -34.27], [-58.84, -34.27], [-58.84, -34.27], [-58.84, -34.27], [-58.84, -34.27], [-58.84, -34.27], [-58.84, -34.27], [-58.84, -34.27], [-58.84, -34.27], [-58.84, -34.27], [-58.84, -34.27], [-58.84, -34.27], [-58.84, -34.27], [-58.84, -34.27], [-58.84, -34.27], [-58.84, -34.27], [-58.84, -34.27], [-58.84, -34.27], [-58.84, -34.27], [-58.84, -34.27], [-58.84, -34.27], [-58.84, -34.27], [-58.84, -34.27], [-58.84, -34.27], [-58.84, -34.27], [-58.84, -34.27], [-58.84, -34.27], [-58.84, -34.27], [-58.84, -34.27], [-58.84, -34.27], [-58.84, -34.27], [-58.84, -34.27], [-58.84, -34.27], [-58.84, -34.27], [-58.84, -34.27], [-58.84, -34.27], [-58.84, -34.27], [-58.83, -34.27], [-58.83, -34.27], [-58.83, -34.27], [-58.83, -34.27], [-58.83, -34.27], [-58.83, -34.27], [-58.83, -34.27], [-58.83, -34.27], [-58.83, -34.27], [-58.83, -34.27], [-58.83, -34.27], [-58.83, -34.27], [-58.83, -34.27], [-58.83, -34.27], [-58.83, -34.27], [-58.83, -34.27], [-58.83, -34.27], [-58.83, -34.27], [-58.83, -34.27], [-58.83, -34.27], [-58.83, -34.27], [-58.83, -34.27], [-58.83, -34.27], [-58.83, -34.27], [-58.83, -34.27], [-58.83, -34.27], [-58.83, -34.27], [-58.83, -34.27], [-58.83, -34.27], [-58.83, -34.27], [-58.83, -34.27], [-58.83, -34.27], [-58.83, -34.27], [-58.83, -34.27], [-58.83, -34.27], [-58.83, -34.27], [-58.82, -34.27], [-58.82, -34.27], [-58.82, -34.27], [-58.82, -34.27], [-58.82, -34.27], [-58.82, -34.27], [-58.82, -34.27], [-58.82, -34.27], [-58.82, -34.27], [-58.82, -34.27], [-58.82, -34.27], [-58.82, -34.27], [-58.82, -34.27], [-58.82, -34.27], [-58.82, -34.27], [-58.82, -34.27], [-58.82, -34.27], [-58.82, -34.27], [-58.82, -34.27], [-58.82, -34.27], [-58.82, -34.27], [-58.82, -34.27], [-58.82, -34.27], [-58.82, -34.27], [-58.82, -34.27], [-58.82, -34.28], [-58.82, -34.28], [-58.82, -34.28], [-58.82, -34.28], [-58.82, -34.28], [-58.82, -34.28], [-58.82, -34.28], [-58.82, -34.28], [-58.82, -34.28], [-58.82, -34.28], [-58.81, -34.28], [-58.81, -34.28], [-58.81, -34.28], [-58.81, -34.28], [-58.81, -34.28], [-58.81, -34.28], [-58.81, -34.28], [-58.81, -34.28], [-58.81, -34.28], [-58.81, -34.28], [-58.81, -34.28], [-58.81, -34.28], [-58.81, -34.28], [-58.81, -34.28], [-58.81, -34.28], [-58.81, -34.28], [-58.81, -34.28], [-58.8, -34.28], [-58.8, -34.28], [-58.8, -34.28], [-58.8, -34.28], [-58.8, -34.28], [-58.8, -34.28], [-58.8, -34.28], [-58.8, -34.28], [-58.8, -34.28], [-58.8, -34.28], [-58.8, -34.28], [-58.8, -34.28], [-58.8, -34.28], [-58.8, -34.28], [-58.8, -34.28], [-58.8, -34.28], [-58.8, -34.28], [-58.8, -34.28], [-58.8, -34.28], [-58.8, -34.28], [-58.8, -34.28], [-58.8, -34.28], [-58.8, -34.28], [-58.8, -34.28], [-58.8, -34.28], [-58.8, -34.28], [-58.8, -34.28], [-58.79, -34.28], [-58.79, -34.28], [-58.79, -34.28], [-58.79, -34.28], [-58.79, -34.28], [-58.79, -34.28], [-58.79, -34.28], [-58.79, -34.28], [-58.79, -34.28], [-58.79, -34.28], [-58.79, -34.28], [-58.79, -34.28], [-58.79, -34.28], [-58.78, -34.28], [-58.78, -34.29], [-58.78, -34.29], [-58.78, -34.29], [-58.78, -34.29], [-58.78, -34.29], [-58.78, -34.29], [-58.78, -34.29], [-58.78, -34.29], [-58.78, -34.29], [-58.78, -34.29], [-58.78, -34.29], [-58.78, -34.29], [-58.78, -34.29], [-58.78, -34.28], [-58.78, -34.28], [-58.78, -34.28], [-58.78, -34.28], [-58.77, -34.28], [-58.77, -34.28], [-58.77, -34.28], [-58.77, -34.28], [-58.77, -34.28], [-58.77, -34.28], [-58.77, -34.28], [-58.77, -34.28], [-58.77, -34.28], [-58.78, -34.28], [-58.78, -34.28], [-58.78, -34.28], [-58.78, -34.28], [-58.78, -34.28], [-58.78, -34.28], [-58.78, -34.28], [-58.78, -34.27], [-58.78, -34.27], [-58.78, -34.27], [-58.78, -34.27], [-58.78, -34.27], [-58.78, -34.27], [-58.78, -34.27], [-58.78, -34.27], [-58.78, -34.27], [-58.78, -34.27], [-58.78, -34.27], [-58.78, -34.27], [-58.78, -34.27], [-58.78, -34.27], [-58.78, -34.27], [-58.78, -34.27], [-58.78, -34.27], [-58.78, -34.27], [-58.78, -34.27], [-58.78, -34.27], [-58.78, -34.27], [-58.78, -34.27], [-58.78, -34.27], [-58.78, -34.27], [-58.78, -34.27], [-58.78, -34.27], [-58.78, -34.27], [-58.78, -34.27], [-58.78, -34.27], [-58.78, -34.27], [-58.78, -34.27], [-58.78, -34.27], [-58.78, -34.27], [-58.78, -34.26], [-58.78, -34.26], [-58.79, -34.26], [-58.79, -34.26], [-58.79, -34.26], [-58.79, -34.26], [-58.79, -34.26], [-58.79, -34.26], [-58.79, -34.26], [-58.79, -34.26], [-58.79, -34.26], [-58.79, -34.26], [-58.79, -34.26], [-58.79, -34.25], [-58.79, -34.25], [-58.79, -34.25], [-58.79, -34.25], [-58.79, -34.25], [-58.79, -34.25], [-58.79, -34.25], [-58.79, -34.25], [-58.79, -34.25], [-58.79, -34.25], [-58.79, -34.25], [-58.79, -34.25], [-58.79, -34.25], [-58.79, -34.25], [-58.79, -34.25], [-58.79, -34.25], [-58.79, -34.25], [-58.79, -34.25], [-58.79, -34.25], [-58.79, -34.25], [-58.79, -34.25], [-58.79, -34.25], [-58.8, -34.25], [-58.8, -34.25], [-58.8, -34.25], [-58.8, -34.25], [-58.8, -34.25], [-58.8, -34.25], [-58.8, -34.24], [-58.8, -34.24], [-58.8, -34.24], [-58.8, -34.24], [-58.8, -34.24], [-58.8, -34.24], [-58.8, -34.24], [-58.8, -34.24], [-58.8, -34.24], [-58.8, -34.24], [-58.8, -34.24], [-58.8, -34.24], [-58.8, -34.24], [-58.8, -34.24], [-58.8, -34.24], [-58.8, -34.24], [-58.8, -34.24], [-58.8, -34.24], [-58.8, -34.24], [-58.8, -34.24], [-58.8, -34.24], [-58.8, -34.24], [-58.8, -34.24], [-58.8, -34.24], [-58.8, -34.24], [-58.8, -34.24], [-58.8, -34.24], [-58.8, -34.24], [-58.8, -34.23], [-58.8, -34.23], [-58.8, -34.23], [-58.8, -34.23], [-58.8, -34.23], [-58.8, -34.23], [-58.8, -34.23], [-58.8, -34.23], [-58.8, -34.23], [-58.8, -34.23], [-58.8, -34.23], [-58.8, -34.23], [-58.8, -34.23], [-58.8, -34.23], [-58.8, -34.23], [-58.8, -34.23], [-58.8, -34.23], [-58.79, -34.23], [-58.79, -34.23]]]}}, {"type": "Feature", "properties": {"cca": "133", "cde": "06515", "fna": "Partido de Malvinas Argentinas", "gna": "Partido", "nam": "Malvinas Argentinas", "sag": "ARBA", "ara3": 62.93, "arl": 63.09}, "geometry": {"type": "Polygon", "coordinates": [[[-58.75, -34.47], [-58.75, -34.47], [-58.74, -34.46], [-58.74, -34.46], [-58.74, -34.46], [-58.74, -34.46], [-58.74, -34.46], [-58.73, -34.45], [-58.73, -34.45], [-58.72, -34.45], [-58.72, -34.45], [-58.71, -34.44], [-58.71, -34.44], [-58.7, -34.45], [-58.7, -34.45], [-58.7, -34.45], [-58.7, -34.45], [-58.69, -34.45], [-58.68, -34.47], [-58.68, -34.47], [-58.68, -34.47], [-58.68, -34.47], [-58.68, -34.47], [-58.68, -34.47], [-58.68, -34.47], [-58.67, -34.48], [-58.67, -34.48], [-58.67, -34.48], [-58.67, -34.49], [-58.66, -34.49], [-58.66, -34.49], [-58.65, -34.5], [-58.65, -34.5], [-58.65, -34.5], [-58.65, -34.5], [-58.65, -34.5], [-58.67, -34.51], [-58.69, -34.53], [-58.69, -34.53], [-58.69, -34.53], [-58.7, -34.53], [-58.72, -34.52], [-58.72, -34.52], [-58.73, -34.51], [-58.73, -34.51], [-58.73, -34.51], [-58.73, -34.51], [-58.74, -34.51], [-58.74, -34.5], [-58.75, -34.5], [-58.75, -34.5], [-58.76, -34.5], [-58.77, -34.49], [-58.77, -34.49], [-58.77, -34.49], [-58.77, -34.49], [-58.77, -34.49], [-58.77, -34.49], [-58.77, -34.49], [-58.78, -34.48], [-58.78, -34.48], [-58.78, -34.48], [-58.78, -34.48], [-58.78, -34.48], [-58.78, -34.47], [-58.78, -34.47], [-58.78, -34.47], [-58.77, -34.47], [-58.77, -34.47], [-58.77, -34.47], [-58.77, -34.46], [-58.76, -34.47], [-58.76, -34.47], [-58.76, -34.46], [-58.76, -34.46], [-58.75, -34.47]]]}}, {"type": "Feature", "properties": {"cca": "136", "cde": "06410", "fna": "Partido de Ituzaing\u00f3", "gna": "Partido", "nam": "Ituzaing\u00f3", "sag": "ARBA", "ara3": 38.17, "arl": 38.24}, "geometry": {"type": "Polygon", "coordinates": [[[-58.72, -34.63], [-58.72, -34.63], [-58.72, -34.63], [-58.72, -34.63], [-58.72, -34.63], [-58.72, -34.63], [-58.72, -34.63], [-58.72, -34.63], [-58.72, -34.63], [-58.72, -34.63], [-58.72, -34.63], [-58.72, -34.63], [-58.72, -34.63], [-58.72, -34.63], [-58.72, -34.63], [-58.72, -34.63], [-58.72, -34.63], [-58.72, -34.63], [-58.72, -34.63], [-58.72, -34.63], [-58.72, -34.62], [-58.72, -34.62], [-58.72, -34.62], [-58.72, -34.62], [-58.72, -34.62], [-58.72, -34.62], [-58.72, -34.62], [-58.72, -34.62], [-58.72, -34.62], [-58.72, -34.62], [-58.72, -34.62], [-58.72, -34.62], [-58.72, -34.62], [-58.72, -34.62], [-58.72, -34.62], [-58.72, -34.62], [-58.72, -34.62], [-58.72, -34.62], [-58.72, -34.62], [-58.72, -34.62], [-58.72, -34.62], [-58.72, -34.62], [-58.72, -34.62], [-58.72, -34.62], [-58.72, -34.62], [-58.72, -34.62], [-58.72, -34.62], [-58.72, -34.62], [-58.72, -34.62], [-58.72, -34.62], [-58.72, -34.62], [-58.72, -34.62], [-58.72, -34.62], [-58.72, -34.62], [-58.72, -34.62], [-58.72, -34.62], [-58.72, -34.62], [-58.72, -34.62], [-58.72, -34.62], [-58.72, -34.62], [-58.72, -34.62], [-58.72, -34.62], [-58.72, -34.62], [-58.72, -34.62], [-58.72, -34.62], [-58.72, -34.62], [-58.72, -34.62], [-58.72, -34.62], [-58.72, -34.62], [-58.72, -34.62], [-58.72, -34.62], [-58.72, -34.62], [-58.72, -34.62], [-58.72, -34.62], [-58.72, -34.62], [-58.72, -34.62], [-58.72, -34.61], [-58.72, -34.61], [-58.72, -34.61], [-58.72, -34.61], [-58.72, -34.61], [-58.72, -34.61], [-58.72, -34.61], [-58.72, -34.61], [-58.72, -34.61], [-58.72, -34.61], [-58.72, -34.61], [-58.72, -34.61], [-58.72, -34.61], [-58.72, -34.61], [-58.72, -34.61], [-58.72, -34.61], [-58.72, -34.61], [-58.72, -34.61], [-58.72, -34.61], [-58.72, -34.61], [-58.72, -34.61], [-58.72, -34.61], [-58.72, -34.61], [-58.72, -34.61], [-58.72, -34.61], [-58.72, -34.61], [-58.72, -34.61], [-58.72, -34.61], [-58.72, -34.61], [-58.72, -34.61], [-58.72, -34.61], [-58.72, -34.61], [-58.72, -34.61], [-58.72, -34.61], [-58.72, -34.61], [-58.72, -34.61], [-58.72, -34.61], [-58.72, -34.61], [-58.72, -34.61], [-58.72, -34.61], [-58.72, -34.61], [-58.72, -34.61], [-58.72, -34.61], [-58.72, -34.61], [-58.72, -34.61], [-58.72, -34.61], [-58.72, -34.61], [-58.72, -34.61], [-58.72, -34.61], [-58.72, -34.61], [-58.72, -34.61], [-58.72, -34.61], [-58.72, -34.61], [-58.72, -34.61], [-58.72, -34.61], [-58.72, -34.61], [-58.72, -34.61], [-58.72, -34.61], [-58.72, -34.61], [-58.72, -34.61], [-58.72, -34.61], [-58.72, -34.61], [-58.72, -34.61], [-58.72, -34.61], [-58.72, -34.61], [-58.72, -34.61], [-58.71, -34.61], [-58.71, -34.61], [-58.71, -34.61], [-58.71, -34.61], [-58.71, -34.61], [-58.71, -34.61], [-58.71, -34.61], [-58.71, -34.61], [-58.71, -34.61], [-58.71, -34.61], [-58.71, -34.61], [-58.71, -34.6], [-58.71, -34.6], [-58.71, -34.6], [-58.71, -34.6], [-58.71, -34.6], [-58.71, -34.6], [-58.71, -34.6], [-58.71, -34.6], [-58.71, -34.6], [-58.71, -34.6], [-58.71, -34.6], [-58.71, -34.6], [-58.71, -34.6], [-58.71, -34.6], [-58.71, -34.6], [-58.71, -34.6], [-58.71, -34.6], [-58.71, -34.6], [-58.71, -34.6], [-58.71, -34.6], [-58.71, -34.6], [-58.71, -34.6], [-58.71, -34.6], [-58.71, -34.6], [-58.71, -34.6], [-58.71, -34.6], [-58.71, -34.6], [-58.71, -34.6], [-58.71, -34.6], [-58.71, -34.6], [-58.71, -34.6], [-58.71, -34.6], [-58.71, -34.6], [-58.71, -34.6], [-58.71, -34.6], [-58.71, -34.6], [-58.71, -34.6], [-58.71, -34.6], [-58.71, -34.6], [-58.71, -34.6], [-58.71, -34.6], [-58.71, -34.6], [-58.71, -34.6], [-58.71, -34.6], [-58.71, -34.6], [-58.71, -34.6], [-58.71, -34.6], [-58.71, -34.6], [-58.7, -34.6], [-58.7, -34.6], [-58.7, -34.6], [-58.7, -34.6], [-58.7, -34.6], [-58.7, -34.6], [-58.7, -34.6], [-58.7, -34.6], [-58.7, -34.6], [-58.7, -34.6], [-58.7, -34.6], [-58.7, -34.6], [-58.7, -34.6], [-58.7, -34.6], [-58.7, -34.6], [-58.7, -34.6], [-58.7, -34.6], [-58.7, -34.6], [-58.7, -34.6], [-58.7, -34.6], [-58.7, -34.6], [-58.7, -34.6], [-58.7, -34.6], [-58.7, -34.6], [-58.7, -34.6], [-58.7, -34.6], [-58.7, -34.6], [-58.7, -34.6], [-58.7, -34.6], [-58.7, -34.6], [-58.7, -34.6], [-58.7, -34.6], [-58.7, -34.6], [-58.7, -34.6], [-58.7, -34.6], [-58.7, -34.6], [-58.7, -34.6], [-58.7, -34.6], [-58.7, -34.59], [-58.7, -34.59], [-58.7, -34.59], [-58.7, -34.59], [-58.69, -34.59], [-58.69, -34.59], [-58.69, -34.59], [-58.69, -34.59], [-58.69, -34.59], [-58.69, -34.59], [-58.69, -34.59], [-58.69, -34.6], [-58.69, -34.6], [-58.69, -34.6], [-58.68, -34.6], [-58.68, -34.6], [-58.68, -34.6], [-58.68, -34.61], [-58.68, -34.61], [-58.68, -34.61], [-58.68, -34.61], [-58.68, -34.61], [-58.67, -34.61], [-58.67, -34.62], [-58.67, -34.62], [-58.67, -34.62], [-58.66, -34.62], [-58.66, -34.63], [-58.66, -34.63], [-58.65, -34.63], [-58.65, -34.63], [-58.65, -34.63], [-58.65, -34.63], [-58.65, -34.63], [-58.65, -34.63], [-58.65, -34.63], [-58.65, -34.63], [-58.65, -34.63], [-58.65, -34.63], [-58.65, -34.63], [-58.65, -34.63], [-58.65, -34.63], [-58.65, -34.63], [-58.65, -34.63], [-58.65, -34.63], [-58.65, -34.63], [-58.65, -34.63], [-58.65, -34.63], [-58.65, -34.64], [-58.66, -34.64], [-58.66, -34.64], [-58.66, -34.64], [-58.66, -34.64], [-58.66, -34.65], [-58.66, -34.65], [-58.66, -34.65], [-58.66, -34.65], [-58.66, -34.66], [-58.66, -34.66], [-58.66, -34.66], [-58.66, -34.66], [-58.66, -34.66], [-58.66, -34.67], [-58.66, -34.67], [-58.66, -34.67], [-58.66, -34.67], [-58.66, -34.67], [-58.66, -34.68], [-58.67, -34.68], [-58.67, -34.68], [-58.67, -34.68], [-58.67, -34.68], [-58.67, -34.69], [-58.67, -34.69], [-58.67, -34.69], [-58.67, -34.68], [-58.67, -34.68], [-58.68, -34.68], [-58.68, -34.67], [-58.68, -34.67], [-58.69, -34.67], [-58.69, -34.67], [-58.69, -34.67], [-58.69, -34.67], [-58.69, -34.67], [-58.69, -34.67], [-58.69, -34.67], [-58.69, -34.67], [-58.69, -34.66], [-58.7, -34.66], [-58.7, -34.66], [-58.7, -34.66], [-58.7, -34.66], [-58.71, -34.65], [-58.71, -34.65], [-58.71, -34.65], [-58.71, -34.65], [-58.72, -34.65], [-58.72, -34.64], [-58.72, -34.64], [-58.72, -34.64], [-58.72, -34.64], [-58.73, -34.64], [-58.73, -34.64], [-58.73, -34.64], [-58.73, -34.63], [-58.73, -34.63], [-58.73, -34.63], [-58.73, -34.63], [-58.73, -34.63], [-58.73, -34.63], [-58.73, -34.63], [-58.73, -34.63], [-58.73, -34.63], [-58.73, -34.63], [-58.73, -34.63], [-58.73, -34.63], [-58.73, -34.63], [-58.73, -34.63], [-58.73, -34.63], [-58.73, -34.63], [-58.73, -34.63], [-58.73, -34.63], [-58.73, -34.63], [-58.73, -34.63], [-58.73, -34.63], [-58.73, -34.63], [-58.73, -34.63], [-58.73, -34.63], [-58.73, -34.63], [-58.72, -34.63], [-58.72, -34.63], [-58.72, -34.63], [-58.72, -34.63], [-58.72, -34.63], [-58.72, -34.63], [-58.73, -34.63], [-58.73, -34.63], [-58.73, -34.63], [-58.72, -34.63]]]}}, {"type": "Feature", "properties": {"cca": "101", "cde": "06568", "fna": "Partido de Mor\u00f3n", "gna": "Partido", "nam": "Mor\u00f3n", "sag": "ARBA", "ara3": 55.0, "arl": 55.66}, "geometry": {"type": "Polygon", "coordinates": [[[-58.62, -34.59], [-58.62, -34.59], [-58.61, -34.59], [-58.6, -34.6], [-58.59, -34.61], [-58.59, -34.61], [-58.59, -34.61], [-58.58, -34.61], [-58.58, -34.62], [-58.58, -34.62], [-58.57, -34.63], [-58.57, -34.63], [-58.56, -34.63], [-58.56, -34.63], [-58.56, -34.63], [-58.56, -34.64], [-58.56, -34.64], [-58.56, -34.64], [-58.56, -34.64], [-58.56, -34.64], [-58.57, -34.64], [-58.57, -34.64], [-58.57, -34.64], [-58.57, -34.64], [-58.58, -34.64], [-58.58, -34.64], [-58.58, -34.65], [-58.58, -34.65], [-58.58, -34.65], [-58.59, -34.65], [-58.59, -34.66], [-58.6, -34.66], [-58.6, -34.67], [-58.61, -34.67], [-58.61, -34.68], [-58.62, -34.68], [-58.62, -34.68], [-58.62, -34.69], [-58.62, -34.69], [-58.63, -34.69], [-58.63, -34.7], [-58.64, -34.7], [-58.64, -34.7], [-58.64, -34.7], [-58.65, -34.7], [-58.65, -34.7], [-58.66, -34.7], [-58.66, -34.69], [-58.66, -34.69], [-58.66, -34.69], [-58.67, -34.69], [-58.67, -34.68], [-58.66, -34.67], [-58.66, -34.66], [-58.66, -34.66], [-58.66, -34.65], [-58.66, -34.64], [-58.65, -34.63], [-58.65, -34.63], [-58.65, -34.63], [-58.65, -34.63], [-58.65, -34.63], [-58.64, -34.63], [-58.63, -34.63], [-58.62, -34.63], [-58.62, -34.63], [-58.62, -34.63], [-58.62, -34.63], [-58.62, -34.63], [-58.62, -34.63], [-58.62, -34.63], [-58.62, -34.63], [-58.62, -34.63], [-58.62, -34.63], [-58.62, -34.63], [-58.62, -34.62], [-58.62, -34.62], [-58.62, -34.62], [-58.62, -34.62], [-58.62, -34.62], [-58.62, -34.62], [-58.62, -34.62], [-58.62, -34.61], [-58.62, -34.61], [-58.62, -34.61], [-58.62, -34.61], [-58.62, -34.61], [-58.62, -34.61], [-58.62, -34.61], [-58.62, -34.6], [-58.62, -34.6], [-58.62, -34.6], [-58.62, -34.6], [-58.62, -34.6], [-58.62, -34.6], [-58.62, -34.6], [-58.62, -34.6], [-58.62, -34.6], [-58.62, -34.6], [-58.62, -34.59], [-58.62, -34.59], [-58.62, -34.59], [-58.62, -34.59], [-58.62, -34.59], [-58.62, -34.59]]]}}, {"type": "Feature", "properties": {"cca": "047", "cde": "06371", "fna": "Partido de General San Mart\u00edn", "gna": "Partido", "nam": "General San Mart\u00edn", "sag": "ARBA", "ara3": 56.56, "arl": 55.75}, "geometry": {"type": "Polygon", "coordinates": [[[-58.6, -34.49], [-58.6, -34.49], [-58.6, -34.49], [-58.6, -34.49], [-58.6, -34.49], [-58.59, -34.5], [-58.59, -34.5], [-58.59, -34.5], [-58.59, -34.5], [-58.58, -34.5], [-58.58, -34.51], [-58.58, -34.51], [-58.57, -34.52], [-58.57, -34.52], [-58.56, -34.52], [-58.56, -34.53], [-58.55, -34.53], [-58.55, -34.53], [-58.55, -34.54], [-58.54, -34.54], [-58.54, -34.54], [-58.54, -34.54], [-58.54, -34.54], [-58.53, -34.54], [-58.53, -34.54], [-58.53, -34.54], [-58.53, -34.54], [-58.53, -34.54], [-58.53, -34.54], [-58.53, -34.55], [-58.53, -34.55], [-58.52, -34.55], [-58.52, -34.55], [-58.52, -34.56], [-58.52, -34.56], [-58.52, -34.56], [-58.52, -34.56], [-58.51, -34.56], [-58.51, -34.57], [-58.51, -34.57], [-58.51, -34.57], [-58.52, -34.58], [-58.52, -34.58], [-58.52, -34.59], [-58.52, -34.6], [-58.52, -34.6], [-58.53, -34.6], [-58.53, -34.6], [-58.53, -34.6], [-58.53, -34.6], [-58.53, -34.6], [-58.53, -34.6], [-58.53, -34.6], [-58.53, -34.6], [-58.53, -34.6], [-58.54, -34.6], [-58.54, -34.6], [-58.54, -34.6], [-58.54, -34.6], [-58.54, -34.6], [-58.54, -34.6], [-58.54, -34.59], [-58.54, -34.59], [-58.54, -34.6], [-58.54, -34.59], [-58.54, -34.59], [-58.55, -34.59], [-58.55, -34.59], [-58.55, -34.59], [-58.55, -34.59], [-58.56, -34.59], [-58.56, -34.59], [-58.56, -34.59], [-58.56, -34.59], [-58.56, -34.59], [-58.56, -34.59], [-58.56, -34.59], [-58.56, -34.59], [-58.56, -34.59], [-58.56, -34.59], [-58.56, -34.59], [-58.57, -34.59], [-58.57, -34.58], [-58.57, -34.58], [-58.58, -34.58], [-58.58, -34.58], [-58.58, -34.58], [-58.58, -34.57], [-58.58, -34.57], [-58.58, -34.57], [-58.59, -34.57], [-58.59, -34.57], [-58.59, -34.57], [-58.59, -34.57], [-58.6, -34.56], [-58.6, -34.56], [-58.6, -34.56], [-58.6, -34.56], [-58.6, -34.56], [-58.6, -34.56], [-58.6, -34.56], [-58.61, -34.56], [-58.61, -34.56], [-58.61, -34.55], [-58.61, -34.55], [-58.61, -34.55], [-58.61, -34.55], [-58.62, -34.55], [-58.62, -34.55], [-58.62, -34.55], [-58.62, -34.55], [-58.62, -34.55], [-58.62, -34.55], [-58.62, -34.55], [-58.62, -34.55], [-58.62, -34.55], [-58.62, -34.55], [-58.62, -34.55], [-58.62, -34.55], [-58.62, -34.55], [-58.62, -34.55], [-58.62, -34.55], [-58.62, -34.55], [-58.62, -34.55], [-58.62, -34.55], [-58.62, -34.55], [-58.62, -34.55], [-58.62, -34.55], [-58.62, -34.55], [-58.62, -34.54], [-58.61, -34.54], [-58.61, -34.54], [-58.61, -34.54], [-58.61, -34.54], [-58.61, -34.54], [-58.61, -34.54], [-58.61, -34.54], [-58.61, -34.54], [-58.61, -34.54], [-58.61, -34.54], [-58.61, -34.54], [-58.61, -34.54], [-58.61, -34.54], [-58.61, -34.54], [-58.61, -34.54], [-58.61, -34.54], [-58.61, -34.54], [-58.61, -34.54], [-58.61, -34.54], [-58.61, -34.54], [-58.61, -34.54], [-58.61, -34.54], [-58.61, -34.54], [-58.61, -34.54], [-58.61, -34.54], [-58.61, -34.54], [-58.61, -34.54], [-58.61, -34.54], [-58.61, -34.54], [-58.61, -34.54], [-58.61, -34.54], [-58.61, -34.53], [-58.61, -34.53], [-58.61, -34.53], [-58.61, -34.53], [-58.61, -34.53], [-58.61, -34.53], [-58.61, -34.53], [-58.61, -34.53], [-58.61, -34.53], [-58.61, -34.53], [-58.61, -34.53], [-58.61, -34.53], [-58.61, -34.53], [-58.61, -34.53], [-58.61, -34.53], [-58.6, -34.53], [-58.6, -34.53], [-58.6, -34.53], [-58.6, -34.53], [-58.6, -34.53], [-58.6, -34.53], [-58.6, -34.53], [-58.6, -34.53], [-58.6, -34.53], [-58.6, -34.53], [-58.6, -34.53], [-58.6, -34.53], [-58.6, -34.53], [-58.6, -34.53], [-58.6, -34.52], [-58.6, -34.52], [-58.6, -34.52], [-58.6, -34.52], [-58.6, -34.52], [-58.6, -34.52], [-58.6, -34.52], [-58.6, -34.52], [-58.6, -34.52], [-58.6, -34.52], [-58.6, -34.52], [-58.6, -34.52], [-58.6, -34.52], [-58.6, -34.52], [-58.6, -34.52], [-58.6, -34.52], [-58.6, -34.52], [-58.6, -34.52], [-58.6, -34.52], [-58.6, -34.52], [-58.6, -34.52], [-58.6, -34.52], [-58.6, -34.52], [-58.6, -34.52], [-58.6, -34.51], [-58.6, -34.51], [-58.6, -34.51], [-58.6, -34.51], [-58.6, -34.51], [-58.6, -34.51], [-58.6, -34.51], [-58.6, -34.51], [-58.6, -34.51], [-58.6, -34.51], [-58.6, -34.51], [-58.6, -34.51], [-58.6, -34.51], [-58.6, -34.51], [-58.6, -34.51], [-58.6, -34.51], [-58.6, -34.51], [-58.6, -34.51], [-58.6, -34.51], [-58.6, -34.51], [-58.6, -34.51], [-58.6, -34.51], [-58.6, -34.51], [-58.6, -34.51], [-58.6, -34.51], [-58.6, -34.51], [-58.6, -34.51], [-58.6, -34.5], [-58.6, -34.5], [-58.6, -34.5], [-58.6, -34.5], [-58.6, -34.5], [-58.6, -34.5], [-58.6, -34.5], [-58.6, -34.5], [-58.6, -34.5], [-58.6, -34.5], [-58.6, -34.5], [-58.6, -34.5], [-58.6, -34.5], [-58.6, -34.5], [-58.6, -34.5], [-58.6, -34.5], [-58.6, -34.5], [-58.6, -34.5], [-58.6, -34.49], [-58.6, -34.49], [-58.6, -34.49], [-58.6, -34.49], [-58.6, -34.49], [-58.6, -34.49], [-58.6, -34.49], [-58.6, -34.49]]]}}, {"type": "Feature", "properties": {"cca": "084", "cde": "06638", "fna": "Partido de Pilar", "gna": "Partido", "nam": "Pilar", "sag": "ARBA", "ara3": 384.79, "arl": 383.01}, "geometry": {"type": "Polygon", "coordinates": [[[-58.92, -34.4], [-58.92, -34.4], [-58.92, -34.39], [-58.92, -34.39], [-58.92, -34.39], [-58.92, -34.39], [-58.92, -34.39], [-58.92, -34.39], [-58.92, -34.39], [-58.92, -34.39], [-58.92, -34.39], [-58.92, -34.39], [-58.92, -34.39], [-58.92, -34.39], [-58.92, -34.39], [-58.92, -34.39], [-58.92, -34.39], [-58.92, -34.39], [-58.92, -34.39], [-58.92, -34.39], [-58.92, -34.39], [-58.92, -34.39], [-58.92, -34.39], [-58.92, -34.39], [-58.92, -34.39], [-58.92, -34.39], [-58.92, -34.39], [-58.92, -34.39], [-58.92, -34.39], [-58.92, -34.39], [-58.92, -34.39], [-58.92, -34.39], [-58.92, -34.39], [-58.92, -34.39], [-58.92, -34.39], [-58.92, -34.39], [-58.92, -34.39], [-58.92, -34.39], [-58.92, -34.39], [-58.92, -34.39], [-58.92, -34.39], [-58.92, -34.39], [-58.92, -34.39], [-58.92, -34.39], [-58.92, -34.39], [-58.92, -34.39], [-58.92, -34.39], [-58.92, -34.39], [-58.92, -34.39], [-58.92, -34.39], [-58.92, -34.39], [-58.92, -34.39], [-58.92, -34.39], [-58.92, -34.39], [-58.92, -34.39], [-58.92, -34.39], [-58.92, -34.39], [-58.92, -34.39], [-58.92, -34.39], [-58.92, -34.39], [-58.92, -34.39], [-58.92, -34.39], [-58.92, -34.39], [-58.92, -34.39], [-58.92, -34.39], [-58.92, -34.39], [-58.92, -34.39], [-58.92, -34.39], [-58.92, -34.39], [-58.92, -34.39], [-58.92, -34.39], [-58.92, -34.39], [-58.92, -34.39], [-58.92, -34.39], [-58.92, -34.39], [-58.92, -34.39], [-58.92, -34.39], [-58.92, -34.39], [-58.92, -34.39], [-58.92, -34.39], [-58.92, -34.39], [-58.92, -34.39], [-58.92, -34.39], [-58.92, -34.39], [-58.92, -34.39], [-58.92, -34.39], [-58.92, -34.39], [-58.92, -34.38], [-58.92, -34.38], [-58.92, -34.38], [-58.92, -34.38], [-58.92, -34.38], [-58.92, -34.38], [-58.92, -34.38], [-58.92, -34.38], [-58.92, -34.38], [-58.92, -34.38], [-58.92, -34.38], [-58.92, -34.38], [-58.92, -34.38], [-58.92, -34.38], [-58.92, -34.38], [-58.92, -34.38], [-58.92, -34.38], [-58.92, -34.38], [-58.92, -34.38], [-58.92, -34.38], [-58.92, -34.38], [-58.92, -34.38], [-58.92, -34.38], [-58.92, -34.38], [-58.92, -34.38], [-58.92, -34.38], [-58.92, -34.38], [-58.92, -34.38], [-58.92, -34.38], [-58.92, -34.38], [-58.92, -34.38], [-58.92, -34.38], [-58.92, -34.38], [-58.92, -34.38], [-58.92, -34.38], [-58.92, -34.38], [-58.92, -34.38], [-58.92, -34.38], [-58.92, -34.38], [-58.92, -34.38], [-58.92, -34.38], [-58.92, -34.38], [-58.92, -34.38], [-58.92, -34.38], [-58.92, -34.38], [-58.92, -34.38], [-58.92, -34.38], [-58.92, -34.38], [-58.92, -34.38], [-58.92, -34.38], [-58.92, -34.38], [-58.92, -34.38], [-58.92, -34.38], [-58.92, -34.38], [-58.92, -34.38], [-58.92, -34.38], [-58.92, -34.38], [-58.92, -34.38], [-58.92, -34.38], [-58.92, -34.38], [-58.92, -34.38], [-58.92, -34.38], [-58.92, -34.38], [-58.92, -34.38], [-58.92, -34.38], [-58.92, -34.38], [-58.92, -34.38], [-58.92, -34.38], [-58.92, -34.38], [-58.92, -34.38], [-58.92, -34.38], [-58.92, -34.38], [-58.92, -34.38], [-58.92, -34.38], [-58.92, -34.38], [-58.92, -34.38], [-58.92, -34.38], [-58.92, -34.38], [-58.92, -34.38], [-58.92, -34.38], [-58.92, -34.38], [-58.92, -34.38], [-58.92, -34.38], [-58.92, -34.38], [-58.92, -34.38], [-58.92, -34.38], [-58.92, -34.38], [-58.92, -34.38], [-58.92, -34.38], [-58.92, -34.38], [-58.92, -34.38], [-58.92, -34.38], [-58.92, -34.37], [-58.92, -34.37], [-58.92, -34.37], [-58.92, -34.37], [-58.92, -34.37], [-58.92, -34.37], [-58.92, -34.37], [-58.92, -34.37], [-58.92, -34.37], [-58.92, -34.37], [-58.92, -34.37], [-58.92, -34.37], [-58.92, -34.37], [-58.92, -34.37], [-58.92, -34.37], [-58.92, -34.37], [-58.92, -34.37], [-58.92, -34.37], [-58.92, -34.37], [-58.92, -34.37], [-58.92, -34.37], [-58.92, -34.37], [-58.92, -34.37], [-58.92, -34.37], [-58.92, -34.37], [-58.92, -34.37], [-58.92, -34.37], [-58.92, -34.37], [-58.92, -34.37], [-58.92, -34.37], [-58.92, -34.37], [-58.92, -34.37], [-58.92, -34.37], [-58.92, -34.37], [-58.92, -34.37], [-58.92, -34.37], [-58.92, -34.37], [-58.92, -34.37], [-58.92, -34.37], [-58.92, -34.37], [-58.92, -34.37], [-58.92, -34.37], [-58.92, -34.37], [-58.92, -34.37], [-58.92, -34.37], [-58.92, -34.37], [-58.92, -34.37], [-58.92, -34.37], [-58.92, -34.37], [-58.92, -34.37], [-58.92, -34.37], [-58.92, -34.37], [-58.92, -34.37], [-58.92, -34.37], [-58.92, -34.37], [-58.92, -34.37], [-58.92, -34.37], [-58.92, -34.37], [-58.92, -34.37], [-58.92, -34.37], [-58.92, -34.37], [-58.92, -34.37], [-58.92, -34.37], [-58.92, -34.37], [-58.91, -34.37], [-58.91, -34.37], [-58.91, -34.37], [-58.91, -34.37], [-58.91, -34.37], [-58.91, -34.37], [-58.91, -34.37], [-58.91, -34.37], [-58.91, -34.37], [-58.91, -34.37], [-58.91, -34.37], [-58.91, -34.37], [-58.91, -34.37], [-58.91, -34.37], [-58.91, -34.37], [-58.91, -34.37], [-58.91, -34.36], [-58.91, -34.36], [-58.91, -34.36], [-58.91, -34.36], [-58.91, -34.36], [-58.91, -34.36], [-58.91, -34.36], [-58.91, -34.36], [-58.91, -34.36], [-58.91, -34.36], [-58.91, -34.36], [-58.91, -34.36], [-58.91, -34.36], [-58.91, -34.36], [-58.91, -34.36], [-58.91, -34.36], [-58.91, -34.36], [-58.91, -34.36], [-58.91, -34.36], [-58.91, -34.36], [-58.91, -34.36], [-58.91, -34.36], [-58.91, -34.36], [-58.91, -34.36], [-58.91, -34.36], [-58.91, -34.36], [-58.91, -34.36], [-58.91, -34.36], [-58.91, -34.36], [-58.91, -34.36], [-58.91, -34.36], [-58.91, -34.36], [-58.91, -34.36], [-58.91, -34.36], [-58.91, -34.36], [-58.91, -34.36], [-58.91, -34.36], [-58.91, -34.36], [-58.91, -34.36], [-58.91, -34.36], [-58.91, -34.36], [-58.91, -34.36], [-58.91, -34.36], [-58.91, -34.36], [-58.91, -34.36], [-58.91, -34.36], [-58.91, -34.36], [-58.91, -34.36], [-58.91, -34.36], [-58.91, -34.36], [-58.91, -34.36], [-58.91, -34.36], [-58.91, -34.36], [-58.91, -34.36], [-58.91, -34.36], [-58.91, -34.36], [-58.91, -34.36], [-58.91, -34.36], [-58.91, -34.36], [-58.91, -34.36], [-58.91, -34.36], [-58.91, -34.36], [-58.91, -34.36], [-58.91, -34.36], [-58.91, -34.36], [-58.91, -34.36], [-58.91, -34.36], [-58.91, -34.36], [-58.91, -34.36], [-58.91, -34.36], [-58.91, -34.36], [-58.91, -34.36], [-58.91, -34.36], [-58.91, -34.36], [-58.91, -34.36], [-58.91, -34.36], [-58.91, -34.36], [-58.92, -34.36], [-58.92, -34.36], [-58.92, -34.36], [-58.92, -34.36], [-58.92, -34.36], [-58.92, -34.36], [-58.92, -34.36], [-58.92, -34.36], [-58.92, -34.36], [-58.92, -34.36], [-58.92, -34.36], [-58.92, -34.36], [-58.92, -34.36], [-58.92, -34.36], [-58.92, -34.36], [-58.91, -34.36], [-58.91, -34.36], [-58.91, -34.36], [-58.91, -34.36], [-58.91, -34.36], [-58.91, -34.35], [-58.91, -34.35], [-58.92, -34.35], [-58.92, -34.35], [-58.92, -34.35], [-58.92, -34.35], [-58.92, -34.35], [-58.92, -34.35], [-58.92, -34.35], [-58.92, -34.35], [-58.92, -34.35], [-58.92, -34.35], [-58.92, -34.35], [-58.92, -34.35], [-58.92, -34.35], [-58.92, -34.35], [-58.92, -34.35], [-58.92, -34.35], [-58.92, -34.35], [-58.92, -34.35], [-58.92, -34.35], [-58.92, -34.35], [-58.92, -34.35], [-58.92, -34.35], [-58.92, -34.35], [-58.92, -34.35], [-58.92, -34.35], [-58.92, -34.35], [-58.92, -34.35], [-58.92, -34.35], [-58.92, -34.35], [-58.92, -34.35], [-58.92, -34.35], [-58.92, -34.35], [-58.92, -34.35], [-58.92, -34.35], [-58.92, -34.35], [-58.92, -34.35], [-58.92, -34.35], [-58.91, -34.35], [-58.91, -34.35], [-58.91, -34.35], [-58.91, -34.35], [-58.91, -34.35], [-58.91, -34.35], [-58.91, -34.35], [-58.91, -34.35], [-58.91, -34.35], [-58.91, -34.35], [-58.92, -34.35], [-58.92, -34.35], [-58.92, -34.35], [-58.92, -34.35], [-58.92, -34.35], [-58.92, -34.35], [-58.92, -34.35], [-58.92, -34.35], [-58.92, -34.35], [-58.92, -34.35], [-58.92, -34.35], [-58.92, -34.35], [-58.92, -34.35], [-58.92, -34.35], [-58.92, -34.35], [-58.92, -34.35], [-58.92, -34.35], [-58.92, -34.35], [-58.92, -34.35], [-58.92, -34.35], [-58.92, -34.35], [-58.92, -34.35], [-58.92, -34.35], [-58.92, -34.35], [-58.92, -34.35], [-58.92, -34.35], [-58.92, -34.35], [-58.92, -34.35], [-58.92, -34.35], [-58.91, -34.35], [-58.91, -34.35], [-58.91, -34.35], [-58.91, -34.35], [-58.91, -34.35], [-58.91, -34.35], [-58.91, -34.35], [-58.91, -34.34], [-58.91, -34.34], [-58.91, -34.34], [-58.91, -34.34], [-58.91, -34.34], [-58.91, -34.34], [-58.91, -34.34], [-58.91, -34.34], [-58.91, -34.34], [-58.92, -34.34], [-58.92, -34.34], [-58.92, -34.34], [-58.92, -34.34], [-58.92, -34.34], [-58.92, -34.34], [-58.92, -34.34], [-58.92, -34.34], [-58.92, -34.34], [-58.92, -34.34], [-58.92, -34.34], [-58.92, -34.34], [-58.92, -34.34], [-58.92, -34.34], [-58.92, -34.34], [-58.92, -34.34], [-58.92, -34.34], [-58.92, -34.34], [-58.92, -34.34], [-58.92, -34.34], [-58.92, -34.34], [-58.92, -34.34], [-58.92, -34.34], [-58.92, -34.34], [-58.92, -34.34], [-58.92, -34.34], [-58.92, -34.34], [-58.92, -34.34], [-58.92, -34.34], [-58.92, -34.34], [-58.92, -34.34], [-58.92, -34.34], [-58.92, -34.34], [-58.92, -34.34], [-58.92, -34.34], [-58.92, -34.34], [-58.91, -34.34], [-58.91, -34.34], [-58.91, -34.34], [-58.91, -34.34], [-58.91, -34.34], [-58.91, -34.34], [-58.91, -34.34], [-58.91, -34.34], [-58.91, -34.34], [-58.91, -34.34], [-58.92, -34.34], [-58.92, -34.33], [-58.92, -34.33], [-58.92, -34.33], [-58.92, -34.33], [-58.92, -34.33], [-58.92, -34.33], [-58.92, -34.33], [-58.92, -34.33], [-58.92, -34.33], [-58.92, -34.33], [-58.92, -34.33], [-58.92, -34.33], [-58.92, -34.33], [-58.92, -34.33], [-58.92, -34.33], [-58.92, -34.33], [-58.92, -34.33], [-58.92, -34.33], [-58.92, -34.33], [-58.92, -34.33], [-58.92, -34.33], [-58.92, -34.33], [-58.92, -34.33], [-58.92, -34.33], [-58.92, -34.33], [-58.92, -34.33], [-58.92, -34.33], [-58.92, -34.33], [-58.92, -34.33], [-58.92, -34.33], [-58.92, -34.33], [-58.92, -34.33], [-58.92, -34.33], [-58.92, -34.33], [-58.92, -34.33], [-58.92, -34.33], [-58.92, -34.33], [-58.92, -34.33], [-58.92, -34.33], [-58.92, -34.33], [-58.92, -34.33], [-58.92, -34.33], [-58.92, -34.33], [-58.92, -34.33], [-58.91, -34.33], [-58.91, -34.33], [-58.91, -34.33], [-58.91, -34.33], [-58.91, -34.33], [-58.91, -34.33], [-58.91, -34.33], [-58.91, -34.33], [-58.91, -34.33], [-58.91, -34.33], [-58.91, -34.33], [-58.91, -34.33], [-58.91, -34.32], [-58.91, -34.32], [-58.91, -34.32], [-58.91, -34.32], [-58.91, -34.32], [-58.91, -34.32], [-58.91, -34.32], [-58.91, -34.32], [-58.91, -34.32], [-58.91, -34.32], [-58.91, -34.32], [-58.91, -34.32], [-58.91, -34.32], [-58.91, -34.32], [-58.91, -34.32], [-58.91, -34.32], [-58.91, -34.32], [-58.91, -34.32], [-58.91, -34.32], [-58.91, -34.32], [-58.91, -34.32], [-58.91, -34.32], [-58.91, -34.32], [-58.91, -34.32], [-58.91, -34.32], [-58.91, -34.32], [-58.91, -34.32], [-58.91, -34.32], [-58.91, -34.32], [-58.91, -34.32], [-58.91, -34.32], [-58.91, -34.32], [-58.91, -34.32], [-58.91, -34.32], [-58.91, -34.32], [-58.91, -34.32], [-58.91, -34.32], [-58.91, -34.32], [-58.91, -34.32], [-58.91, -34.32], [-58.91, -34.32], [-58.91, -34.32], [-58.91, -34.32], [-58.91, -34.32], [-58.91, -34.32], [-58.91, -34.32], [-58.91, -34.32], [-58.91, -34.32], [-58.91, -34.32], [-58.91, -34.32], [-58.91, -34.32], [-58.91, -34.32], [-58.91, -34.32], [-58.91, -34.31], [-58.91, -34.31], [-58.91, -34.31], [-58.91, -34.31], [-58.91, -34.31], [-58.91, -34.31], [-58.91, -34.31], [-58.91, -34.31], [-58.91, -34.31], [-58.91, -34.31], [-58.91, -34.31], [-58.91, -34.31], [-58.91, -34.31], [-58.91, -34.31], [-58.91, -34.31], [-58.91, -34.31], [-58.91, -34.31], [-58.9, -34.31], [-58.9, -34.31], [-58.9, -34.31], [-58.9, -34.31], [-58.9, -34.31], [-58.91, -34.31], [-58.91, -34.31], [-58.91, -34.31], [-58.9, -34.31], [-58.9, -34.31], [-58.9, -34.31], [-58.9, -34.31], [-58.9, -34.31], [-58.9, -34.31], [-58.9, -34.31], [-58.9, -34.31], [-58.9, -34.31], [-58.9, -34.31], [-58.9, -34.31], [-58.9, -34.31], [-58.9, -34.31], [-58.9, -34.31], [-58.9, -34.31], [-58.9, -34.31], [-58.9, -34.31], [-58.9, -34.31], [-58.9, -34.31], [-58.9, -34.31], [-58.9, -34.31], [-58.9, -34.31], [-58.9, -34.31], [-58.9, -34.31], [-58.9, -34.31], [-58.9, -34.31], [-58.9, -34.31], [-58.9, -34.31], [-58.9, -34.31], [-58.9, -34.31], [-58.9, -34.31], [-58.89, -34.33], [-58.88, -34.34], [-58.88, -34.34], [-58.88, -34.34], [-58.87, -34.35], [-58.86, -34.36], [-58.85, -34.37], [-58.85, -34.37], [-58.84, -34.39], [-58.84, -34.39], [-58.84, -34.39], [-58.84, -34.39], [-58.84, -34.39], [-58.84, -34.39], [-58.84, -34.39], [-58.84, -34.39], [-58.83, -34.4], [-58.83, -34.4], [-58.83, -34.4], [-58.82, -34.41], [-58.82, -34.42], [-58.82, -34.42], [-58.82, -34.42], [-58.82, -34.41], [-58.82, -34.41], [-58.81, -34.41], [-58.81, -34.41], [-58.81, -34.41], [-58.81, -34.41], [-58.81, -34.41], [-58.81, -34.41], [-58.81, -34.41], [-58.81, -34.41], [-58.81, -34.41], [-58.81, -34.41], [-58.81, -34.41], [-58.81, -34.41], [-58.81, -34.41], [-58.81, -34.41], [-58.81, -34.41], [-58.81, -34.41], [-58.81, -34.41], [-58.81, -34.41], [-58.81, -34.41], [-58.81, -34.41], [-58.81, -34.41], [-58.81, -34.41], [-58.81, -34.41], [-58.81, -34.41], [-58.81, -34.41], [-58.81, -34.41], [-58.81, -34.41], [-58.81, -34.41], [-58.81, -34.41], [-58.81, -34.41], [-58.81, -34.41], [-58.81, -34.41], [-58.81, -34.41], [-58.81, -34.41], [-58.81, -34.41], [-58.8, -34.41], [-58.8, -34.41], [-58.8, -34.41], [-58.8, -34.41], [-58.8, -34.41], [-58.8, -34.41], [-58.8, -34.41], [-58.8, -34.41], [-58.8, -34.41], [-58.8, -34.41], [-58.8, -34.41], [-58.8, -34.41], [-58.8, -34.41], [-58.8, -34.41], [-58.8, -34.41], [-58.8, -34.41], [-58.8, -34.41], [-58.8, -34.41], [-58.8, -34.41], [-58.8, -34.41], [-58.8, -34.41], [-58.8, -34.41], [-58.8, -34.41], [-58.79, -34.41], [-58.79, -34.41], [-58.79, -34.41], [-58.79, -34.41], [-58.79, -34.41], [-58.79, -34.41], [-58.79, -34.41], [-58.79, -34.41], [-58.79, -34.41], [-58.79, -34.41], [-58.79, -34.41], [-58.79, -34.41], [-58.79, -34.41], [-58.79, -34.4], [-58.79, -34.4], [-58.79, -34.4], [-58.79, -34.4], [-58.79, -34.4], [-58.79, -34.4], [-58.79, -34.4], [-58.79, -34.4], [-58.79, -34.4], [-58.79, -34.4], [-58.79, -34.4], [-58.79, -34.4], [-58.79, -34.4], [-58.79, -34.4], [-58.79, -34.4], [-58.79, -34.4], [-58.79, -34.4], [-58.79, -34.4], [-58.79, -34.4], [-58.79, -34.4], [-58.79, -34.4], [-58.79, -34.4], [-58.79, -34.4], [-58.79, -34.4], [-58.79, -34.4], [-58.79, -34.4], [-58.79, -34.4], [-58.79, -34.4], [-58.79, -34.4], [-58.78, -34.4], [-58.78, -34.4], [-58.78, -34.4], [-58.77, -34.41], [-58.77, -34.42], [-58.76, -34.42], [-58.76, -34.43], [-58.76, -34.43], [-58.75, -34.44], [-58.75, -34.44], [-58.74, -34.45], [-58.74, -34.46], [-58.74, -34.46], [-58.74, -34.46], [-58.74, -34.46], [-58.74, -34.46], [-58.75, -34.47], [-58.75, -34.47], [-58.75, -34.47], [-58.76, -34.46], [-58.76, -34.46], [-58.76, -34.47], [-58.76, -34.47], [-58.76, -34.47], [-58.77, -34.46], [-58.77, -34.47], [-58.77, -34.47], [-58.78, -34.47], [-58.78, -34.47], [-58.78, -34.47], [-58.78, -34.47], [-58.78, -34.47], [-58.78, -34.47], [-58.78, -34.48], [-58.78, -34.48], [-58.79, -34.48], [-58.79, -34.47], [-58.79, -34.47], [-58.79, -34.47], [-58.8, -34.47], [-58.8, -34.47], [-58.8, -34.47], [-58.8, -34.46], [-58.81, -34.46], [-58.81, -34.46], [-58.81, -34.46], [-58.81, -34.46], [-58.82, -34.46], [-58.82, -34.46], [-58.82, -34.46], [-58.82, -34.46], [-58.82, -34.45], [-58.82, -34.45], [-58.82, -34.45], [-58.82, -34.45], [-58.82, -34.45], [-58.82, -34.45], [-58.82, -34.45], [-58.82, -34.45], [-58.82, -34.45], [-58.82, -34.45], [-58.82, -34.45], [-58.82, -34.45], [-58.82, -34.45], [-58.82, -34.45], [-58.82, -34.45], [-58.82, -34.45], [-58.82, -34.46], [-58.82, -34.46], [-58.82, -34.46], [-58.82, -34.46], [-58.82, -34.46], [-58.82, -34.46], [-58.82, -34.46], [-58.82, -34.46], [-58.82, -34.46], [-58.82, -34.46], [-58.82, -34.46], [-58.82, -34.46], [-58.82, -34.46], [-58.82, -34.46], [-58.82, -34.46], [-58.82, -34.46], [-58.82, -34.46], [-58.82, -34.46], [-58.82, -34.46], [-58.82, -34.46], [-58.82, -34.46], [-58.82, -34.46], [-58.82, -34.46], [-58.82, -34.46], [-58.82, -34.46], [-58.82, -34.46], [-58.82, -34.46], [-58.82, -34.46], [-58.82, -34.46], [-58.82, -34.46], [-58.82, -34.46], [-58.82, -34.46], [-58.82, -34.46], [-58.82, -34.46], [-58.82, -34.46], [-58.82, -34.46], [-58.82, -34.46], [-58.82, -34.46], [-58.82, -34.46], [-58.81, -34.46], [-58.81, -34.46], [-58.81, -34.46], [-58.81, -34.46], [-58.81, -34.46], [-58.81, -34.46], [-58.81, -34.46], [-58.81, -34.46], [-58.81, -34.46], [-58.81, -34.46], [-58.81, -34.46], [-58.81, -34.46], [-58.81, -34.46], [-58.81, -34.46], [-58.81, -34.47], [-58.81, -34.47], [-58.81, -34.47], [-58.81, -34.47], [-58.81, -34.47], [-58.81, -34.47], [-58.81, -34.47], [-58.81, -34.47], [-58.81, -34.47], [-58.81, -34.47], [-58.81, -34.47], [-58.81, -34.47], [-58.81, -34.47], [-58.81, -34.47], [-58.81, -34.47], [-58.81, -34.47], [-58.81, -34.47], [-58.81, -34.47], [-58.81, -34.47], [-58.81, -34.47], [-58.81, -34.47], [-58.81, -34.47], [-58.81, -34.47], [-58.81, -34.47], [-58.81, -34.47], [-58.81, -34.47], [-58.81, -34.47], [-58.81, -34.47], [-58.81, -34.47], [-58.81, -34.47], [-58.81, -34.47], [-58.81, -34.47], [-58.81, -34.47], [-58.81, -34.47], [-58.81, -34.47], [-58.81, -34.47], [-58.81, -34.47], [-58.81, -34.47], [-58.81, -34.47], [-58.81, -34.47], [-58.81, -34.47], [-58.81, -34.47], [-58.81, -34.47], [-58.81, -34.47], [-58.81, -34.47], [-58.81, -34.47], [-58.81, -34.47], [-58.81, -34.47], [-58.81, -34.47], [-58.81, -34.47], [-58.81, -34.47], [-58.81, -34.47], [-58.81, -34.47], [-58.81, -34.47], [-58.81, -34.47], [-58.81, -34.47], [-58.81, -34.48], [-58.81, -34.48], [-58.81, -34.48], [-58.81, -34.48], [-58.81, -34.48], [-58.81, -34.48], [-58.81, -34.48], [-58.81, -34.48], [-58.81, -34.48], [-58.81, -34.48], [-58.81, -34.48], [-58.81, -34.48], [-58.81, -34.48], [-58.81, -34.48], [-58.81, -34.48], [-58.81, -34.48], [-58.81, -34.48], [-58.81, -34.48], [-58.81, -34.48], [-58.81, -34.48], [-58.81, -34.48], [-58.81, -34.48], [-58.81, -34.48], [-58.81, -34.48], [-58.81, -34.48], [-58.81, -34.48], [-58.81, -34.48], [-58.81, -34.48], [-58.81, -34.48], [-58.81, -34.48], [-58.81, -34.48], [-58.81, -34.48], [-58.81, -34.48], [-58.81, -34.48], [-58.81, -34.48], [-58.81, -34.48], [-58.81, -34.48], [-58.81, -34.48], [-58.81, -34.48], [-58.81, -34.48], [-58.81, -34.48], [-58.81, -34.48], [-58.81, -34.48], [-58.81, -34.48], [-58.81, -34.48], [-58.81, -34.48], [-58.81, -34.48], [-58.81, -34.48], [-58.81, -34.48], [-58.81, -34.48], [-58.81, -34.48], [-58.81, -34.48], [-58.81, -34.48], [-58.81, -34.48], [-58.81, -34.48], [-58.81, -34.48], [-58.81, -34.48], [-58.81, -34.48], [-58.81, -34.48], [-58.81, -34.48], [-58.81, -34.48], [-58.81, -34.48], [-58.81, -34.49], [-58.81, -34.49], [-58.81, -34.49], [-58.81, -34.49], [-58.81, -34.49], [-58.81, -34.49], [-58.81, -34.49], [-58.81, -34.49], [-58.81, -34.49], [-58.81, -34.49], [-58.81, -34.49], [-58.81, -34.49], [-58.81, -34.49], [-58.81, -34.49], [-58.81, -34.49], [-58.81, -34.49], [-58.81, -34.49], [-58.81, -34.49], [-58.81, -34.49], [-58.81, -34.49], [-58.81, -34.49], [-58.81, -34.49], [-58.81, -34.49], [-58.81, -34.49], [-58.81, -34.49], [-58.81, -34.49], [-58.81, -34.49], [-58.81, -34.49], [-58.81, -34.49], [-58.81, -34.49], [-58.81, -34.49], [-58.81, -34.49], [-58.81, -34.49], [-58.81, -34.49], [-58.81, -34.49], [-58.81, -34.49], [-58.81, -34.49], [-58.81, -34.49], [-58.81, -34.49], [-58.81, -34.49], [-58.81, -34.49], [-58.81, -34.49], [-58.81, -34.49], [-58.81, -34.49], [-58.81, -34.49], [-58.81, -34.49], [-58.81, -34.49], [-58.81, -34.49], [-58.81, -34.49], [-58.81, -34.49], [-58.81, -34.49], [-58.81, -34.49], [-58.81, -34.49], [-58.81, -34.49], [-58.81, -34.49], [-58.81, -34.49], [-58.81, -34.49], [-58.81, -34.49], [-58.81, -34.49], [-58.81, -34.49], [-58.81, -34.49], [-58.81, -34.49], [-58.81, -34.49], [-58.81, -34.49], [-58.81, -34.49], [-58.81, -34.49], [-58.81, -34.49], [-58.81, -34.49], [-58.81, -34.49], [-58.81, -34.49], [-58.81, -34.49], [-58.81, -34.49], [-58.81, -34.49], [-58.82, -34.49], [-58.82, -34.49], [-58.82, -34.49], [-58.82, -34.49], [-58.82, -34.49], [-58.82, -34.49], [-58.82, -34.49], [-58.82, -34.49], [-58.82, -34.49], [-58.82, -34.49], [-58.82, -34.49], [-58.82, -34.49], [-58.82, -34.49], [-58.82, -34.49], [-58.82, -34.49], [-58.82, -34.49], [-58.82, -34.49], [-58.82, -34.49], [-58.82, -34.49], [-58.82, -34.49], [-58.82, -34.49], [-58.82, -34.49], [-58.82, -34.49], [-58.82, -34.49], [-58.82, -34.49], [-58.82, -34.49], [-58.82, -34.49], [-58.82, -34.49], [-58.82, -34.49], [-58.82, -34.49], [-58.82, -34.49], [-58.82, -34.49], [-58.82, -34.49], [-58.82, -34.5], [-58.82, -34.5], [-58.82, -34.5], [-58.82, -34.5], [-58.82, -34.5], [-58.82, -34.5], [-58.82, -34.5], [-58.82, -34.5], [-58.82, -34.5], [-58.82, -34.5], [-58.82, -34.5], [-58.82, -34.5], [-58.82, -34.5], [-58.82, -34.5], [-58.82, -34.5], [-58.82, -34.5], [-58.82, -34.5], [-58.82, -34.5], [-58.82, -34.5], [-58.82, -34.5], [-58.82, -34.5], [-58.82, -34.5], [-58.82, -34.5], [-58.82, -34.5], [-58.82, -34.5], [-58.82, -34.5], [-58.82, -34.5], [-58.82, -34.5], [-58.82, -34.5], [-58.82, -34.5], [-58.82, -34.5], [-58.82, -34.5], [-58.82, -34.5], [-58.82, -34.5], [-58.82, -34.5], [-58.82, -34.5], [-58.82, -34.5], [-58.82, -34.5], [-58.82, -34.5], [-58.82, -34.5], [-58.82, -34.5], [-58.82, -34.5], [-58.82, -34.5], [-58.82, -34.5], [-58.82, -34.5], [-58.82, -34.5], [-58.82, -34.5], [-58.82, -34.5], [-58.82, -34.5], [-58.82, -34.5], [-58.82, -34.5], [-58.82, -34.5], [-58.82, -34.5], [-58.82, -34.5], [-58.82, -34.5], [-58.82, -34.5], [-58.82, -34.5], [-58.82, -34.5], [-58.82, -34.5], [-58.82, -34.5], [-58.82, -34.5], [-58.82, -34.5], [-58.82, -34.5], [-58.82, -34.5], [-58.82, -34.5], [-58.82, -34.5], [-58.82, -34.5], [-58.82, -34.5], [-58.82, -34.5], [-58.82, -34.5], [-58.82, -34.5], [-58.82, -34.5], [-58.82, -34.5], [-58.82, -34.5], [-58.82, -34.5], [-58.82, -34.5], [-58.82, -34.5], [-58.82, -34.5], [-58.82, -34.5], [-58.82, -34.5], [-58.82, -34.5], [-58.82, -34.5], [-58.82, -34.5], [-58.82, -34.5], [-58.82, -34.5], [-58.82, -34.5], [-58.82, -34.5], [-58.82, -34.5], [-58.82, -34.5], [-58.82, -34.5], [-58.82, -34.5], [-58.82, -34.5], [-58.82, -34.5], [-58.82, -34.5], [-58.82, -34.5], [-58.82, -34.5], [-58.82, -34.5], [-58.82, -34.5], [-58.82, -34.5], [-58.82, -34.51], [-58.82, -34.51], [-58.82, -34.51], [-58.82, -34.51], [-58.82, -34.51], [-58.82, -34.51], [-58.82, -34.51], [-58.82, -34.51], [-58.82, -34.51], [-58.82, -34.51], [-58.82, -34.51], [-58.82, -34.51], [-58.82, -34.51], [-58.82, -34.51], [-58.82, -34.51], [-58.82, -34.51], [-58.82, -34.51], [-58.82, -34.51], [-58.82, -34.51], [-58.82, -34.51], [-58.82, -34.51], [-58.82, -34.51], [-58.82, -34.51], [-58.82, -34.51], [-58.82, -34.51], [-58.82, -34.51], [-58.82, -34.51], [-58.82, -34.51], [-58.82, -34.51], [-58.82, -34.51], [-58.82, -34.51], [-58.82, -34.51], [-58.82, -34.51], [-58.82, -34.51], [-58.82, -34.51], [-58.82, -34.51], [-58.82, -34.51], [-58.82, -34.51], [-58.82, -34.51], [-58.82, -34.51], [-58.82, -34.51], [-58.82, -34.51], [-58.82, -34.51], [-58.82, -34.51], [-58.82, -34.51], [-58.82, -34.51], [-58.82, -34.51], [-58.82, -34.51], [-58.82, -34.51], [-58.82, -34.51], [-58.82, -34.51], [-58.82, -34.51], [-58.82, -34.51], [-58.82, -34.51], [-58.82, -34.51], [-58.82, -34.51], [-58.82, -34.51], [-58.82, -34.51], [-58.82, -34.51], [-58.82, -34.51], [-58.82, -34.51], [-58.82, -34.51], [-58.82, -34.51], [-58.82, -34.51], [-58.82, -34.51], [-58.82, -34.51], [-58.82, -34.51], [-58.82, -34.51], [-58.82, -34.51], [-58.82, -34.51], [-58.82, -34.51], [-58.82, -34.51], [-58.82, -34.51], [-58.82, -34.51], [-58.82, -34.51], [-58.82, -34.51], [-58.82, -34.51], [-58.82, -34.51], [-58.82, -34.51], [-58.82, -34.51], [-58.82, -34.51], [-58.83, -34.51], [-58.83, -34.51], [-58.83, -34.51], [-58.83, -34.51], [-58.83, -34.51], [-58.83, -34.51], [-58.83, -34.51], [-58.83, -34.51], [-58.83, -34.51], [-58.83, -34.51], [-58.83, -34.51], [-58.83, -34.51], [-58.83, -34.51], [-58.83, -34.51], [-58.83, -34.51], [-58.83, -34.51], [-58.83, -34.51], [-58.83, -34.52], [-58.83, -34.52], [-58.83, -34.52], [-58.83, -34.52], [-58.83, -34.52], [-58.83, -34.52], [-58.83, -34.52], [-58.83, -34.52], [-58.83, -34.52], [-58.83, -34.52], [-58.83, -34.52], [-58.83, -34.52], [-58.83, -34.52], [-58.83, -34.52], [-58.83, -34.52], [-58.83, -34.52], [-58.83, -34.52], [-58.83, -34.52], [-58.83, -34.52], [-58.83, -34.52], [-58.83, -34.52], [-58.83, -34.52], [-58.83, -34.52], [-58.83, -34.52], [-58.83, -34.52], [-58.83, -34.52], [-58.83, -34.52], [-58.83, -34.52], [-58.83, -34.52], [-58.83, -34.52], [-58.83, -34.52], [-58.83, -34.52], [-58.83, -34.52], [-58.83, -34.52], [-58.83, -34.52], [-58.83, -34.52], [-58.83, -34.52], [-58.83, -34.52], [-58.83, -34.52], [-58.83, -34.52], [-58.83, -34.52], [-58.83, -34.52], [-58.83, -34.52], [-58.83, -34.52], [-58.83, -34.52], [-58.83, -34.52], [-58.83, -34.52], [-58.83, -34.52], [-58.83, -34.52], [-58.83, -34.52], [-58.83, -34.52], [-58.83, -34.52], [-58.83, -34.52], [-58.83, -34.52], [-58.83, -34.52], [-58.83, -34.52], [-58.83, -34.52], [-58.83, -34.52], [-58.83, -34.52], [-58.83, -34.52], [-58.83, -34.52], [-58.83, -34.53], [-58.83, -34.53], [-58.83, -34.53], [-58.83, -34.53], [-58.83, -34.53], [-58.83, -34.53], [-58.83, -34.53], [-58.83, -34.53], [-58.83, -34.53], [-58.83, -34.53], [-58.83, -34.53], [-58.83, -34.53], [-58.83, -34.53], [-58.83, -34.53], [-58.83, -34.53], [-58.83, -34.53], [-58.83, -34.53], [-58.83, -34.53], [-58.83, -34.53], [-58.83, -34.53], [-58.83, -34.53], [-58.83, -34.53], [-58.83, -34.53], [-58.83, -34.53], [-58.83, -34.53], [-58.83, -34.53], [-58.83, -34.53], [-58.83, -34.53], [-58.83, -34.53], [-58.83, -34.53], [-58.83, -34.53], [-58.83, -34.53], [-58.83, -34.53], [-58.83, -34.53], [-58.83, -34.53], [-58.83, -34.53], [-58.83, -34.53], [-58.83, -34.53], [-58.83, -34.53], [-58.83, -34.53], [-58.83, -34.53], [-58.83, -34.53], [-58.84, -34.53], [-58.84, -34.53], [-58.84, -34.53], [-58.84, -34.53], [-58.84, -34.53], [-58.84, -34.53], [-58.84, -34.53], [-58.84, -34.53], [-58.84, -34.53], [-58.84, -34.53], [-58.84, -34.53], [-58.84, -34.53], [-58.84, -34.53], [-58.84, -34.53], [-58.84, -34.53], [-58.84, -34.53], [-58.84, -34.53], [-58.84, -34.53], [-58.84, -34.53], [-58.84, -34.53], [-58.84, -34.53], [-58.84, -34.53], [-58.84, -34.53], [-58.84, -34.53], [-58.84, -34.53], [-58.84, -34.53], [-58.84, -34.53], [-58.84, -34.53], [-58.84, -34.53], [-58.84, -34.53], [-58.84, -34.53], [-58.84, -34.53], [-58.84, -34.53], [-58.84, -34.53], [-58.84, -34.53], [-58.84, -34.53], [-58.84, -34.53], [-58.84, -34.53], [-58.84, -34.53], [-58.84, -34.54], [-58.84, -34.54], [-58.84, -34.54], [-58.84, -34.54], [-58.84, -34.54], [-58.84, -34.54], [-58.84, -34.54], [-58.84, -34.54], [-58.84, -34.54], [-58.84, -34.54], [-58.84, -34.54], [-58.84, -34.54], [-58.84, -34.54], [-58.84, -34.54], [-58.84, -34.54], [-58.84, -34.54], [-58.84, -34.54], [-58.84, -34.54], [-58.84, -34.54], [-58.84, -34.54], [-58.84, -34.54], [-58.84, -34.54], [-58.84, -34.54], [-58.84, -34.54], [-58.84, -34.54], [-58.84, -34.54], [-58.84, -34.54], [-58.84, -34.54], [-58.84, -34.54], [-58.84, -34.54], [-58.84, -34.54], [-58.84, -34.54], [-58.84, -34.54], [-58.84, -34.54], [-58.84, -34.54], [-58.84, -34.54], [-58.84, -34.54], [-58.84, -34.54], [-58.84, -34.54], [-58.84, -34.54], [-58.84, -34.54], [-58.84, -34.54], [-58.84, -34.54], [-58.84, -34.54], [-58.84, -34.54], [-58.84, -34.54], [-58.84, -34.54], [-58.84, -34.54], [-58.84, -34.54], [-58.84, -34.54], [-58.84, -34.54], [-58.84, -34.54], [-58.84, -34.54], [-58.84, -34.54], [-58.84, -34.54], [-58.84, -34.54], [-58.84, -34.54], [-58.84, -34.54], [-58.84, -34.54], [-58.84, -34.54], [-58.84, -34.54], [-58.84, -34.54], [-58.84, -34.54], [-58.84, -34.54], [-58.84, -34.54], [-58.84, -34.54], [-58.84, -34.54], [-58.84, -34.54], [-58.84, -34.54], [-58.84, -34.54], [-58.84, -34.54], [-58.84, -34.54], [-58.84, -34.54], [-58.84, -34.54], [-58.84, -34.54], [-58.84, -34.54], [-58.84, -34.54], [-58.84, -34.54], [-58.84, -34.54], [-58.84, -34.54], [-58.84, -34.54], [-58.84, -34.54], [-58.84, -34.54], [-58.84, -34.54], [-58.84, -34.54], [-58.84, -34.54], [-58.84, -34.54], [-58.84, -34.54], [-58.84, -34.54], [-58.84, -34.54], [-58.84, -34.54], [-58.84, -34.54], [-58.84, -34.54], [-58.84, -34.54], [-58.84, -34.54], [-58.84, -34.54], [-58.84, -34.54], [-58.84, -34.54], [-58.84, -34.54], [-58.84, -34.54], [-58.84, -34.54], [-58.84, -34.54], [-58.84, -34.54], [-58.84, -34.54], [-58.84, -34.54], [-58.84, -34.54], [-58.84, -34.54], [-58.84, -34.54], [-58.84, -34.54], [-58.84, -34.54], [-58.84, -34.54], [-58.84, -34.54], [-58.85, -34.54], [-58.85, -34.55], [-58.85, -34.55], [-58.85, -34.55], [-58.85, -34.55], [-58.85, -34.55], [-58.85, -34.55], [-58.85, -34.55], [-58.85, -34.55], [-58.85, -34.55], [-58.85, -34.55], [-58.85, -34.55], [-58.85, -34.55], [-58.85, -34.55], [-58.85, -34.55], [-58.85, -34.55], [-58.85, -34.55], [-58.85, -34.55], [-58.85, -34.55], [-58.85, -34.55], [-58.85, -34.55], [-58.85, -34.55], [-58.85, -34.55], [-58.85, -34.55], [-58.85, -34.55], [-58.85, -34.55], [-58.85, -34.55], [-58.85, -34.55], [-58.85, -34.55], [-58.85, -34.55], [-58.85, -34.55], [-58.85, -34.55], [-58.85, -34.55], [-58.85, -34.55], [-58.85, -34.55], [-58.85, -34.55], [-58.85, -34.55], [-58.85, -34.55], [-58.85, -34.55], [-58.85, -34.55], [-58.85, -34.55], [-58.85, -34.55], [-58.85, -34.56], [-58.86, -34.56], [-58.86, -34.56], [-58.86, -34.56], [-58.86, -34.56], [-58.86, -34.56], [-58.86, -34.57], [-58.87, -34.57], [-58.87, -34.57], [-58.87, -34.57], [-58.87, -34.57], [-58.87, -34.57], [-58.87, -34.57], [-58.87, -34.57], [-58.87, -34.57], [-58.87, -34.57], [-58.87, -34.57], [-58.88, -34.57], [-58.88, -34.57], [-58.88, -34.57], [-58.88, -34.57], [-58.88, -34.57], [-58.88, -34.57], [-58.88, -34.57], [-58.88, -34.58], [-58.88, -34.58], [-58.88, -34.58], [-58.89, -34.58], [-58.9, -34.56], [-58.9, -34.55], [-58.91, -34.54], [-58.91, -34.54], [-58.92, -34.53], [-58.93, -34.52], [-58.93, -34.52], [-58.93, -34.52], [-58.93, -34.52], [-58.94, -34.52], [-58.95, -34.53], [-58.96, -34.53], [-58.96, -34.53], [-58.96, -34.53], [-58.96, -34.53], [-58.96, -34.53], [-58.96, -34.53], [-58.97, -34.53], [-58.97, -34.53], [-58.97, -34.53], [-58.97, -34.53], [-58.97, -34.53], [-58.97, -34.53], [-58.97, -34.52], [-58.97, -34.52], [-58.97, -34.52], [-58.97, -34.52], [-58.97, -34.52], [-58.97, -34.52], [-58.97, -34.52], [-58.97, -34.52], [-58.97, -34.52], [-58.97, -34.52], [-58.98, -34.52], [-58.98, -34.52], [-58.98, -34.52], [-58.98, -34.51], [-58.98, -34.51], [-58.98, -34.51], [-58.98, -34.51], [-58.98, -34.51], [-58.98, -34.51], [-58.98, -34.51], [-58.98, -34.51], [-58.98, -34.51], [-58.98, -34.51], [-58.98, -34.51], [-58.98, -34.51], [-58.98, -34.5], [-58.99, -34.5], [-58.99, -34.5], [-58.99, -34.5], [-58.99, -34.5], [-58.99, -34.5], [-58.99, -34.5], [-58.99, -34.5], [-58.99, -34.5], [-58.99, -34.5], [-58.99, -34.5], [-58.99, -34.5], [-58.99, -34.49], [-58.99, -34.49], [-58.99, -34.49], [-58.99, -34.49], [-58.99, -34.49], [-59.0, -34.49], [-59.0, -34.49], [-59.0, -34.49], [-59.0, -34.49], [-59.0, -34.49], [-59.0, -34.49], [-59.0, -34.49], [-59.0, -34.48], [-59.0, -34.48], [-59.0, -34.48], [-59.0, -34.48], [-59.0, -34.48], [-59.0, -34.48], [-59.0, -34.48], [-59.0, -34.48], [-59.0, -34.48], [-59.0, -34.48], [-59.0, -34.48], [-59.0, -34.49], [-59.0, -34.49], [-59.0, -34.49], [-59.0, -34.49], [-59.0, -34.49], [-59.0, -34.49], [-59.0, -34.49], [-59.01, -34.49], [-59.01, -34.49], [-59.01, -34.49], [-59.01, -34.49], [-59.01, -34.49], [-59.01, -34.49], [-59.01, -34.49], [-59.01, -34.49], [-59.01, -34.48], [-59.01, -34.48], [-59.01, -34.48], [-59.02, -34.48], [-59.02, -34.48], [-59.02, -34.48], [-59.02, -34.48], [-59.02, -34.48], [-59.02, -34.48], [-59.02, -34.48], [-59.02, -34.48], [-59.02, -34.48], [-59.02, -34.48], [-59.02, -34.48], [-59.02, -34.47], [-59.02, -34.47], [-59.02, -34.47], [-59.02, -34.47], [-59.02, -34.47], [-59.02, -34.47], [-59.02, -34.47], [-59.03, -34.47], [-59.03, -34.47], [-59.03, -34.47], [-59.03, -34.47], [-59.03, -34.47], [-59.03, -34.46], [-59.03, -34.46], [-59.03, -34.46], [-59.03, -34.46], [-59.03, -34.46], [-59.03, -34.46], [-59.03, -34.46], [-59.03, -34.46], [-59.03, -34.46], [-59.04, -34.46], [-59.04, -34.45], [-59.04, -34.45], [-59.04, -34.45], [-59.04, -34.45], [-59.04, -34.45], [-59.04, -34.45], [-59.04, -34.45], [-59.04, -34.45], [-59.04, -34.45], [-59.04, -34.45], [-59.04, -34.45], [-59.04, -34.44], [-59.04, -34.44], [-59.04, -34.44], [-59.05, -34.44], [-59.05, -34.44], [-59.05, -34.44], [-59.05, -34.44], [-59.05, -34.44], [-59.05, -34.44], [-59.05, -34.44], [-59.05, -34.44], [-59.05, -34.44], [-59.05, -34.44], [-59.05, -34.43], [-59.05, -34.43], [-59.05, -34.43], [-59.05, -34.43], [-59.05, -34.43], [-59.05, -34.43], [-59.06, -34.43], [-59.06, -34.43], [-59.06, -34.43], [-59.06, -34.43], [-59.06, -34.43], [-59.05, -34.43], [-59.05, -34.43], [-59.05, -34.43], [-59.05, -34.43], [-59.05, -34.42], [-59.05, -34.42], [-59.05, -34.42], [-59.05, -34.42], [-59.05, -34.42], [-59.05, -34.42], [-59.04, -34.42], [-59.04, -34.42], [-59.04, -34.42], [-59.04, -34.42], [-59.04, -34.42], [-59.04, -34.42], [-59.04, -34.42], [-59.04, -34.42], [-59.04, -34.42], [-59.04, -34.42], [-59.04, -34.42], [-59.04, -34.42], [-59.04, -34.42], [-59.04, -34.42], [-59.04, -34.41], [-59.04, -34.41], [-59.04, -34.41], [-59.04, -34.41], [-59.04, -34.41], [-59.04, -34.41], [-59.04, -34.41], [-59.03, -34.41], [-59.03, -34.41], [-59.03, -34.41], [-59.04, -34.41], [-59.03, -34.41], [-59.03, -34.41], [-59.03, -34.41], [-59.03, -34.4], [-59.03, -34.4], [-59.03, -34.4], [-59.03, -34.4], [-59.03, -34.4], [-59.03, -34.4], [-59.03, -34.4], [-59.03, -34.4], [-59.03, -34.4], [-59.03, -34.4], [-59.03, -34.4], [-59.03, -34.4], [-59.03, -34.4], [-59.03, -34.4], [-59.03, -34.4], [-59.02, -34.4], [-59.02, -34.39], [-59.02, -34.39], [-59.02, -34.39], [-59.02, -34.39], [-59.02, -34.39], [-59.02, -34.39], [-59.02, -34.39], [-59.02, -34.39], [-59.01, -34.39], [-59.01, -34.39], [-59.01, -34.39], [-59.01, -34.39], [-59.01, -34.39], [-59.01, -34.39], [-59.01, -34.39], [-59.01, -34.39], [-59.0, -34.38], [-59.0, -34.38], [-59.0, -34.38], [-59.0, -34.38], [-59.0, -34.38], [-59.0, -34.38], [-59.0, -34.38], [-59.0, -34.38], [-58.99, -34.38], [-58.99, -34.38], [-58.99, -34.38], [-58.99, -34.38], [-58.99, -34.38], [-58.99, -34.38], [-58.99, -34.38], [-58.99, -34.38], [-58.99, -34.38], [-58.99, -34.37], [-58.99, -34.37], [-58.99, -34.37], [-58.99, -34.37], [-58.99, -34.37], [-58.99, -34.37], [-58.99, -34.37], [-58.99, -34.37], [-58.99, -34.37], [-58.99, -34.37], [-58.99, -34.37], [-58.98, -34.37], [-58.98, -34.37], [-58.98, -34.37], [-58.99, -34.37], [-58.99, -34.37], [-58.99, -34.37], [-58.99, -34.36], [-58.99, -34.36], [-58.99, -34.36], [-58.99, -34.36], [-58.99, -34.36], [-58.99, -34.36], [-58.99, -34.36], [-58.99, -34.36], [-58.99, -34.36], [-58.99, -34.36], [-58.99, -34.36], [-58.99, -34.36], [-58.99, -34.36], [-58.99, -34.36], [-58.99, -34.35], [-58.99, -34.35], [-58.99, -34.35], [-58.98, -34.35], [-58.98, -34.35], [-58.98, -34.35], [-58.98, -34.35], [-58.98, -34.35], [-58.98, -34.35], [-58.98, -34.35], [-58.98, -34.35], [-58.98, -34.35], [-58.98, -34.35], [-58.98, -34.36], [-58.98, -34.36], [-58.97, -34.36], [-58.97, -34.36], [-58.97, -34.36], [-58.97, -34.36], [-58.97, -34.36], [-58.97, -34.36], [-58.97, -34.36], [-58.97, -34.36], [-58.97, -34.36], [-58.97, -34.37], [-58.97, -34.37], [-58.97, -34.37], [-58.97, -34.37], [-58.97, -34.37], [-58.96, -34.37], [-58.96, -34.37], [-58.96, -34.37], [-58.96, -34.37], [-58.96, -34.37], [-58.96, -34.37], [-58.96, -34.37], [-58.96, -34.38], [-58.96, -34.38], [-58.96, -34.38], [-58.96, -34.38], [-58.96, -34.38], [-58.95, -34.38], [-58.95, -34.38], [-58.95, -34.38], [-58.95, -34.38], [-58.95, -34.38], [-58.95, -34.38], [-58.95, -34.39], [-58.95, -34.39], [-58.95, -34.39], [-58.95, -34.39], [-58.95, -34.39], [-58.95, -34.39], [-58.95, -34.39], [-58.95, -34.39], [-58.94, -34.39], [-58.94, -34.39], [-58.94, -34.39], [-58.94, -34.4], [-58.94, -34.4], [-58.94, -34.4], [-58.94, -34.4], [-58.94, -34.4], [-58.94, -34.4], [-58.94, -34.4], [-58.94, -34.4], [-58.94, -34.4], [-58.94, -34.4], [-58.94, -34.4], [-58.94, -34.4], [-58.93, -34.4], [-58.93, -34.41], [-58.93, -34.41], [-58.93, -34.41], [-58.93, -34.41], [-58.93, -34.41], [-58.93, -34.41], [-58.93, -34.41], [-58.93, -34.41], [-58.93, -34.41], [-58.93, -34.41], [-58.93, -34.41], [-58.93, -34.41], [-58.93, -34.41], [-58.93, -34.42], [-58.92, -34.42], [-58.92, -34.42], [-58.92, -34.42], [-58.92, -34.42], [-58.92, -34.42], [-58.92, -34.42], [-58.92, -34.42], [-58.92, -34.42], [-58.92, -34.42], [-58.92, -34.42], [-58.92, -34.42], [-58.92, -34.42], [-58.92, -34.42], [-58.92, -34.42], [-58.92, -34.42], [-58.92, -34.42], [-58.92, -34.42], [-58.92, -34.41], [-58.92, -34.41], [-58.92, -34.41], [-58.92, -34.41], [-58.92, -34.41], [-58.92, -34.41], [-58.92, -34.41], [-58.92, -34.41], [-58.92, -34.41], [-58.92, -34.41], [-58.92, -34.41], [-58.92, -34.41], [-58.92, -34.41], [-58.92, -34.41], [-58.92, -34.41], [-58.92, -34.41], [-58.92, -34.41], [-58.92, -34.41], [-58.92, -34.41], [-58.92, -34.41], [-58.92, -34.41], [-58.92, -34.41], [-58.92, -34.41], [-58.92, -34.41], [-58.92, -34.41], [-58.92, -34.41], [-58.92, -34.41], [-58.92, -34.41], [-58.92, -34.41], [-58.92, -34.41], [-58.92, -34.41], [-58.92, -34.41], [-58.92, -34.41], [-58.92, -34.41], [-58.92, -34.41], [-58.92, -34.41], [-58.92, -34.41], [-58.92, -34.41], [-58.92, -34.41], [-58.92, -34.41], [-58.92, -34.41], [-58.92, -34.41], [-58.92, -34.41], [-58.92, -34.41], [-58.92, -34.41], [-58.92, -34.41], [-58.92, -34.41], [-58.92, -34.41], [-58.92, -34.41], [-58.92, -34.41], [-58.92, -34.41], [-58.92, -34.4], [-58.92, -34.4], [-58.92, -34.4], [-58.92, -34.4], [-58.92, -34.4], [-58.92, -34.4], [-58.92, -34.4], [-58.92, -34.4], [-58.92, -34.4], [-58.92, -34.4], [-58.92, -34.4], [-58.92, -34.4], [-58.92, -34.4], [-58.92, -34.4], [-58.92, -34.4], [-58.92, -34.4], [-58.92, -34.4], [-58.92, -34.4], [-58.92, -34.4], [-58.92, -34.4], [-58.92, -34.4], [-58.92, -34.4], [-58.92, -34.4], [-58.92, -34.4], [-58.92, -34.4], [-58.92, -34.4], [-58.92, -34.4], [-58.92, -34.4], [-58.92, -34.4], [-58.92, -34.4], [-58.92, -34.4], [-58.92, -34.4], [-58.92, -34.4], [-58.92, -34.4], [-58.92, -34.4], [-58.92, -34.4], [-58.92, -34.4], [-58.92, -34.4], [-58.92, -34.4], [-58.92, -34.4], [-58.92, -34.4], [-58.92, -34.4], [-58.92, -34.4], [-58.92, -34.4], [-58.92, -34.4], [-58.92, -34.4], [-58.92, -34.4]]]}}, {"type": "Feature", "properties": {"cca": "072", "cde": "06539", "fna": "Partido de Merlo", "gna": "Partido", "nam": "Merlo", "sag": "ARBA", "ara3": 174.38, "arl": 173.13}, "geometry": {"type": "Polygon", "coordinates": [[[-58.76, -34.66], [-58.76, -34.66], [-58.76, -34.66], [-58.76, -34.66], [-58.76, -34.66], [-58.76, -34.66], [-58.76, -34.66], [-58.76, -34.66], [-58.76, -34.66], [-58.76, -34.66], [-58.75, -34.66], [-58.75, -34.66], [-58.75, -34.66], [-58.75, -34.66], [-58.75, -34.66], [-58.75, -34.66], [-58.75, -34.66], [-58.75, -34.66], [-58.75, -34.66], [-58.75, -34.66], [-58.75, -34.66], [-58.75, -34.66], [-58.75, -34.66], [-58.75, -34.66], [-58.75, -34.66], [-58.75, -34.66], [-58.75, -34.66], [-58.75, -34.66], [-58.75, -34.66], [-58.75, -34.65], [-58.75, -34.65], [-58.75, -34.65], [-58.75, -34.65], [-58.75, -34.65], [-58.75, -34.65], [-58.75, -34.65], [-58.75, -34.65], [-58.75, -34.65], [-58.75, -34.65], [-58.75, -34.65], [-58.75, -34.65], [-58.75, -34.65], [-58.75, -34.65], [-58.75, -34.65], [-58.75, -34.65], [-58.75, -34.65], [-58.75, -34.65], [-58.75, -34.65], [-58.75, -34.65], [-58.75, -34.65], [-58.75, -34.65], [-58.75, -34.65], [-58.75, -34.65], [-58.75, -34.65], [-58.75, -34.65], [-58.75, -34.65], [-58.75, -34.65], [-58.75, -34.65], [-58.75, -34.65], [-58.75, -34.65], [-58.75, -34.65], [-58.75, -34.65], [-58.75, -34.65], [-58.75, -34.65], [-58.75, -34.65], [-58.75, -34.65], [-58.75, -34.65], [-58.75, -34.65], [-58.74, -34.65], [-58.74, -34.65], [-58.74, -34.65], [-58.74, -34.65], [-58.74, -34.65], [-58.74, -34.65], [-58.74, -34.65], [-58.74, -34.65], [-58.74, -34.65], [-58.74, -34.65], [-58.74, -34.65], [-58.74, -34.65], [-58.74, -34.65], [-58.74, -34.65], [-58.74, -34.65], [-58.74, -34.65], [-58.74, -34.65], [-58.74, -34.65], [-58.74, -34.65], [-58.74, -34.65], [-58.74, -34.65], [-58.74, -34.65], [-58.74, -34.65], [-58.74, -34.65], [-58.74, -34.65], [-58.74, -34.65], [-58.74, -34.65], [-58.74, -34.65], [-58.74, -34.65], [-58.74, -34.65], [-58.74, -34.65], [-58.74, -34.65], [-58.74, -34.65], [-58.74, -34.65], [-58.74, -34.65], [-58.74, -34.65], [-58.74, -34.65], [-58.74, -34.65], [-58.74, -34.65], [-58.74, -34.64], [-58.74, -34.64], [-58.74, -34.64], [-58.74, -34.64], [-58.74, -34.64], [-58.74, -34.64], [-58.74, -34.64], [-58.74, -34.64], [-58.74, -34.64], [-58.73, -34.64], [-58.73, -34.64], [-58.73, -34.64], [-58.73, -34.64], [-58.73, -34.64], [-58.73, -34.64], [-58.73, -34.64], [-58.73, -34.64], [-58.73, -34.64], [-58.73, -34.64], [-58.73, -34.64], [-58.73, -34.64], [-58.73, -34.64], [-58.73, -34.64], [-58.73, -34.64], [-58.73, -34.64], [-58.73, -34.64], [-58.73, -34.64], [-58.73, -34.64], [-58.73, -34.64], [-58.73, -34.64], [-58.73, -34.64], [-58.73, -34.64], [-58.73, -34.64], [-58.73, -34.64], [-58.73, -34.64], [-58.73, -34.64], [-58.73, -34.64], [-58.73, -34.64], [-58.73, -34.64], [-58.73, -34.64], [-58.73, -34.64], [-58.73, -34.64], [-58.73, -34.64], [-58.73, -34.64], [-58.73, -34.64], [-58.73, -34.64], [-58.73, -34.64], [-58.73, -34.64], [-58.73, -34.64], [-58.73, -34.64], [-58.73, -34.64], [-58.73, -34.64], [-58.73, -34.64], [-58.73, -34.64], [-58.73, -34.64], [-58.73, -34.63], [-58.73, -34.63], [-58.73, -34.64], [-58.73, -34.64], [-58.73, -34.64], [-58.72, -34.64], [-58.72, -34.64], [-58.72, -34.64], [-58.72, -34.64], [-58.72, -34.64], [-58.72, -34.65], [-58.71, -34.65], [-58.71, -34.65], [-58.71, -34.65], [-58.71, -34.65], [-58.71, -34.65], [-58.7, -34.66], [-58.7, -34.66], [-58.7, -34.66], [-58.7, -34.66], [-58.69, -34.67], [-58.68, -34.67], [-58.68, -34.68], [-58.68, -34.68], [-58.67, -34.68], [-58.67, -34.68], [-58.67, -34.69], [-58.67, -34.69], [-58.66, -34.69], [-58.66, -34.69], [-58.66, -34.69], [-58.66, -34.7], [-58.65, -34.7], [-58.65, -34.7], [-58.64, -34.7], [-58.64, -34.71], [-58.64, -34.71], [-58.64, -34.71], [-58.64, -34.71], [-58.64, -34.72], [-58.64, -34.72], [-58.64, -34.72], [-58.64, -34.72], [-58.64, -34.72], [-58.65, -34.72], [-58.65, -34.73], [-58.65, -34.73], [-58.65, -34.72], [-58.66, -34.72], [-58.66, -34.72], [-58.66, -34.73], [-58.66, -34.73], [-58.66, -34.73], [-58.66, -34.73], [-58.66, -34.73], [-58.66, -34.73], [-58.66, -34.73], [-58.66, -34.73], [-58.67, -34.73], [-58.67, -34.73], [-58.67, -34.73], [-58.67, -34.73], [-58.67, -34.73], [-58.67, -34.73], [-58.67, -34.73], [-58.67, -34.73], [-58.67, -34.73], [-58.67, -34.73], [-58.67, -34.73], [-58.67, -34.74], [-58.68, -34.74], [-58.66, -34.75], [-58.66, -34.75], [-58.66, -34.76], [-58.66, -34.76], [-58.66, -34.76], [-58.67, -34.76], [-58.67, -34.76], [-58.67, -34.76], [-58.67, -34.76], [-58.67, -34.76], [-58.67, -34.77], [-58.67, -34.77], [-58.68, -34.76], [-58.68, -34.76], [-58.68, -34.76], [-58.68, -34.76], [-58.69, -34.76], [-58.7, -34.78], [-58.71, -34.77], [-58.71, -34.77], [-58.72, -34.77], [-58.72, -34.77], [-58.72, -34.77], [-58.72, -34.76], [-58.73, -34.76], [-58.75, -34.78], [-58.75, -34.78], [-58.77, -34.76], [-58.77, -34.76], [-58.77, -34.76], [-58.78, -34.76], [-58.78, -34.76], [-58.78, -34.75], [-58.78, -34.75], [-58.79, -34.75], [-58.79, -34.75], [-58.79, -34.75], [-58.8, -34.74], [-58.8, -34.74], [-58.8, -34.74], [-58.8, -34.74], [-58.81, -34.74], [-58.81, -34.74], [-58.81, -34.74], [-58.81, -34.74], [-58.81, -34.74], [-58.81, -34.73], [-58.82, -34.73], [-58.82, -34.73], [-58.82, -34.73], [-58.83, -34.73], [-58.83, -34.72], [-58.83, -34.72], [-58.83, -34.72], [-58.83, -34.72], [-58.83, -34.72], [-58.84, -34.72], [-58.84, -34.71], [-58.85, -34.71], [-58.85, -34.71], [-58.85, -34.71], [-58.86, -34.7], [-58.86, -34.7], [-58.86, -34.7], [-58.86, -34.7], [-58.86, -34.7], [-58.86, -34.7], [-58.86, -34.7], [-58.87, -34.7], [-58.87, -34.7], [-58.87, -34.7], [-58.87, -34.7], [-58.87, -34.7], [-58.86, -34.69], [-58.86, -34.69], [-58.86, -34.69], [-58.86, -34.69], [-58.86, -34.69], [-58.86, -34.69], [-58.86, -34.69], [-58.86, -34.69], [-58.86, -34.69], [-58.86, -34.69], [-58.86, -34.69], [-58.86, -34.69], [-58.86, -34.69], [-58.86, -34.69], [-58.86, -34.69], [-58.86, -34.69], [-58.86, -34.69], [-58.86, -34.69], [-58.86, -34.69], [-58.86, -34.69], [-58.86, -34.69], [-58.86, -34.69], [-58.86, -34.69], [-58.86, -34.69], [-58.86, -34.69], [-58.86, -34.69], [-58.86, -34.69], [-58.86, -34.69], [-58.86, -34.68], [-58.86, -34.68], [-58.86, -34.68], [-58.85, -34.68], [-58.85, -34.68], [-58.85, -34.68], [-58.85, -34.68], [-58.85, -34.68], [-58.85, -34.68], [-58.85, -34.68], [-58.85, -34.68], [-58.85, -34.68], [-58.85, -34.68], [-58.85, -34.68], [-58.85, -34.68], [-58.85, -34.68], [-58.85, -34.68], [-58.85, -34.68], [-58.85, -34.68], [-58.85, -34.68], [-58.85, -34.68], [-58.85, -34.68], [-58.85, -34.68], [-58.85, -34.68], [-58.85, -34.68], [-58.85, -34.68], [-58.84, -34.69], [-58.84, -34.69], [-58.84, -34.69], [-58.84, -34.69], [-58.84, -34.69], [-58.84, -34.69], [-58.84, -34.69], [-58.84, -34.69], [-58.84, -34.69], [-58.84, -34.69], [-58.84, -34.69], [-58.84, -34.69], [-58.84, -34.69], [-58.84, -34.69], [-58.84, -34.69], [-58.84, -34.69], [-58.84, -34.69], [-58.84, -34.69], [-58.83, -34.69], [-58.83, -34.69], [-58.83, -34.69], [-58.83, -34.69], [-58.83, -34.69], [-58.83, -34.69], [-58.83, -34.69], [-58.83, -34.69], [-58.83, -34.69], [-58.83, -34.69], [-58.83, -34.69], [-58.83, -34.69], [-58.83, -34.69], [-58.83, -34.69], [-58.83, -34.69], [-58.83, -34.68], [-58.83, -34.68], [-58.83, -34.68], [-58.83, -34.68], [-58.83, -34.68], [-58.83, -34.68], [-58.83, -34.68], [-58.83, -34.68], [-58.83, -34.68], [-58.83, -34.68], [-58.83, -34.68], [-58.83, -34.68], [-58.83, -34.68], [-58.83, -34.68], [-58.83, -34.68], [-58.83, -34.68], [-58.83, -34.68], [-58.83, -34.68], [-58.82, -34.68], [-58.82, -34.68], [-58.82, -34.68], [-58.82, -34.68], [-58.82, -34.68], [-58.82, -34.68], [-58.82, -34.68], [-58.82, -34.68], [-58.82, -34.68], [-58.82, -34.68], [-58.82, -34.68], [-58.82, -34.68], [-58.82, -34.68], [-58.82, -34.68], [-58.82, -34.68], [-58.82, -34.68], [-58.82, -34.68], [-58.82, -34.68], [-58.82, -34.68], [-58.82, -34.68], [-58.82, -34.68], [-58.82, -34.69], [-58.82, -34.69], [-58.82, -34.69], [-58.82, -34.69], [-58.82, -34.69], [-58.82, -34.69], [-58.82, -34.69], [-58.82, -34.69], [-58.82, -34.69], [-58.82, -34.69], [-58.82, -34.69], [-58.82, -34.68], [-58.82, -34.68], [-58.82, -34.68], [-58.82, -34.68], [-58.82, -34.68], [-58.82, -34.68], [-58.82, -34.68], [-58.82, -34.68], [-58.82, -34.68], [-58.82, -34.68], [-58.82, -34.68], [-58.82, -34.68], [-58.82, -34.68], [-58.82, -34.68], [-58.82, -34.68], [-58.82, -34.68], [-58.82, -34.68], [-58.81, -34.68], [-58.81, -34.68], [-58.81, -34.68], [-58.81, -34.68], [-58.81, -34.68], [-58.81, -34.68], [-58.81, -34.68], [-58.81, -34.68], [-58.81, -34.68], [-58.81, -34.68], [-58.81, -34.68], [-58.81, -34.68], [-58.81, -34.68], [-58.81, -34.68], [-58.81, -34.68], [-58.81, -34.68], [-58.81, -34.68], [-58.81, -34.68], [-58.81, -34.68], [-58.81, -34.68], [-58.81, -34.68], [-58.81, -34.68], [-58.81, -34.68], [-58.81, -34.68], [-58.81, -34.68], [-58.81, -34.68], [-58.81, -34.68], [-58.81, -34.68], [-58.81, -34.68], [-58.81, -34.68], [-58.81, -34.68], [-58.81, -34.68], [-58.81, -34.68], [-58.81, -34.68], [-58.81, -34.68], [-58.81, -34.68], [-58.81, -34.68], [-58.81, -34.68], [-58.81, -34.68], [-58.81, -34.68], [-58.81, -34.68], [-58.81, -34.68], [-58.81, -34.68], [-58.81, -34.68], [-58.81, -34.68], [-58.81, -34.68], [-58.81, -34.68], [-58.81, -34.68], [-58.81, -34.68], [-58.81, -34.68], [-58.81, -34.68], [-58.81, -34.68], [-58.81, -34.68], [-58.81, -34.68], [-58.81, -34.68], [-58.81, -34.68], [-58.81, -34.68], [-58.81, -34.68], [-58.81, -34.68], [-58.81, -34.68], [-58.81, -34.68], [-58.81, -34.68], [-58.81, -34.68], [-58.81, -34.68], [-58.81, -34.68], [-58.81, -34.68], [-58.81, -34.68], [-58.81, -34.68], [-58.81, -34.68], [-58.81, -34.68], [-58.81, -34.68], [-58.81, -34.68], [-58.8, -34.68], [-58.8, -34.68], [-58.8, -34.68], [-58.8, -34.68], [-58.8, -34.68], [-58.8, -34.68], [-58.8, -34.68], [-58.8, -34.68], [-58.8, -34.67], [-58.8, -34.67], [-58.8, -34.67], [-58.8, -34.67], [-58.8, -34.67], [-58.8, -34.67], [-58.8, -34.67], [-58.8, -34.67], [-58.79, -34.67], [-58.79, -34.67], [-58.79, -34.67], [-58.79, -34.67], [-58.79, -34.67], [-58.79, -34.67], [-58.79, -34.67], [-58.79, -34.67], [-58.79, -34.67], [-58.78, -34.67], [-58.78, -34.67], [-58.78, -34.67], [-58.78, -34.67], [-58.78, -34.67], [-58.78, -34.67], [-58.78, -34.67], [-58.77, -34.67], [-58.77, -34.66], [-58.77, -34.67], [-58.77, -34.67], [-58.77, -34.67], [-58.77, -34.66], [-58.77, -34.66], [-58.77, -34.66], [-58.77, -34.66], [-58.77, -34.66], [-58.77, -34.66], [-58.77, -34.66], [-58.76, -34.66], [-58.76, -34.66], [-58.76, -34.66], [-58.76, -34.66], [-58.76, -34.66], [-58.76, -34.66], [-58.76, -34.66], [-58.76, -34.66], [-58.76, -34.66]]]}}, {"type": "Feature", "properties": {"cca": "110", "cde": "06861", "fna": "Partido de Vicente L\u00f3pez", "gna": "Partido", "nam": "Vicente L\u00f3pez", "sag": "ARBA", "ara3": 35.45, "arl": 33.77}, "geometry": {"type": "Polygon", "coordinates": [[[-58.51, -34.57], [-58.51, -34.57], [-58.51, -34.57], [-58.51, -34.56], [-58.52, -34.56], [-58.52, -34.56], [-58.52, -34.56], [-58.52, -34.56], [-58.52, -34.55], [-58.52, -34.55], [-58.53, -34.55], [-58.53, -34.55], [-58.53, -34.54], [-58.53, -34.54], [-58.53, -34.54], [-58.53, -34.54], [-58.53, -34.54], [-58.53, -34.54], [-58.54, -34.54], [-58.54, -34.54], [-58.54, -34.54], [-58.54, -34.54], [-58.55, -34.54], [-58.55, -34.53], [-58.55, -34.53], [-58.55, -34.52], [-58.55, -34.52], [-58.55, -34.52], [-58.54, -34.52], [-58.54, -34.52], [-58.54, -34.52], [-58.54, -34.52], [-58.53, -34.52], [-58.53, -34.52], [-58.53, -34.52], [-58.53, -34.51], [-58.53, -34.51], [-58.53, -34.51], [-58.52, -34.51], [-58.52, -34.51], [-58.52, -34.51], [-58.51, -34.51], [-58.51, -34.5], [-58.5, -34.5], [-58.5, -34.5], [-58.49, -34.49], [-58.49, -34.49], [-58.48, -34.49], [-58.48, -34.49], [-58.48, -34.49], [-58.48, -34.49], [-58.48, -34.49], [-58.48, -34.49], [-58.48, -34.5], [-58.47, -34.5], [-58.47, -34.5], [-58.47, -34.5], [-58.47, -34.5], [-58.47, -34.5], [-58.47, -34.51], [-58.47, -34.51], [-58.47, -34.51], [-58.47, -34.51], [-58.47, -34.51], [-58.47, -34.52], [-58.47, -34.52], [-58.47, -34.52], [-58.47, -34.52], [-58.47, -34.52], [-58.46, -34.53], [-58.46, -34.53], [-58.46, -34.53], [-58.46, -34.53], [-58.46, -34.53], [-58.47, -34.54], [-58.47, -34.54], [-58.47, -34.54], [-58.47, -34.54], [-58.47, -34.54], [-58.48, -34.54], [-58.48, -34.54], [-58.49, -34.55], [-58.5, -34.55], [-58.5, -34.55], [-58.5, -34.55], [-58.5, -34.55], [-58.5, -34.56], [-58.51, -34.56], [-58.51, -34.56], [-58.51, -34.57], [-58.51, -34.57]]]}}, {"type": "Feature", "properties": {"cca": "131", "cde": "06760", "fna": "Partido de San Miguel", "gna": "Partido", "nam": "San Miguel", "sag": "ARBA", "ara3": 82.06, "arl": 82.8}, "geometry": {"type": "Polygon", "coordinates": [[[-58.7, -34.53], [-58.69, -34.53], [-58.69, -34.53], [-58.69, -34.53], [-58.67, -34.51], [-58.65, -34.5], [-58.65, -34.5], [-58.64, -34.51], [-58.61, -34.53], [-58.61, -34.53], [-58.61, -34.54], [-58.61, -34.54], [-58.61, -34.54], [-58.61, -34.54], [-58.61, -34.54], [-58.61, -34.54], [-58.62, -34.54], [-58.62, -34.55], [-58.62, -34.55], [-58.62, -34.55], [-58.62, -34.55], [-58.63, -34.55], [-58.63, -34.55], [-58.63, -34.55], [-58.63, -34.55], [-58.64, -34.55], [-58.64, -34.55], [-58.64, -34.56], [-58.65, -34.56], [-58.65, -34.56], [-58.65, -34.56], [-58.65, -34.56], [-58.65, -34.56], [-58.65, -34.56], [-58.65, -34.56], [-58.65, -34.57], [-58.66, -34.57], [-58.66, -34.57], [-58.66, -34.57], [-58.66, -34.57], [-58.66, -34.57], [-58.66, -34.57], [-58.66, -34.57], [-58.66, -34.57], [-58.66, -34.57], [-58.66, -34.57], [-58.66, -34.57], [-58.66, -34.57], [-58.66, -34.57], [-58.66, -34.57], [-58.66, -34.57], [-58.66, -34.57], [-58.66, -34.57], [-58.66, -34.57], [-58.66, -34.57], [-58.66, -34.57], [-58.66, -34.57], [-58.66, -34.57], [-58.66, -34.57], [-58.66, -34.57], [-58.66, -34.57], [-58.66, -34.57], [-58.66, -34.57], [-58.66, -34.57], [-58.66, -34.57], [-58.66, -34.57], [-58.66, -34.57], [-58.66, -34.57], [-58.66, -34.57], [-58.67, -34.57], [-58.67, -34.57], [-58.67, -34.57], [-58.67, -34.57], [-58.67, -34.57], [-58.67, -34.57], [-58.67, -34.57], [-58.67, -34.57], [-58.67, -34.57], [-58.67, -34.57], [-58.67, -34.57], [-58.67, -34.57], [-58.67, -34.57], [-58.67, -34.57], [-58.67, -34.57], [-58.67, -34.57], [-58.67, -34.57], [-58.67, -34.57], [-58.67, -34.57], [-58.67, -34.57], [-58.67, -34.58], [-58.67, -34.58], [-58.67, -34.58], [-58.67, -34.58], [-58.67, -34.58], [-58.68, -34.58], [-58.68, -34.58], [-58.68, -34.58], [-58.68, -34.58], [-58.68, -34.58], [-58.68, -34.58], [-58.68, -34.58], [-58.68, -34.58], [-58.68, -34.58], [-58.68, -34.58], [-58.68, -34.58], [-58.68, -34.58], [-58.68, -34.58], [-58.68, -34.58], [-58.68, -34.59], [-58.68, -34.59], [-58.68, -34.59], [-58.68, -34.59], [-58.68, -34.59], [-58.68, -34.59], [-58.69, -34.59], [-58.69, -34.59], [-58.69, -34.59], [-58.69, -34.59], [-58.69, -34.59], [-58.69, -34.59], [-58.69, -34.59], [-58.69, -34.59], [-58.69, -34.59], [-58.69, -34.59], [-58.69, -34.59], [-58.69, -34.59], [-58.69, -34.59], [-58.69, -34.59], [-58.69, -34.59], [-58.69, -34.59], [-58.7, -34.59], [-58.7, -34.6], [-58.7, -34.6], [-58.7, -34.6], [-58.7, -34.6], [-58.7, -34.6], [-58.7, -34.6], [-58.7, -34.6], [-58.7, -34.6], [-58.7, -34.6], [-58.71, -34.6], [-58.71, -34.6], [-58.71, -34.6], [-58.71, -34.6], [-58.71, -34.6], [-58.71, -34.6], [-58.71, -34.6], [-58.71, -34.6], [-58.71, -34.6], [-58.71, -34.6], [-58.71, -34.6], [-58.71, -34.6], [-58.71, -34.6], [-58.72, -34.6], [-58.72, -34.6], [-58.74, -34.59], [-58.73, -34.59], [-58.74, -34.59], [-58.74, -34.59], [-58.74, -34.59], [-58.75, -34.58], [-58.76, -34.57], [-58.76, -34.57], [-58.76, -34.57], [-58.77, -34.56], [-58.78, -34.56], [-58.78, -34.56], [-58.77, -34.55], [-58.77, -34.55], [-58.76, -34.55], [-58.76, -34.55], [-58.76, -34.55], [-58.75, -34.55], [-58.75, -34.55], [-58.75, -34.55], [-58.74, -34.54], [-58.73, -34.53], [-58.73, -34.53], [-58.73, -34.53], [-58.72, -34.52], [-58.72, -34.52], [-58.72, -34.52], [-58.72, -34.52], [-58.72, -34.52], [-58.72, -34.52], [-58.72, -34.52], [-58.72, -34.52], [-58.7, -34.53]]]}}, {"type": "Feature", "properties": {"cca": "046", "cde": "06364", "fna": "Partido de General Rodr\u00edguez", "gna": "Partido", "nam": "General Rodr\u00edguez", "sag": "ARBA", "ara3": 365.4, "arl": 360.14}, "geometry": {"type": "Polygon", "coordinates": [[[-58.88, -34.63], [-58.88, -34.63], [-58.88, -34.63], [-58.88, -34.63], [-58.88, -34.63], [-58.88, -34.63], [-58.88, -34.63], [-58.88, -34.63], [-58.88, -34.64], [-58.88, -34.64], [-58.88, -34.64], [-58.88, -34.64], [-58.88, -34.64], [-58.88, -34.64], [-58.88, -34.64], [-58.88, -34.64], [-58.88, -34.64], [-58.88, -34.64], [-58.88, -34.64], [-58.88, -34.64], [-58.88, -34.64], [-58.88, -34.64], [-58.88, -34.64], [-58.88, -34.64], [-58.88, -34.64], [-58.88, -34.64], [-58.88, -34.64], [-58.88, -34.64], [-58.88, -34.64], [-58.88, -34.64], [-58.88, -34.64], [-58.88, -34.64], [-58.88, -34.64], [-58.88, -34.65], [-58.88, -34.65], [-58.88, -34.65], [-58.88, -34.65], [-58.88, -34.65], [-58.88, -34.65], [-58.88, -34.65], [-58.88, -34.65], [-58.88, -34.65], [-58.88, -34.65], [-58.88, -34.65], [-58.88, -34.65], [-58.88, -34.65], [-58.88, -34.65], [-58.88, -34.65], [-58.88, -34.65], [-58.88, -34.65], [-58.88, -34.65], [-58.88, -34.65], [-58.88, -34.65], [-58.88, -34.65], [-58.88, -34.65], [-58.88, -34.65], [-58.88, -34.65], [-58.88, -34.65], [-58.88, -34.65], [-58.88, -34.65], [-58.88, -34.65], [-58.88, -34.65], [-58.88, -34.65], [-58.88, -34.65], [-58.88, -34.65], [-58.88, -34.65], [-58.88, -34.65], [-58.88, -34.65], [-58.88, -34.65], [-58.88, -34.65], [-58.88, -34.65], [-58.88, -34.65], [-58.88, -34.65], [-58.88, -34.65], [-58.88, -34.65], [-58.88, -34.65], [-58.88, -34.65], [-58.88, -34.65], [-58.88, -34.65], [-58.88, -34.65], [-58.88, -34.65], [-58.88, -34.65], [-58.88, -34.66], [-58.88, -34.66], [-58.88, -34.66], [-58.88, -34.66], [-58.88, -34.66], [-58.88, -34.66], [-58.88, -34.66], [-58.88, -34.66], [-58.88, -34.66], [-58.88, -34.66], [-58.88, -34.66], [-58.88, -34.66], [-58.88, -34.66], [-58.88, -34.66], [-58.88, -34.66], [-58.88, -34.66], [-58.88, -34.66], [-58.88, -34.66], [-58.88, -34.66], [-58.88, -34.66], [-58.88, -34.66], [-58.88, -34.66], [-58.88, -34.66], [-58.88, -34.66], [-58.88, -34.66], [-58.88, -34.66], [-58.88, -34.66], [-58.88, -34.66], [-58.88, -34.66], [-58.88, -34.66], [-58.88, -34.66], [-58.88, -34.66], [-58.88, -34.66], [-58.88, -34.66], [-58.88, -34.66], [-58.88, -34.66], [-58.88, -34.66], [-58.88, -34.66], [-58.88, -34.66], [-58.88, -34.66], [-58.88, -34.66], [-58.88, -34.66], [-58.88, -34.66], [-58.88, -34.66], [-58.88, -34.66], [-58.88, -34.66], [-58.88, -34.66], [-58.88, -34.66], [-58.88, -34.66], [-58.88, -34.66], [-58.88, -34.66], [-58.88, -34.66], [-58.88, -34.66], [-58.88, -34.66], [-58.88, -34.66], [-58.88, -34.67], [-58.88, -34.67], [-58.88, -34.67], [-58.88, -34.67], [-58.88, -34.67], [-58.88, -34.67], [-58.88, -34.67], [-58.88, -34.67], [-58.88, -34.67], [-58.88, -34.67], [-58.88, -34.67], [-58.88, -34.67], [-58.88, -34.67], [-58.88, -34.67], [-58.88, -34.67], [-58.88, -34.67], [-58.88, -34.67], [-58.88, -34.67], [-58.88, -34.67], [-58.87, -34.68], [-58.87, -34.68], [-58.87, -34.68], [-58.87, -34.68], [-58.87, -34.68], [-58.87, -34.68], [-58.86, -34.68], [-58.86, -34.68], [-58.87, -34.68], [-58.87, -34.69], [-58.87, -34.69], [-58.87, -34.69], [-58.87, -34.69], [-58.87, -34.69], [-58.87, -34.69], [-58.87, -34.69], [-58.87, -34.69], [-58.87, -34.69], [-58.87, -34.69], [-58.87, -34.69], [-58.87, -34.69], [-58.87, -34.69], [-58.87, -34.69], [-58.87, -34.69], [-58.87, -34.69], [-58.87, -34.69], [-58.87, -34.69], [-58.87, -34.69], [-58.87, -34.69], [-58.87, -34.69], [-58.88, -34.69], [-58.88, -34.69], [-58.88, -34.69], [-58.88, -34.69], [-58.88, -34.69], [-58.88, -34.69], [-58.88, -34.69], [-58.88, -34.69], [-58.88, -34.69], [-58.88, -34.69], [-58.88, -34.69], [-58.88, -34.69], [-58.88, -34.69], [-58.88, -34.69], [-58.88, -34.69], [-58.88, -34.69], [-58.88, -34.69], [-58.88, -34.69], [-58.88, -34.69], [-58.88, -34.69], [-58.88, -34.69], [-58.89, -34.69], [-58.89, -34.7], [-58.89, -34.7], [-58.89, -34.7], [-58.89, -34.7], [-58.89, -34.7], [-58.89, -34.7], [-58.89, -34.7], [-58.89, -34.7], [-58.89, -34.7], [-58.89, -34.7], [-58.89, -34.7], [-58.89, -34.7], [-58.89, -34.7], [-58.89, -34.7], [-58.89, -34.7], [-58.89, -34.7], [-58.89, -34.7], [-58.89, -34.7], [-58.89, -34.7], [-58.89, -34.7], [-58.89, -34.7], [-58.89, -34.7], [-58.9, -34.7], [-58.9, -34.7], [-58.9, -34.7], [-58.9, -34.7], [-58.9, -34.7], [-58.9, -34.7], [-58.9, -34.7], [-58.9, -34.7], [-58.9, -34.7], [-58.9, -34.7], [-58.9, -34.7], [-58.9, -34.7], [-58.9, -34.7], [-58.9, -34.7], [-58.9, -34.7], [-58.9, -34.7], [-58.9, -34.7], [-58.9, -34.7], [-58.9, -34.7], [-58.9, -34.7], [-58.9, -34.7], [-58.9, -34.7], [-58.9, -34.7], [-58.9, -34.7], [-58.9, -34.7], [-58.9, -34.7], [-58.9, -34.7], [-58.9, -34.7], [-58.9, -34.7], [-58.9, -34.7], [-58.9, -34.7], [-58.91, -34.7], [-58.91, -34.7], [-58.91, -34.7], [-58.91, -34.7], [-58.91, -34.7], [-58.91, -34.7], [-58.91, -34.7], [-58.91, -34.7], [-58.91, -34.7], [-58.91, -34.7], [-58.91, -34.7], [-58.91, -34.7], [-58.91, -34.7], [-58.91, -34.7], [-58.91, -34.7], [-58.91, -34.7], [-58.91, -34.7], [-58.91, -34.7], [-58.91, -34.7], [-58.91, -34.7], [-58.91, -34.7], [-58.91, -34.7], [-58.91, -34.7], [-58.91, -34.7], [-58.91, -34.7], [-58.91, -34.7], [-58.91, -34.7], [-58.91, -34.7], [-58.91, -34.7], [-58.91, -34.7], [-58.91, -34.7], [-58.91, -34.7], [-58.91, -34.7], [-58.91, -34.7], [-58.91, -34.7], [-58.91, -34.7], [-58.91, -34.7], [-58.91, -34.7], [-58.91, -34.7], [-58.91, -34.7], [-58.91, -34.7], [-58.91, -34.7], [-58.91, -34.7], [-58.91, -34.7], [-58.91, -34.7], [-58.91, -34.7], [-58.91, -34.7], [-58.91, -34.7], [-58.91, -34.7], [-58.91, -34.7], [-58.91, -34.7], [-58.91, -34.7], [-58.91, -34.7], [-58.91, -34.7], [-58.92, -34.7], [-58.92, -34.7], [-58.92, -34.7], [-58.92, -34.7], [-58.92, -34.7], [-58.92, -34.7], [-58.92, -34.7], [-58.92, -34.7], [-58.92, -34.7], [-58.92, -34.7], [-58.92, -34.7], [-58.92, -34.7], [-58.92, -34.7], [-58.92, -34.7], [-58.92, -34.7], [-58.92, -34.7], [-58.92, -34.7], [-58.92, -34.7], [-58.92, -34.7], [-58.92, -34.7], [-58.92, -34.7], [-58.92, -34.7], [-58.92, -34.7], [-58.92, -34.7], [-58.92, -34.7], [-58.92, -34.7], [-58.92, -34.7], [-58.92, -34.7], [-58.92, -34.7], [-58.92, -34.7], [-58.92, -34.7], [-58.93, -34.7], [-58.93, -34.7], [-58.93, -34.7], [-58.93, -34.7], [-58.93, -34.7], [-58.93, -34.7], [-58.93, -34.7], [-58.93, -34.7], [-58.93, -34.7], [-58.93, -34.7], [-58.93, -34.7], [-58.93, -34.7], [-58.93, -34.7], [-58.93, -34.7], [-58.93, -34.7], [-58.93, -34.7], [-58.93, -34.7], [-58.93, -34.7], [-58.93, -34.7], [-58.93, -34.7], [-58.93, -34.7], [-58.93, -34.7], [-58.93, -34.7], [-58.93, -34.7], [-58.93, -34.7], [-58.93, -34.7], [-58.94, -34.7], [-58.94, -34.7], [-58.94, -34.7], [-58.94, -34.7], [-58.94, -34.7], [-58.94, -34.7], [-58.94, -34.7], [-58.94, -34.7], [-58.94, -34.7], [-58.94, -34.7], [-58.94, -34.7], [-58.94, -34.7], [-58.94, -34.7], [-58.94, -34.7], [-58.94, -34.7], [-58.94, -34.71], [-58.94, -34.71], [-58.94, -34.71], [-58.94, -34.71], [-58.94, -34.71], [-58.94, -34.71], [-58.94, -34.71], [-58.94, -34.71], [-58.94, -34.71], [-58.94, -34.71], [-58.94, -34.71], [-58.94, -34.71], [-58.94, -34.71], [-58.94, -34.71], [-58.94, -34.71], [-58.94, -34.71], [-58.94, -34.71], [-58.94, -34.71], [-58.94, -34.71], [-58.94, -34.71], [-58.94, -34.71], [-58.94, -34.71], [-58.94, -34.71], [-58.94, -34.71], [-58.94, -34.71], [-58.94, -34.71], [-58.94, -34.71], [-58.94, -34.71], [-58.94, -34.71], [-58.94, -34.71], [-58.94, -34.71], [-58.94, -34.71], [-58.94, -34.71], [-58.94, -34.71], [-58.94, -34.71], [-58.94, -34.71], [-58.94, -34.71], [-58.94, -34.71], [-58.94, -34.71], [-58.94, -34.71], [-58.94, -34.71], [-58.94, -34.71], [-58.94, -34.71], [-58.94, -34.71], [-58.94, -34.71], [-58.94, -34.71], [-58.94, -34.71], [-58.94, -34.71], [-58.94, -34.71], [-58.94, -34.71], [-58.94, -34.71], [-58.94, -34.71], [-58.94, -34.71], [-58.94, -34.71], [-58.94, -34.71], [-58.94, -34.71], [-58.94, -34.71], [-58.94, -34.71], [-58.94, -34.71], [-58.94, -34.71], [-58.94, -34.71], [-58.94, -34.71], [-58.94, -34.71], [-58.94, -34.71], [-58.94, -34.71], [-58.94, -34.71], [-58.94, -34.71], [-58.94, -34.71], [-58.94, -34.71], [-58.94, -34.71], [-58.94, -34.71], [-58.94, -34.71], [-58.94, -34.71], [-58.94, -34.71], [-58.94, -34.71], [-58.94, -34.71], [-58.94, -34.71], [-58.94, -34.71], [-58.94, -34.71], [-58.94, -34.71], [-58.94, -34.71], [-58.94, -34.71], [-58.94, -34.71], [-58.94, -34.71], [-58.94, -34.71], [-58.94, -34.71], [-58.94, -34.71], [-58.94, -34.71], [-58.94, -34.71], [-58.94, -34.71], [-58.94, -34.71], [-58.94, -34.71], [-58.94, -34.71], [-58.94, -34.71], [-58.94, -34.71], [-58.94, -34.71], [-58.94, -34.71], [-58.94, -34.71], [-58.94, -34.71], [-58.94, -34.71], [-58.94, -34.71], [-58.94, -34.71], [-58.94, -34.71], [-58.94, -34.71], [-58.94, -34.71], [-58.94, -34.71], [-58.94, -34.71], [-58.94, -34.71], [-58.94, -34.71], [-58.95, -34.71], [-58.95, -34.71], [-58.95, -34.71], [-58.95, -34.71], [-58.95, -34.71], [-58.95, -34.71], [-58.95, -34.71], [-58.95, -34.71], [-58.95, -34.71], [-58.95, -34.71], [-58.95, -34.71], [-58.95, -34.71], [-58.95, -34.71], [-58.95, -34.71], [-58.95, -34.71], [-58.95, -34.71], [-58.95, -34.71], [-58.95, -34.71], [-58.95, -34.72], [-58.95, -34.72], [-58.95, -34.72], [-58.95, -34.72], [-58.95, -34.72], [-58.95, -34.72], [-58.95, -34.72], [-58.96, -34.72], [-58.96, -34.72], [-58.96, -34.72], [-58.95, -34.72], [-58.96, -34.72], [-58.96, -34.72], [-58.96, -34.72], [-58.96, -34.72], [-58.96, -34.72], [-58.96, -34.72], [-58.96, -34.72], [-58.96, -34.72], [-58.96, -34.72], [-58.96, -34.72], [-58.96, -34.72], [-58.96, -34.73], [-58.96, -34.73], [-58.96, -34.73], [-58.96, -34.73], [-58.96, -34.73], [-58.96, -34.73], [-58.96, -34.73], [-58.96, -34.73], [-58.96, -34.73], [-58.96, -34.73], [-58.96, -34.73], [-58.96, -34.73], [-58.96, -34.73], [-58.96, -34.73], [-58.96, -34.73], [-58.96, -34.73], [-58.96, -34.73], [-58.96, -34.73], [-58.96, -34.73], [-58.96, -34.73], [-58.96, -34.73], [-58.96, -34.73], [-58.96, -34.73], [-58.96, -34.73], [-58.96, -34.73], [-58.96, -34.73], [-58.96, -34.73], [-58.96, -34.73], [-58.96, -34.73], [-58.96, -34.74], [-58.96, -34.74], [-58.96, -34.74], [-58.97, -34.74], [-58.97, -34.74], [-58.97, -34.74], [-58.97, -34.74], [-58.97, -34.74], [-58.97, -34.74], [-58.97, -34.74], [-58.97, -34.74], [-58.97, -34.74], [-58.97, -34.74], [-58.97, -34.74], [-58.97, -34.74], [-58.97, -34.74], [-58.97, -34.74], [-58.97, -34.74], [-58.97, -34.74], [-58.97, -34.74], [-58.97, -34.74], [-58.97, -34.74], [-58.97, -34.74], [-58.97, -34.74], [-58.97, -34.74], [-58.97, -34.74], [-58.97, -34.74], [-58.97, -34.74], [-58.97, -34.74], [-58.97, -34.74], [-58.97, -34.74], [-58.97, -34.74], [-58.97, -34.74], [-58.97, -34.74], [-58.98, -34.74], [-58.98, -34.74], [-58.98, -34.74], [-58.98, -34.74], [-58.98, -34.75], [-58.98, -34.75], [-58.98, -34.75], [-58.98, -34.75], [-58.98, -34.75], [-58.98, -34.75], [-58.98, -34.75], [-58.98, -34.75], [-58.98, -34.75], [-58.98, -34.75], [-58.98, -34.75], [-58.98, -34.75], [-58.98, -34.75], [-58.98, -34.75], [-58.98, -34.75], [-58.98, -34.75], [-58.98, -34.75], [-58.98, -34.75], [-58.98, -34.75], [-58.98, -34.75], [-58.98, -34.75], [-58.98, -34.75], [-58.98, -34.75], [-58.99, -34.75], [-58.99, -34.75], [-58.99, -34.75], [-58.99, -34.75], [-58.99, -34.75], [-58.99, -34.75], [-58.99, -34.75], [-58.99, -34.75], [-58.99, -34.75], [-58.99, -34.75], [-58.99, -34.75], [-58.99, -34.76], [-58.99, -34.76], [-58.99, -34.76], [-58.99, -34.76], [-58.99, -34.76], [-58.99, -34.76], [-58.99, -34.76], [-59.0, -34.76], [-59.0, -34.76], [-59.0, -34.76], [-59.0, -34.76], [-59.0, -34.76], [-59.0, -34.76], [-59.0, -34.76], [-59.0, -34.76], [-59.0, -34.76], [-59.0, -34.76], [-59.0, -34.76], [-59.0, -34.76], [-59.0, -34.76], [-59.0, -34.76], [-59.0, -34.76], [-59.0, -34.76], [-59.0, -34.76], [-59.0, -34.76], [-59.0, -34.76], [-59.0, -34.76], [-59.0, -34.76], [-59.0, -34.76], [-59.01, -34.76], [-59.01, -34.76], [-59.01, -34.76], [-59.01, -34.76], [-59.01, -34.76], [-59.01, -34.76], [-59.01, -34.76], [-59.01, -34.76], [-59.01, -34.76], [-59.01, -34.76], [-59.01, -34.76], [-59.01, -34.76], [-59.01, -34.76], [-59.01, -34.76], [-59.01, -34.76], [-59.01, -34.76], [-59.02, -34.76], [-59.02, -34.76], [-59.02, -34.76], [-59.02, -34.76], [-59.02, -34.76], [-59.02, -34.76], [-59.02, -34.76], [-59.02, -34.76], [-59.02, -34.76], [-59.02, -34.76], [-59.02, -34.76], [-59.02, -34.76], [-59.02, -34.76], [-59.02, -34.76], [-59.02, -34.76], [-59.02, -34.76], [-59.02, -34.76], [-59.02, -34.76], [-59.02, -34.76], [-59.02, -34.76], [-59.02, -34.76], [-59.02, -34.76], [-59.03, -34.76], [-59.03, -34.76], [-59.03, -34.76], [-59.03, -34.76], [-59.03, -34.76], [-59.03, -34.76], [-59.03, -34.76], [-59.03, -34.76], [-59.03, -34.76], [-59.03, -34.76], [-59.03, -34.76], [-59.03, -34.76], [-59.03, -34.76], [-59.03, -34.76], [-59.03, -34.76], [-59.03, -34.76], [-59.03, -34.76], [-59.03, -34.76], [-59.03, -34.76], [-59.05, -34.75], [-59.06, -34.74], [-59.06, -34.74], [-59.06, -34.74], [-59.06, -34.74], [-59.07, -34.74], [-59.07, -34.73], [-59.07, -34.73], [-59.07, -34.73], [-59.08, -34.73], [-59.08, -34.72], [-59.09, -34.72], [-59.09, -34.72], [-59.09, -34.72], [-59.09, -34.72], [-59.09, -34.72], [-59.09, -34.72], [-59.09, -34.72], [-59.09, -34.72], [-59.09, -34.72], [-59.09, -34.72], [-59.09, -34.72], [-59.1, -34.71], [-59.1, -34.7], [-59.1, -34.7], [-59.11, -34.7], [-59.11, -34.7], [-59.11, -34.7], [-59.12, -34.69], [-59.12, -34.68], [-59.13, -34.67], [-59.13, -34.66], [-59.13, -34.66], [-59.13, -34.66], [-59.14, -34.66], [-59.14, -34.66], [-59.13, -34.65], [-59.13, -34.65], [-59.12, -34.65], [-59.12, -34.65], [-59.12, -34.65], [-59.12, -34.65], [-59.12, -34.65], [-59.11, -34.65], [-59.11, -34.65], [-59.12, -34.64], [-59.11, -34.64], [-59.11, -34.64], [-59.11, -34.64], [-59.1, -34.64], [-59.1, -34.64], [-59.1, -34.64], [-59.09, -34.63], [-59.09, -34.63], [-59.09, -34.63], [-59.09, -34.63], [-59.09, -34.63], [-59.09, -34.63], [-59.08, -34.63], [-59.08, -34.63], [-59.07, -34.62], [-59.07, -34.62], [-59.06, -34.62], [-59.06, -34.62], [-59.06, -34.62], [-59.06, -34.62], [-59.06, -34.61], [-59.06, -34.61], [-59.07, -34.6], [-59.07, -34.6], [-59.07, -34.6], [-59.07, -34.6], [-59.06, -34.6], [-59.06, -34.6], [-59.06, -34.6], [-59.05, -34.59], [-59.05, -34.59], [-59.05, -34.59], [-59.04, -34.59], [-59.04, -34.59], [-59.03, -34.59], [-59.03, -34.59], [-59.03, -34.59], [-59.03, -34.59], [-59.03, -34.59], [-59.02, -34.59], [-59.02, -34.59], [-59.01, -34.59], [-59.01, -34.59], [-59.01, -34.59], [-59.01, -34.59], [-59.0, -34.58], [-59.0, -34.58], [-59.0, -34.58], [-59.0, -34.58], [-59.0, -34.58], [-58.99, -34.58], [-58.99, -34.58], [-58.99, -34.58], [-58.99, -34.58], [-58.99, -34.58], [-58.99, -34.57], [-58.99, -34.57], [-58.98, -34.56], [-58.98, -34.56], [-58.99, -34.56], [-58.98, -34.56], [-58.98, -34.56], [-58.97, -34.55], [-58.97, -34.55], [-58.97, -34.55], [-58.97, -34.55], [-58.96, -34.55], [-58.96, -34.55], [-58.96, -34.55], [-58.95, -34.54], [-58.96, -34.54], [-58.96, -34.54], [-58.96, -34.53], [-58.96, -34.53], [-58.95, -34.53], [-58.94, -34.52], [-58.93, -34.52], [-58.93, -34.52], [-58.93, -34.52], [-58.93, -34.52], [-58.92, -34.53], [-58.91, -34.54], [-58.91, -34.54], [-58.9, -34.55], [-58.9, -34.56], [-58.89, -34.58], [-58.89, -34.58], [-58.89, -34.58], [-58.89, -34.58], [-58.89, -34.59], [-58.89, -34.59], [-58.88, -34.59], [-58.88, -34.59], [-58.88, -34.6], [-58.88, -34.6], [-58.87, -34.6], [-58.87, -34.6], [-58.87, -34.6], [-58.87, -34.61], [-58.87, -34.61], [-58.87, -34.61], [-58.87, -34.61], [-58.86, -34.62], [-58.86, -34.62], [-58.87, -34.62], [-58.87, -34.62], [-58.87, -34.62], [-58.88, -34.62], [-58.88, -34.63]]]}}, {"type": "Feature", "properties": {"cca": "014", "cde": "06126", "fna": "Partido de Campana", "gna": "Partido", "nam": "Campana", "sag": "ARBA", "ara3": 302.83, "arl": 954.54}, "geometry": {"type": "Polygon", "coordinates": [[[-59.1, -34.2], [-59.09, -34.19], [-59.09, -34.19], [-59.09, -34.19], [-59.09, -34.19], [-59.09, -34.19], [-59.08, -34.19], [-59.08, -34.19], [-59.08, -34.19], [-59.08, -34.19], [-59.08, -34.19], [-59.08, -34.19], [-59.08, -34.19], [-59.07, -34.18], [-59.07, -34.18], [-59.07, -34.18], [-59.07, -34.18], [-59.07, -34.18], [-59.07, -34.18], [-59.07, -34.18], [-59.07, -34.18], [-59.06, -34.18], [-59.06, -34.18], [-59.06, -34.18], [-59.06, -34.18], [-59.06, -34.18], [-59.06, -34.18], [-59.06, -34.18], [-59.06, -34.17], [-59.06, -34.17], [-59.05, -34.17], [-59.05, -34.17], [-59.05, -34.17], [-59.04, -34.17], [-59.04, -34.17], [-59.03, -34.16], [-59.03, -34.16], [-59.03, -34.16], [-59.02, -34.16], [-59.02, -34.16], [-59.02, -34.16], [-59.02, -34.15], [-59.02, -34.15], [-59.01, -34.15], [-59.01, -34.15], [-59.01, -34.15], [-59.01, -34.15], [-59.01, -34.15], [-59.0, -34.15], [-59.0, -34.15], [-59.0, -34.15], [-59.0, -34.15], [-59.0, -34.14], [-59.0, -34.14], [-59.0, -34.14], [-59.0, -34.14], [-58.99, -34.14], [-58.99, -34.14], [-58.98, -34.14], [-58.98, -34.14], [-58.98, -34.14], [-58.98, -34.14], [-58.98, -34.14], [-58.98, -34.14], [-58.98, -34.14], [-58.98, -34.14], [-58.98, -34.15], [-58.97, -34.15], [-58.97, -34.15], [-58.97, -34.15], [-58.96, -34.15], [-58.96, -34.15], [-58.96, -34.15], [-58.96, -34.15], [-58.95, -34.15], [-58.95, -34.15], [-58.94, -34.15], [-58.94, -34.15], [-58.93, -34.15], [-58.93, -34.15], [-58.93, -34.15], [-58.93, -34.15], [-58.92, -34.15], [-58.92, -34.15], [-58.92, -34.16], [-58.92, -34.16], [-58.92, -34.16], [-58.92, -34.17], [-58.93, -34.17], [-58.93, -34.17], [-58.93, -34.17], [-58.93, -34.17], [-58.93, -34.17], [-58.93, -34.17], [-58.93, -34.17], [-58.93, -34.17], [-58.93, -34.17], [-58.93, -34.18], [-58.92, -34.17], [-58.92, -34.18], [-58.92, -34.18], [-58.92, -34.18], [-58.92, -34.18], [-58.91, -34.19], [-58.91, -34.19], [-58.91, -34.2], [-58.9, -34.2], [-58.9, -34.2], [-58.9, -34.2], [-58.9, -34.21], [-58.9, -34.21], [-58.89, -34.22], [-58.88, -34.22], [-58.88, -34.22], [-58.87, -34.22], [-58.87, -34.23], [-58.87, -34.23], [-58.87, -34.23], [-58.87, -34.23], [-58.87, -34.24], [-58.86, -34.24], [-58.86, -34.24], [-58.85, -34.26], [-58.85, -34.26], [-58.85, -34.26], [-58.85, -34.26], [-58.85, -34.26], [-58.85, -34.26], [-58.85, -34.26], [-58.86, -34.26], [-58.86, -34.26], [-58.86, -34.26], [-58.86, -34.26], [-58.86, -34.26], [-58.86, -34.26], [-58.86, -34.26], [-58.86, -34.26], [-58.86, -34.26], [-58.86, -34.26], [-58.86, -34.26], [-58.86, -34.26], [-58.86, -34.26], [-58.86, -34.26], [-58.86, -34.26], [-58.86, -34.26], [-58.86, -34.26], [-58.86, -34.26], [-58.86, -34.26], [-58.86, -34.26], [-58.86, -34.26], [-58.86, -34.26], [-58.86, -34.26], [-58.86, -34.26], [-58.86, -34.26], [-58.86, -34.26], [-58.86, -34.26], [-58.86, -34.26], [-58.86, -34.27], [-58.86, -34.27], [-58.86, -34.27], [-58.86, -34.27], [-58.86, -34.27], [-58.86, -34.27], [-58.86, -34.27], [-58.86, -34.27], [-58.86, -34.27], [-58.86, -34.27], [-58.86, -34.27], [-58.86, -34.27], [-58.86, -34.27], [-58.86, -34.27], [-58.86, -34.27], [-58.86, -34.27], [-58.86, -34.27], [-58.86, -34.27], [-58.86, -34.27], [-58.86, -34.27], [-58.86, -34.27], [-58.86, -34.27], [-58.86, -34.27], [-58.86, -34.27], [-58.86, -34.27], [-58.86, -34.27], [-58.86, -34.27], [-58.86, -34.27], [-58.86, -34.27], [-58.86, -34.27], [-58.86, -34.27], [-58.86, -34.27], [-58.86, -34.27], [-58.86, -34.27], [-58.86, -34.27], [-58.86, -34.27], [-58.86, -34.27], [-58.86, -34.27], [-58.86, -34.27], [-58.86, -34.27], [-58.86, -34.27], [-58.86, -34.27], [-58.86, -34.27], [-58.86, -34.27], [-58.86, -34.28], [-58.86, -34.28], [-58.86, -34.28], [-58.86, -34.28], [-58.86, -34.28], [-58.86, -34.28], [-58.86, -34.28], [-58.86, -34.28], [-58.86, -34.28], [-58.86, -34.28], [-58.87, -34.28], [-58.87, -34.28], [-58.87, -34.28], [-58.87, -34.28], [-58.87, -34.28], [-58.87, -34.28], [-58.87, -34.28], [-58.87, -34.28], [-58.87, -34.28], [-58.87, -34.28], [-58.87, -34.28], [-58.87, -34.27], [-58.87, -34.27], [-58.87, -34.27], [-58.87, -34.27], [-58.87, -34.27], [-58.87, -34.27], [-58.87, -34.27], [-58.87, -34.27], [-58.87, -34.27], [-58.87, -34.27], [-58.87, -34.27], [-58.87, -34.27], [-58.87, -34.27], [-58.87, -34.27], [-58.87, -34.27], [-58.87, -34.27], [-58.87, -34.27], [-58.87, -34.27], [-58.87, -34.27], [-58.87, -34.27], [-58.87, -34.27], [-58.87, -34.27], [-58.87, -34.27], [-58.87, -34.27], [-58.87, -34.27], [-58.88, -34.27], [-58.88, -34.27], [-58.88, -34.27], [-58.88, -34.27], [-58.88, -34.27], [-58.88, -34.27], [-58.88, -34.27], [-58.87, -34.27], [-58.87, -34.28], [-58.87, -34.28], [-58.87, -34.28], [-58.87, -34.28], [-58.87, -34.28], [-58.88, -34.28], [-58.88, -34.28], [-58.88, -34.28], [-58.88, -34.27], [-58.88, -34.27], [-58.88, -34.27], [-58.88, -34.27], [-58.88, -34.27], [-58.88, -34.27], [-58.88, -34.27], [-58.88, -34.27], [-58.88, -34.28], [-58.88, -34.28], [-58.88, -34.28], [-58.88, -34.28], [-58.88, -34.28], [-58.88, -34.28], [-58.88, -34.28], [-58.88, -34.28], [-58.88, -34.28], [-58.88, -34.28], [-58.88, -34.28], [-58.88, -34.28], [-58.88, -34.28], [-58.88, -34.28], [-58.88, -34.28], [-58.88, -34.28], [-58.88, -34.28], [-58.88, -34.28], [-58.88, -34.28], [-58.88, -34.28], [-58.88, -34.28], [-58.88, -34.28], [-58.88, -34.28], [-58.88, -34.28], [-58.88, -34.28], [-58.88, -34.28], [-58.88, -34.28], [-58.88, -34.28], [-58.88, -34.28], [-58.88, -34.28], [-58.88, -34.28], [-58.88, -34.28], [-58.88, -34.28], [-58.88, -34.28], [-58.88, -34.28], [-58.88, -34.28], [-58.88, -34.28], [-58.88, -34.28], [-58.88, -34.28], [-58.88, -34.28], [-58.88, -34.28], [-58.88, -34.28], [-58.88, -34.28], [-58.88, -34.28], [-58.88, -34.28], [-58.88, -34.28], [-58.88, -34.28], [-58.88, -34.28], [-58.88, -34.28], [-58.88, -34.28], [-58.88, -34.28], [-58.88, -34.28], [-58.88, -34.28], [-58.88, -34.28], [-58.88, -34.28], [-58.88, -34.28], [-58.88, -34.28], [-58.88, -34.28], [-58.88, -34.28], [-58.88, -34.28], [-58.88, -34.29], [-58.88, -34.29], [-58.88, -34.29], [-58.88, -34.29], [-58.88, -34.29], [-58.88, -34.29], [-58.88, -34.29], [-58.88, -34.29], [-58.88, -34.29], [-58.88, -34.29], [-58.88, -34.29], [-58.88, -34.29], [-58.88, -34.29], [-58.88, -34.29], [-58.88, -34.29], [-58.88, -34.29], [-58.88, -34.29], [-58.88, -34.29], [-58.88, -34.29], [-58.88, -34.29], [-58.88, -34.29], [-58.88, -34.29], [-58.88, -34.29], [-58.88, -34.29], [-58.88, -34.29], [-58.88, -34.29], [-58.88, -34.29], [-58.88, -34.29], [-58.88, -34.29], [-58.88, -34.29], [-58.88, -34.29], [-58.88, -34.29], [-58.88, -34.29], [-58.88, -34.29], [-58.88, -34.29], [-58.88, -34.29], [-58.88, -34.29], [-58.88, -34.29], [-58.88, -34.29], [-58.88, -34.29], [-58.88, -34.29], [-58.88, -34.29], [-58.88, -34.29], [-58.88, -34.29], [-58.88, -34.29], [-58.88, -34.29], [-58.88, -34.29], [-58.88, -34.29], [-58.88, -34.29], [-58.88, -34.29], [-58.88, -34.29], [-58.88, -34.29], [-58.88, -34.29], [-58.88, -34.29], [-58.88, -34.29], [-58.88, -34.29], [-58.88, -34.29], [-58.88, -34.29], [-58.88, -34.29], [-58.88, -34.29], [-58.88, -34.29], [-58.88, -34.29], [-58.88, -34.29], [-58.88, -34.29], [-58.88, -34.29], [-58.88, -34.29], [-58.88, -34.29], [-58.88, -34.29], [-58.88, -34.29], [-58.88, -34.29], [-58.88, -34.29], [-58.88, -34.29], [-58.88, -34.29], [-58.88, -34.29], [-58.88, -34.29], [-58.88, -34.29], [-58.88, -34.29], [-58.88, -34.29], [-58.88, -34.29], [-58.88, -34.29], [-58.88, -34.29], [-58.88, -34.29], [-58.88, -34.29], [-58.88, -34.29], [-58.88, -34.29], [-58.88, -34.29], [-58.88, -34.29], [-58.88, -34.29], [-58.88, -34.29], [-58.88, -34.29], [-58.88, -34.29], [-58.88, -34.29], [-58.88, -34.29], [-58.88, -34.29], [-58.88, -34.3], [-58.88, -34.3], [-58.88, -34.3], [-58.88, -34.3], [-58.88, -34.3], [-58.88, -34.3], [-58.88, -34.3], [-58.88, -34.3], [-58.88, -34.3], [-58.88, -34.3], [-58.88, -34.3], [-58.88, -34.3], [-58.88, -34.3], [-58.88, -34.3], [-58.88, -34.3], [-58.88, -34.3], [-58.88, -34.3], [-58.88, -34.3], [-58.88, -34.3], [-58.88, -34.3], [-58.88, -34.3], [-58.88, -34.3], [-58.88, -34.3], [-58.88, -34.3], [-58.88, -34.3], [-58.88, -34.3], [-58.88, -34.3], [-58.88, -34.3], [-58.88, -34.3], [-58.88, -34.3], [-58.88, -34.3], [-58.88, -34.3], [-58.88, -34.3], [-58.88, -34.3], [-58.88, -34.3], [-58.88, -34.3], [-58.88, -34.3], [-58.88, -34.3], [-58.88, -34.3], [-58.88, -34.3], [-58.88, -34.3], [-58.88, -34.3], [-58.88, -34.3], [-58.88, -34.3], [-58.89, -34.3], [-58.89, -34.3], [-58.89, -34.3], [-58.89, -34.3], [-58.89, -34.3], [-58.89, -34.3], [-58.89, -34.3], [-58.89, -34.3], [-58.88, -34.3], [-58.88, -34.3], [-58.88, -34.3], [-58.88, -34.3], [-58.88, -34.3], [-58.89, -34.3], [-58.89, -34.3], [-58.89, -34.3], [-58.89, -34.3], [-58.89, -34.3], [-58.89, -34.3], [-58.89, -34.3], [-58.89, -34.3], [-58.89, -34.3], [-58.89, -34.3], [-58.89, -34.3], [-58.89, -34.3], [-58.89, -34.3], [-58.89, -34.3], [-58.89, -34.3], [-58.89, -34.3], [-58.89, -34.3], [-58.89, -34.3], [-58.89, -34.3], [-58.89, -34.3], [-58.89, -34.3], [-58.89, -34.3], [-58.89, -34.3], [-58.89, -34.3], [-58.89, -34.3], [-58.89, -34.3], [-58.89, -34.3], [-58.89, -34.3], [-58.89, -34.3], [-58.89, -34.3], [-58.89, -34.3], [-58.89, -34.3], [-58.89, -34.3], [-58.89, -34.3], [-58.89, -34.3], [-58.89, -34.3], [-58.89, -34.3], [-58.89, -34.3], [-58.89, -34.3], [-58.89, -34.3], [-58.89, -34.3], [-58.89, -34.3], [-58.89, -34.3], [-58.89, -34.3], [-58.89, -34.3], [-58.89, -34.3], [-58.89, -34.3], [-58.89, -34.3], [-58.89, -34.3], [-58.89, -34.3], [-58.89, -34.3], [-58.89, -34.3], [-58.89, -34.3], [-58.89, -34.3], [-58.89, -34.3], [-58.89, -34.31], [-58.89, -34.31], [-58.89, -34.31], [-58.89, -34.31], [-58.89, -34.31], [-58.89, -34.3], [-58.89, -34.3], [-58.89, -34.3], [-58.89, -34.3], [-58.89, -34.3], [-58.89, -34.3], [-58.89, -34.3], [-58.89, -34.3], [-58.89, -34.3], [-58.89, -34.3], [-58.89, -34.3], [-58.89, -34.3], [-58.89, -34.3], [-58.89, -34.3], [-58.89, -34.3], [-58.89, -34.3], [-58.89, -34.3], [-58.89, -34.3], [-58.89, -34.3], [-58.89, -34.3], [-58.89, -34.3], [-58.89, -34.3], [-58.89, -34.3], [-58.89, -34.3], [-58.89, -34.3], [-58.89, -34.3], [-58.89, -34.3], [-58.89, -34.3], [-58.89, -34.3], [-58.89, -34.3], [-58.89, -34.3], [-58.89, -34.3], [-58.89, -34.3], [-58.89, -34.3], [-58.89, -34.31], [-58.89, -34.31], [-58.89, -34.31], [-58.89, -34.31], [-58.89, -34.31], [-58.89, -34.31], [-58.89, -34.31], [-58.89, -34.31], [-58.89, -34.31], [-58.89, -34.31], [-58.89, -34.31], [-58.89, -34.31], [-58.89, -34.31], [-58.89, -34.31], [-58.89, -34.31], [-58.89, -34.31], [-58.89, -34.31], [-58.89, -34.31], [-58.89, -34.31], [-58.89, -34.31], [-58.89, -34.31], [-58.89, -34.31], [-58.89, -34.31], [-58.89, -34.31], [-58.9, -34.31], [-58.9, -34.31], [-58.9, -34.31], [-58.9, -34.31], [-58.9, -34.31], [-58.9, -34.31], [-58.9, -34.31], [-58.9, -34.31], [-58.9, -34.31], [-58.9, -34.31], [-58.9, -34.31], [-58.9, -34.31], [-58.9, -34.31], [-58.9, -34.31], [-58.9, -34.31], [-58.9, -34.31], [-58.9, -34.31], [-58.9, -34.31], [-58.9, -34.31], [-58.9, -34.31], [-58.9, -34.31], [-58.9, -34.31], [-58.9, -34.31], [-58.9, -34.31], [-58.9, -34.31], [-58.9, -34.31], [-58.9, -34.31], [-58.9, -34.31], [-58.9, -34.31], [-58.9, -34.31], [-58.9, -34.31], [-58.9, -34.31], [-58.9, -34.31], [-58.9, -34.31], [-58.9, -34.31], [-58.9, -34.31], [-58.9, -34.31], [-58.9, -34.31], [-58.9, -34.31], [-58.9, -34.31], [-58.9, -34.31], [-58.9, -34.31], [-58.9, -34.31], [-58.9, -34.31], [-58.9, -34.31], [-58.9, -34.31], [-58.9, -34.31], [-58.9, -34.31], [-58.9, -34.31], [-58.9, -34.31], [-58.9, -34.31], [-58.9, -34.31], [-58.9, -34.31], [-58.9, -34.31], [-58.9, -34.31], [-58.9, -34.31], [-58.9, -34.31], [-58.9, -34.31], [-58.9, -34.31], [-58.9, -34.31], [-58.9, -34.31], [-58.9, -34.31], [-58.9, -34.31], [-58.9, -34.31], [-58.9, -34.31], [-58.9, -34.31], [-58.9, -34.31], [-58.9, -34.31], [-58.9, -34.31], [-58.9, -34.31], [-58.9, -34.31], [-58.9, -34.31], [-58.9, -34.31], [-58.9, -34.31], [-58.9, -34.31], [-58.9, -34.31], [-58.9, -34.31], [-58.9, -34.31], [-58.9, -34.31], [-58.9, -34.31], [-58.9, -34.31], [-58.9, -34.31], [-58.9, -34.31], [-58.91, -34.31], [-58.91, -34.31], [-58.91, -34.31], [-58.91, -34.31], [-58.91, -34.31], [-58.9, -34.31], [-58.9, -34.31], [-58.9, -34.31], [-58.9, -34.31], [-58.91, -34.31], [-58.91, -34.31], [-58.91, -34.31], [-58.91, -34.31], [-58.91, -34.31], [-58.91, -34.31], [-58.91, -34.31], [-58.91, -34.31], [-58.91, -34.31], [-58.91, -34.31], [-58.91, -34.31], [-58.91, -34.31], [-58.91, -34.31], [-58.91, -34.31], [-58.91, -34.31], [-58.91, -34.31], [-58.91, -34.31], [-58.91, -34.31], [-58.91, -34.31], [-58.91, -34.31], [-58.91, -34.32], [-58.91, -34.32], [-58.91, -34.32], [-58.91, -34.32], [-58.91, -34.32], [-58.91, -34.32], [-58.91, -34.32], [-58.91, -34.32], [-58.91, -34.32], [-58.91, -34.32], [-58.91, -34.32], [-58.91, -34.32], [-58.91, -34.32], [-58.91, -34.32], [-58.91, -34.32], [-58.91, -34.32], [-58.91, -34.32], [-58.91, -34.32], [-58.91, -34.32], [-58.91, -34.32], [-58.91, -34.32], [-58.91, -34.32], [-58.91, -34.32], [-58.91, -34.32], [-58.91, -34.32], [-58.91, -34.32], [-58.91, -34.32], [-58.91, -34.32], [-58.91, -34.32], [-58.91, -34.32], [-58.91, -34.32], [-58.91, -34.32], [-58.91, -34.32], [-58.91, -34.32], [-58.91, -34.32], [-58.91, -34.32], [-58.91, -34.32], [-58.91, -34.32], [-58.91, -34.32], [-58.91, -34.32], [-58.91, -34.32], [-58.91, -34.32], [-58.91, -34.32], [-58.91, -34.32], [-58.91, -34.32], [-58.91, -34.32], [-58.91, -34.32], [-58.91, -34.32], [-58.91, -34.32], [-58.91, -34.32], [-58.91, -34.32], [-58.91, -34.32], [-58.91, -34.32], [-58.91, -34.32], [-58.91, -34.32], [-58.91, -34.32], [-58.91, -34.32], [-58.91, -34.32], [-58.91, -34.32], [-58.91, -34.32], [-58.91, -34.32], [-58.91, -34.32], [-58.91, -34.32], [-58.91, -34.32], [-58.91, -34.32], [-58.91, -34.32], [-58.91, -34.33], [-58.91, -34.33], [-58.91, -34.33], [-58.91, -34.33], [-58.91, -34.33], [-58.91, -34.33], [-58.91, -34.33], [-58.91, -34.33], [-58.91, -34.33], [-58.91, -34.33], [-58.91, -34.33], [-58.91, -34.33], [-58.91, -34.33], [-58.91, -34.33], [-58.91, -34.33], [-58.92, -34.33], [-58.92, -34.33], [-58.92, -34.33], [-58.92, -34.33], [-58.92, -34.33], [-58.92, -34.33], [-58.92, -34.33], [-58.92, -34.33], [-58.92, -34.33], [-58.92, -34.33], [-58.92, -34.33], [-58.92, -34.33], [-58.92, -34.33], [-58.92, -34.33], [-58.92, -34.33], [-58.92, -34.33], [-58.92, -34.33], [-58.92, -34.33], [-58.92, -34.33], [-58.92, -34.33], [-58.92, -34.33], [-58.92, -34.33], [-58.92, -34.33], [-58.92, -34.33], [-58.92, -34.33], [-58.92, -34.33], [-58.92, -34.33], [-58.92, -34.33], [-58.92, -34.33], [-58.92, -34.33], [-58.92, -34.33], [-58.92, -34.33], [-58.92, -34.33], [-58.92, -34.33], [-58.92, -34.33], [-58.92, -34.33], [-58.92, -34.33], [-58.92, -34.33], [-58.92, -34.33], [-58.92, -34.33], [-58.92, -34.33], [-58.92, -34.33], [-58.92, -34.33], [-58.92, -34.33], [-58.92, -34.33], [-58.92, -34.33], [-58.92, -34.33], [-58.92, -34.34], [-58.92, -34.34], [-58.92, -34.34], [-58.92, -34.34], [-58.92, -34.34], [-58.91, -34.34], [-58.91, -34.34], [-58.91, -34.34], [-58.91, -34.34], [-58.91, -34.34], [-58.91, -34.34], [-58.91, -34.34], [-58.91, -34.34], [-58.91, -34.34], [-58.92, -34.34], [-58.92, -34.34], [-58.92, -34.34], [-58.92, -34.34], [-58.92, -34.34], [-58.92, -34.34], [-58.92, -34.34], [-58.92, -34.34], [-58.92, -34.34], [-58.92, -34.34], [-58.92, -34.34], [-58.92, -34.34], [-58.92, -34.34], [-58.92, -34.34], [-58.92, -34.34], [-58.92, -34.34], [-58.92, -34.34], [-58.92, -34.34], [-58.92, -34.34], [-58.92, -34.34], [-58.92, -34.34], [-58.92, -34.34], [-58.92, -34.34], [-58.92, -34.34], [-58.92, -34.34], [-58.92, -34.34], [-58.92, -34.34], [-58.92, -34.34], [-58.92, -34.34], [-58.92, -34.34], [-58.92, -34.34], [-58.92, -34.34], [-58.92, -34.34], [-58.92, -34.34], [-58.92, -34.34], [-58.92, -34.34], [-58.92, -34.34], [-58.92, -34.34], [-58.91, -34.34], [-58.91, -34.34], [-58.91, -34.34], [-58.91, -34.34], [-58.91, -34.34], [-58.91, -34.34], [-58.91, -34.34], [-58.91, -34.34], [-58.91, -34.34], [-58.91, -34.35], [-58.91, -34.35], [-58.91, -34.35], [-58.91, -34.35], [-58.91, -34.35], [-58.91, -34.35], [-58.91, -34.35], [-58.92, -34.35], [-58.92, -34.35], [-58.92, -34.35], [-58.92, -34.35], [-58.92, -34.35], [-58.92, -34.35], [-58.92, -34.35], [-58.92, -34.35], [-58.92, -34.35], [-58.92, -34.35], [-58.92, -34.35], [-58.92, -34.35], [-58.92, -34.35], [-58.92, -34.35], [-58.92, -34.35], [-58.92, -34.35], [-58.92, -34.35], [-58.92, -34.35], [-58.92, -34.35], [-58.92, -34.35], [-58.92, -34.35], [-58.92, -34.35], [-58.92, -34.35], [-58.92, -34.35], [-58.92, -34.35], [-58.92, -34.35], [-58.91, -34.35], [-58.91, -34.35], [-58.91, -34.35], [-58.91, -34.35], [-58.91, -34.35], [-58.91, -34.35], [-58.91, -34.35], [-58.91, -34.35], [-58.91, -34.35], [-58.91, -34.35], [-58.92, -34.35], [-58.92, -34.35], [-58.92, -34.35], [-58.92, -34.35], [-58.92, -34.35], [-58.92, -34.35], [-58.92, -34.35], [-58.92, -34.35], [-58.92, -34.35], [-58.92, -34.35], [-58.92, -34.35], [-58.92, -34.35], [-58.92, -34.35], [-58.92, -34.35], [-58.92, -34.35], [-58.92, -34.35], [-58.92, -34.35], [-58.92, -34.35], [-58.92, -34.35], [-58.92, -34.35], [-58.92, -34.35], [-58.92, -34.35], [-58.92, -34.35], [-58.92, -34.35], [-58.92, -34.35], [-58.92, -34.35], [-58.92, -34.35], [-58.92, -34.35], [-58.92, -34.35], [-58.92, -34.35], [-58.92, -34.35], [-58.92, -34.35], [-58.92, -34.35], [-58.91, -34.35], [-58.91, -34.35], [-58.91, -34.36], [-58.91, -34.36], [-58.91, -34.36], [-58.91, -34.36], [-58.91, -34.36], [-58.92, -34.36], [-58.92, -34.36], [-58.92, -34.36], [-58.92, -34.36], [-58.92, -34.36], [-58.92, -34.36], [-58.92, -34.36], [-58.92, -34.36], [-58.92, -34.36], [-58.92, -34.36], [-58.92, -34.36], [-58.92, -34.36], [-58.92, -34.36], [-58.91, -34.36], [-58.91, -34.36], [-58.91, -34.36], [-58.91, -34.36], [-58.91, -34.36], [-58.91, -34.36], [-58.91, -34.36], [-58.91, -34.36], [-58.91, -34.36], [-58.91, -34.36], [-58.91, -34.36], [-58.91, -34.36], [-58.91, -34.36], [-58.91, -34.36], [-58.91, -34.36], [-58.91, -34.36], [-58.91, -34.36], [-58.91, -34.36], [-58.91, -34.36], [-58.91, -34.36], [-58.91, -34.36], [-58.91, -34.36], [-58.91, -34.36], [-58.91, -34.36], [-58.91, -34.36], [-58.91, -34.36], [-58.91, -34.36], [-58.91, -34.36], [-58.91, -34.36], [-58.91, -34.36], [-58.91, -34.36], [-58.91, -34.36], [-58.91, -34.36], [-58.91, -34.36], [-58.91, -34.36], [-58.91, -34.36], [-58.91, -34.36], [-58.91, -34.36], [-58.91, -34.36], [-58.91, -34.36], [-58.91, -34.36], [-58.91, -34.36], [-58.91, -34.36], [-58.91, -34.36], [-58.91, -34.36], [-58.91, -34.36], [-58.91, -34.36], [-58.91, -34.36], [-58.91, -34.36], [-58.91, -34.36], [-58.91, -34.36], [-58.91, -34.36], [-58.91, -34.36], [-58.91, -34.36], [-58.91, -34.36], [-58.91, -34.36], [-58.91, -34.36], [-58.91, -34.36], [-58.91, -34.36], [-58.91, -34.36], [-58.91, -34.36], [-58.91, -34.36], [-58.91, -34.36], [-58.91, -34.36], [-58.91, -34.36], [-58.91, -34.36], [-58.91, -34.36], [-58.91, -34.36], [-58.91, -34.36], [-58.91, -34.36], [-58.91, -34.36], [-58.91, -34.36], [-58.91, -34.36], [-58.91, -34.36], [-58.91, -34.36], [-58.91, -34.36], [-58.91, -34.36], [-58.91, -34.37], [-58.91, -34.37], [-58.91, -34.37], [-58.91, -34.37], [-58.91, -34.37], [-58.91, -34.37], [-58.91, -34.37], [-58.91, -34.37], [-58.91, -34.37], [-58.91, -34.37], [-58.91, -34.37], [-58.91, -34.37], [-58.91, -34.37], [-58.91, -34.37], [-58.91, -34.37], [-58.91, -34.37], [-58.91, -34.37], [-58.91, -34.37], [-58.91, -34.37], [-58.91, -34.37], [-58.92, -34.37], [-58.92, -34.37], [-58.92, -34.37], [-58.92, -34.37], [-58.92, -34.37], [-58.92, -34.37], [-58.92, -34.37], [-58.92, -34.37], [-58.92, -34.37], [-58.92, -34.37], [-58.92, -34.37], [-58.92, -34.37], [-58.92, -34.37], [-58.92, -34.37], [-58.92, -34.37], [-58.92, -34.37], [-58.92, -34.37], [-58.92, -34.37], [-58.92, -34.37], [-58.92, -34.37], [-58.92, -34.37], [-58.92, -34.37], [-58.92, -34.37], [-58.92, -34.37], [-58.92, -34.37], [-58.92, -34.37], [-58.92, -34.37], [-58.92, -34.37], [-58.92, -34.37], [-58.92, -34.37], [-58.92, -34.37], [-58.92, -34.37], [-58.92, -34.37], [-58.92, -34.37], [-58.92, -34.37], [-58.92, -34.37], [-58.92, -34.37], [-58.92, -34.37], [-58.92, -34.37], [-58.92, -34.37], [-58.92, -34.37], [-58.92, -34.37], [-58.92, -34.37], [-58.92, -34.37], [-58.92, -34.37], [-58.92, -34.37], [-58.92, -34.37], [-58.92, -34.37], [-58.92, -34.37], [-58.92, -34.37], [-58.92, -34.37], [-58.92, -34.37], [-58.92, -34.37], [-58.92, -34.37], [-58.92, -34.37], [-58.92, -34.37], [-58.92, -34.37], [-58.92, -34.37], [-58.92, -34.37], [-58.92, -34.37], [-58.92, -34.37], [-58.92, -34.37], [-58.92, -34.37], [-58.92, -34.37], [-58.92, -34.37], [-58.92, -34.37], [-58.92, -34.37], [-58.92, -34.37], [-58.92, -34.38], [-58.92, -34.38], [-58.92, -34.38], [-58.92, -34.38], [-58.92, -34.38], [-58.92, -34.38], [-58.92, -34.38], [-58.92, -34.38], [-58.92, -34.38], [-58.92, -34.38], [-58.92, -34.38], [-58.92, -34.38], [-58.92, -34.38], [-58.92, -34.38], [-58.92, -34.38], [-58.92, -34.38], [-58.92, -34.38], [-58.92, -34.38], [-58.92, -34.38], [-58.92, -34.38], [-58.92, -34.38], [-58.92, -34.38], [-58.92, -34.38], [-58.92, -34.38], [-58.92, -34.38], [-58.92, -34.38], [-58.92, -34.38], [-58.92, -34.38], [-58.92, -34.38], [-58.92, -34.38], [-58.92, -34.38], [-58.92, -34.38], [-58.92, -34.38], [-58.92, -34.38], [-58.92, -34.38], [-58.92, -34.38], [-58.92, -34.38], [-58.92, -34.38], [-58.92, -34.38], [-58.92, -34.38], [-58.92, -34.38], [-58.92, -34.38], [-58.92, -34.38], [-58.92, -34.38], [-58.92, -34.38], [-58.92, -34.38], [-58.92, -34.38], [-58.93, -34.37], [-58.93, -34.37], [-58.93, -34.37], [-58.93, -34.37], [-58.93, -34.37], [-58.93, -34.37], [-58.93, -34.37], [-58.93, -34.37], [-58.93, -34.37], [-58.93, -34.37], [-58.93, -34.37], [-58.93, -34.37], [-58.93, -34.37], [-58.93, -34.36], [-58.94, -34.36], [-58.94, -34.36], [-58.94, -34.36], [-58.94, -34.36], [-58.94, -34.36], [-58.94, -34.36], [-58.94, -34.36], [-58.94, -34.36], [-58.94, -34.36], [-58.94, -34.36], [-58.94, -34.36], [-58.94, -34.36], [-58.94, -34.36], [-58.94, -34.36], [-58.94, -34.36], [-58.94, -34.36], [-58.94, -34.36], [-58.94, -34.36], [-58.94, -34.36], [-58.94, -34.36], [-58.94, -34.36], [-58.94, -34.36], [-58.94, -34.36], [-58.94, -34.36], [-58.94, -34.36], [-58.94, -34.36], [-58.94, -34.36], [-58.94, -34.36], [-58.94, -34.36], [-58.94, -34.36], [-58.94, -34.36], [-58.94, -34.36], [-58.94, -34.36], [-58.94, -34.36], [-58.94, -34.36], [-58.94, -34.36], [-58.94, -34.36], [-58.94, -34.36], [-58.94, -34.36], [-58.94, -34.36], [-58.94, -34.36], [-58.94, -34.36], [-58.94, -34.36], [-58.94, -34.36], [-58.94, -34.36], [-58.94, -34.36], [-58.94, -34.36], [-58.94, -34.36], [-58.94, -34.36], [-58.94, -34.36], [-58.94, -34.36], [-58.94, -34.36], [-58.94, -34.36], [-58.94, -34.36], [-58.94, -34.36], [-58.94, -34.36], [-58.94, -34.36], [-58.94, -34.36], [-58.94, -34.36], [-58.94, -34.36], [-58.94, -34.36], [-58.94, -34.36], [-58.94, -34.36], [-58.94, -34.36], [-58.94, -34.36], [-58.94, -34.36], [-58.94, -34.36], [-58.94, -34.36], [-58.94, -34.36], [-58.94, -34.36], [-58.94, -34.36], [-58.94, -34.36], [-58.94, -34.36], [-58.94, -34.36], [-58.94, -34.36], [-58.94, -34.36], [-58.94, -34.36], [-58.94, -34.36], [-58.94, -34.36], [-58.94, -34.36], [-58.94, -34.36], [-58.94, -34.36], [-58.94, -34.36], [-58.94, -34.36], [-58.94, -34.36], [-58.94, -34.36], [-58.94, -34.36], [-58.94, -34.36], [-58.94, -34.36], [-58.94, -34.36], [-58.94, -34.36], [-58.94, -34.36], [-58.94, -34.36], [-58.94, -34.36], [-58.94, -34.36], [-58.94, -34.36], [-58.94, -34.36], [-58.94, -34.36], [-58.94, -34.36], [-58.94, -34.36], [-58.94, -34.36], [-58.94, -34.36], [-58.94, -34.36], [-58.94, -34.36], [-58.94, -34.36], [-58.94, -34.36], [-58.94, -34.36], [-58.94, -34.36], [-58.94, -34.36], [-58.94, -34.36], [-58.94, -34.36], [-58.94, -34.36], [-58.94, -34.36], [-58.94, -34.36], [-58.94, -34.36], [-58.94, -34.36], [-58.94, -34.36], [-58.94, -34.36], [-58.94, -34.36], [-58.94, -34.36], [-58.94, -34.36], [-58.94, -34.36], [-58.94, -34.36], [-58.94, -34.36], [-58.94, -34.36], [-58.94, -34.36], [-58.94, -34.36], [-58.94, -34.36], [-58.94, -34.36], [-58.94, -34.36], [-58.94, -34.36], [-58.94, -34.36], [-58.94, -34.36], [-58.94, -34.36], [-58.94, -34.36], [-58.94, -34.36], [-58.94, -34.36], [-58.94, -34.36], [-58.94, -34.36], [-58.94, -34.36], [-58.94, -34.36], [-58.94, -34.36], [-58.94, -34.36], [-58.94, -34.36], [-58.95, -34.36], [-58.95, -34.36], [-58.95, -34.36], [-58.95, -34.35], [-58.95, -34.35], [-58.95, -34.35], [-58.95, -34.35], [-58.95, -34.35], [-58.95, -34.35], [-58.96, -34.35], [-58.96, -34.34], [-58.96, -34.34], [-58.96, -34.34], [-58.96, -34.34], [-58.96, -34.34], [-58.96, -34.34], [-58.96, -34.34], [-58.96, -34.34], [-58.97, -34.33], [-58.97, -34.33], [-58.97, -34.33], [-58.97, -34.33], [-58.98, -34.32], [-58.98, -34.32], [-58.98, -34.32], [-58.98, -34.32], [-58.98, -34.32], [-58.99, -34.32], [-58.99, -34.32], [-58.99, -34.32], [-58.99, -34.32], [-58.99, -34.32], [-58.99, -34.31], [-58.99, -34.31], [-58.99, -34.31], [-58.99, -34.31], [-59.0, -34.31], [-59.0, -34.31], [-59.0, -34.31], [-59.01, -34.3], [-59.01, -34.3], [-59.01, -34.3], [-59.01, -34.3], [-59.01, -34.3], [-59.01, -34.3], [-59.01, -34.3], [-59.01, -34.3], [-59.01, -34.3], [-59.01, -34.29], [-59.01, -34.29], [-59.01, -34.29], [-59.01, -34.29], [-59.01, -34.29], [-59.01, -34.29], [-59.01, -34.29], [-59.01, -34.29], [-59.01, -34.29], [-59.01, -34.29], [-59.01, -34.29], [-59.01, -34.29], [-59.01, -34.29], [-59.01, -34.29], [-59.01, -34.29], [-59.01, -34.29], [-59.01, -34.29], [-59.01, -34.29], [-59.02, -34.29], [-59.02, -34.29], [-59.02, -34.29], [-59.02, -34.29], [-59.02, -34.29], [-59.02, -34.29], [-59.02, -34.29], [-59.02, -34.29], [-59.02, -34.29], [-59.02, -34.29], [-59.02, -34.29], [-59.02, -34.29], [-59.02, -34.29], [-59.02, -34.28], [-59.02, -34.28], [-59.03, -34.28], [-59.03, -34.28], [-59.03, -34.28], [-59.03, -34.27], [-59.04, -34.27], [-59.04, -34.27], [-59.04, -34.27], [-59.04, -34.27], [-59.04, -34.27], [-59.04, -34.27], [-59.04, -34.27], [-59.04, -34.27], [-59.04, -34.27], [-59.04, -34.27], [-59.04, -34.27], [-59.04, -34.27], [-59.04, -34.27], [-59.04, -34.27], [-59.04, -34.26], [-59.04, -34.26], [-59.05, -34.26], [-59.05, -34.26], [-59.05, -34.26], [-59.05, -34.26], [-59.05, -34.26], [-59.05, -34.25], [-59.06, -34.25], [-59.06, -34.25], [-59.06, -34.25], [-59.06, -34.25], [-59.06, -34.25], [-59.06, -34.24], [-59.06, -34.24], [-59.06, -34.24], [-59.06, -34.24], [-59.07, -34.23], [-59.07, -34.23], [-59.08, -34.23], [-59.08, -34.22], [-59.08, -34.23], [-59.09, -34.23], [-59.09, -34.23], [-59.09, -34.23], [-59.09, -34.23], [-59.09, -34.23], [-59.09, -34.23], [-59.09, -34.23], [-59.1, -34.22], [-59.1, -34.22], [-59.1, -34.22], [-59.1, -34.22], [-59.11, -34.21], [-59.1, -34.21], [-59.1, -34.2], [-59.1, -34.2]]]}}, {"type": "Feature", "properties": {"cca": "064", "cde": "06497", "fna": "Partido de Luj\u00e1n", "gna": "Partido", "nam": "Luj\u00e1n", "sag": "ARBA", "ara3": 772.59, "arl": 777.13}, "geometry": {"type": "Polygon", "coordinates": [[[-59.2, -34.37], [-59.2, -34.37], [-59.19, -34.38], [-59.19, -34.38], [-59.19, -34.38], [-59.19, -34.38], [-59.18, -34.38], [-59.18, -34.38], [-59.18, -34.38], [-59.18, -34.39], [-59.18, -34.39], [-59.17, -34.39], [-59.17, -34.39], [-59.17, -34.39], [-59.17, -34.39], [-59.17, -34.4], [-59.17, -34.4], [-59.17, -34.4], [-59.16, -34.4], [-59.16, -34.4], [-59.16, -34.4], [-59.16, -34.4], [-59.16, -34.4], [-59.16, -34.41], [-59.15, -34.41], [-59.15, -34.41], [-59.15, -34.41], [-59.15, -34.41], [-59.14, -34.42], [-59.14, -34.42], [-59.13, -34.42], [-59.13, -34.42], [-59.13, -34.42], [-59.12, -34.43], [-59.12, -34.44], [-59.12, -34.44], [-59.11, -34.45], [-59.11, -34.45], [-59.1, -34.46], [-59.1, -34.46], [-59.1, -34.46], [-59.08, -34.46], [-59.08, -34.45], [-59.08, -34.45], [-59.08, -34.45], [-59.08, -34.45], [-59.08, -34.45], [-59.08, -34.45], [-59.08, -34.44], [-59.08, -34.44], [-59.08, -34.44], [-59.07, -34.44], [-59.08, -34.44], [-59.07, -34.43], [-59.07, -34.44], [-59.06, -34.43], [-59.06, -34.43], [-59.06, -34.43], [-59.06, -34.43], [-59.06, -34.43], [-59.05, -34.43], [-59.05, -34.44], [-59.04, -34.44], [-59.04, -34.44], [-59.04, -34.45], [-59.04, -34.45], [-59.04, -34.45], [-59.04, -34.45], [-59.04, -34.45], [-59.04, -34.46], [-59.03, -34.46], [-59.03, -34.46], [-59.03, -34.46], [-59.03, -34.46], [-59.03, -34.46], [-59.03, -34.46], [-59.03, -34.46], [-59.03, -34.47], [-59.03, -34.47], [-59.03, -34.47], [-59.03, -34.47], [-59.02, -34.47], [-59.02, -34.47], [-59.02, -34.47], [-59.02, -34.48], [-59.02, -34.48], [-59.02, -34.48], [-59.02, -34.48], [-59.01, -34.48], [-59.01, -34.48], [-59.01, -34.48], [-59.01, -34.49], [-59.01, -34.49], [-59.01, -34.49], [-59.01, -34.49], [-59.01, -34.49], [-59.01, -34.49], [-59.01, -34.49], [-59.0, -34.49], [-59.0, -34.49], [-59.0, -34.49], [-59.0, -34.49], [-59.0, -34.49], [-59.0, -34.48], [-59.0, -34.48], [-59.0, -34.48], [-59.0, -34.48], [-59.0, -34.48], [-59.0, -34.49], [-59.0, -34.49], [-59.0, -34.49], [-59.0, -34.49], [-58.99, -34.49], [-58.99, -34.49], [-58.99, -34.49], [-58.99, -34.49], [-58.99, -34.5], [-58.99, -34.5], [-58.99, -34.5], [-58.99, -34.5], [-58.99, -34.5], [-58.98, -34.5], [-58.98, -34.51], [-58.98, -34.51], [-58.97, -34.52], [-58.97, -34.52], [-58.97, -34.52], [-58.97, -34.53], [-58.97, -34.53], [-58.96, -34.53], [-58.96, -34.53], [-58.96, -34.53], [-58.96, -34.54], [-58.96, -34.54], [-58.95, -34.54], [-58.96, -34.55], [-58.96, -34.55], [-58.96, -34.55], [-58.97, -34.55], [-58.97, -34.55], [-58.97, -34.55], [-58.97, -34.55], [-58.98, -34.56], [-58.98, -34.56], [-58.99, -34.56], [-58.98, -34.56], [-58.98, -34.56], [-58.99, -34.57], [-58.99, -34.58], [-58.99, -34.58], [-58.99, -34.58], [-58.99, -34.58], [-58.99, -34.58], [-59.0, -34.58], [-59.0, -34.58], [-59.0, -34.58], [-59.0, -34.58], [-59.0, -34.58], [-59.01, -34.59], [-59.01, -34.59], [-59.01, -34.59], [-59.02, -34.59], [-59.02, -34.59], [-59.03, -34.59], [-59.03, -34.59], [-59.03, -34.59], [-59.03, -34.59], [-59.03, -34.59], [-59.04, -34.59], [-59.04, -34.59], [-59.05, -34.59], [-59.05, -34.59], [-59.06, -34.6], [-59.06, -34.6], [-59.07, -34.6], [-59.07, -34.6], [-59.07, -34.6], [-59.06, -34.61], [-59.06, -34.61], [-59.06, -34.62], [-59.06, -34.62], [-59.06, -34.62], [-59.06, -34.62], [-59.07, -34.62], [-59.07, -34.62], [-59.08, -34.63], [-59.08, -34.63], [-59.09, -34.63], [-59.09, -34.63], [-59.09, -34.63], [-59.09, -34.63], [-59.09, -34.63], [-59.09, -34.63], [-59.1, -34.64], [-59.1, -34.64], [-59.1, -34.64], [-59.11, -34.64], [-59.11, -34.64], [-59.11, -34.64], [-59.12, -34.64], [-59.11, -34.65], [-59.11, -34.65], [-59.12, -34.65], [-59.12, -34.65], [-59.12, -34.65], [-59.12, -34.65], [-59.12, -34.65], [-59.13, -34.65], [-59.13, -34.65], [-59.14, -34.66], [-59.14, -34.66], [-59.13, -34.66], [-59.13, -34.66], [-59.13, -34.66], [-59.13, -34.67], [-59.12, -34.68], [-59.12, -34.69], [-59.11, -34.7], [-59.11, -34.7], [-59.11, -34.7], [-59.1, -34.7], [-59.1, -34.7], [-59.1, -34.71], [-59.09, -34.72], [-59.09, -34.72], [-59.09, -34.72], [-59.09, -34.72], [-59.09, -34.72], [-59.09, -34.72], [-59.09, -34.72], [-59.09, -34.72], [-59.09, -34.72], [-59.09, -34.72], [-59.09, -34.72], [-59.09, -34.72], [-59.09, -34.72], [-59.09, -34.72], [-59.09, -34.72], [-59.09, -34.72], [-59.09, -34.72], [-59.09, -34.72], [-59.09, -34.72], [-59.09, -34.72], [-59.09, -34.72], [-59.09, -34.72], [-59.09, -34.72], [-59.09, -34.72], [-59.09, -34.72], [-59.09, -34.72], [-59.09, -34.72], [-59.09, -34.72], [-59.09, -34.72], [-59.09, -34.72], [-59.09, -34.72], [-59.09, -34.72], [-59.1, -34.72], [-59.1, -34.72], [-59.1, -34.72], [-59.1, -34.72], [-59.1, -34.72], [-59.1, -34.73], [-59.1, -34.73], [-59.1, -34.73], [-59.1, -34.73], [-59.1, -34.73], [-59.1, -34.73], [-59.1, -34.73], [-59.1, -34.73], [-59.1, -34.73], [-59.1, -34.73], [-59.1, -34.73], [-59.1, -34.73], [-59.1, -34.73], [-59.1, -34.73], [-59.1, -34.73], [-59.1, -34.73], [-59.1, -34.73], [-59.1, -34.73], [-59.1, -34.73], [-59.1, -34.73], [-59.1, -34.73], [-59.1, -34.73], [-59.1, -34.73], [-59.1, -34.73], [-59.1, -34.73], [-59.1, -34.73], [-59.1, -34.73], [-59.1, -34.73], [-59.1, -34.73], [-59.1, -34.73], [-59.1, -34.73], [-59.1, -34.73], [-59.1, -34.73], [-59.1, -34.73], [-59.1, -34.73], [-59.1, -34.73], [-59.1, -34.73], [-59.1, -34.73], [-59.1, -34.73], [-59.1, -34.73], [-59.1, -34.74], [-59.1, -34.74], [-59.1, -34.74], [-59.1, -34.74], [-59.1, -34.74], [-59.11, -34.74], [-59.11, -34.74], [-59.11, -34.74], [-59.11, -34.74], [-59.11, -34.74], [-59.11, -34.74], [-59.11, -34.74], [-59.11, -34.74], [-59.11, -34.74], [-59.11, -34.74], [-59.11, -34.74], [-59.11, -34.74], [-59.11, -34.74], [-59.11, -34.74], [-59.11, -34.74], [-59.11, -34.74], [-59.11, -34.74], [-59.11, -34.74], [-59.11, -34.74], [-59.11, -34.74], [-59.11, -34.74], [-59.11, -34.74], [-59.11, -34.74], [-59.11, -34.74], [-59.11, -34.74], [-59.11, -34.74], [-59.11, -34.75], [-59.11, -34.75], [-59.11, -34.75], [-59.11, -34.75], [-59.11, -34.75], [-59.11, -34.75], [-59.11, -34.75], [-59.11, -34.75], [-59.11, -34.75], [-59.11, -34.75], [-59.11, -34.75], [-59.11, -34.75], [-59.11, -34.75], [-59.11, -34.75], [-59.12, -34.75], [-59.12, -34.75], [-59.12, -34.75], [-59.12, -34.75], [-59.12, -34.75], [-59.12, -34.75], [-59.12, -34.75], [-59.12, -34.75], [-59.12, -34.75], [-59.12, -34.75], [-59.12, -34.75], [-59.12, -34.75], [-59.12, -34.75], [-59.12, -34.75], [-59.12, -34.75], [-59.12, -34.75], [-59.12, -34.75], [-59.12, -34.75], [-59.12, -34.75], [-59.12, -34.75], [-59.12, -34.75], [-59.12, -34.75], [-59.12, -34.75], [-59.12, -34.75], [-59.12, -34.75], [-59.12, -34.75], [-59.12, -34.75], [-59.12, -34.75], [-59.12, -34.75], [-59.12, -34.75], [-59.12, -34.75], [-59.12, -34.75], [-59.12, -34.75], [-59.12, -34.75], [-59.12, -34.75], [-59.12, -34.75], [-59.12, -34.75], [-59.12, -34.75], [-59.12, -34.75], [-59.12, -34.75], [-59.12, -34.75], [-59.12, -34.75], [-59.12, -34.75], [-59.12, -34.75], [-59.12, -34.75], [-59.12, -34.75], [-59.12, -34.75], [-59.12, -34.75], [-59.12, -34.75], [-59.12, -34.76], [-59.12, -34.76], [-59.12, -34.76], [-59.12, -34.76], [-59.12, -34.76], [-59.12, -34.76], [-59.12, -34.76], [-59.12, -34.76], [-59.13, -34.76], [-59.13, -34.76], [-59.13, -34.76], [-59.13, -34.76], [-59.13, -34.76], [-59.13, -34.76], [-59.13, -34.76], [-59.13, -34.76], [-59.13, -34.76], [-59.13, -34.76], [-59.13, -34.76], [-59.13, -34.76], [-59.13, -34.76], [-59.13, -34.76], [-59.13, -34.76], [-59.13, -34.76], [-59.13, -34.76], [-59.13, -34.76], [-59.13, -34.76], [-59.13, -34.76], [-59.13, -34.76], [-59.13, -34.76], [-59.13, -34.76], [-59.13, -34.76], [-59.13, -34.76], [-59.13, -34.76], [-59.13, -34.76], [-59.13, -34.76], [-59.13, -34.76], [-59.13, -34.76], [-59.13, -34.76], [-59.13, -34.76], [-59.13, -34.76], [-59.13, -34.76], [-59.13, -34.76], [-59.13, -34.76], [-59.13, -34.76], [-59.13, -34.76], [-59.13, -34.76], [-59.13, -34.76], [-59.13, -34.76], [-59.13, -34.76], [-59.13, -34.76], [-59.13, -34.76], [-59.13, -34.76], [-59.13, -34.76], [-59.13, -34.76], [-59.13, -34.76], [-59.13, -34.76], [-59.13, -34.76], [-59.13, -34.77], [-59.13, -34.77], [-59.13, -34.77], [-59.13, -34.77], [-59.13, -34.77], [-59.13, -34.77], [-59.14, -34.77], [-59.14, -34.77], [-59.14, -34.77], [-59.14, -34.77], [-59.14, -34.77], [-59.14, -34.77], [-59.14, -34.77], [-59.14, -34.77], [-59.14, -34.77], [-59.14, -34.77], [-59.14, -34.77], [-59.14, -34.77], [-59.14, -34.77], [-59.14, -34.77], [-59.14, -34.77], [-59.14, -34.77], [-59.14, -34.77], [-59.14, -34.77], [-59.14, -34.77], [-59.14, -34.77], [-59.14, -34.77], [-59.14, -34.77], [-59.14, -34.77], [-59.14, -34.77], [-59.14, -34.77], [-59.14, -34.77], [-59.14, -34.77], [-59.14, -34.77], [-59.14, -34.77], [-59.14, -34.77], [-59.14, -34.77], [-59.14, -34.77], [-59.14, -34.77], [-59.14, -34.77], [-59.14, -34.77], [-59.14, -34.77], [-59.14, -34.77], [-59.14, -34.77], [-59.14, -34.77], [-59.14, -34.77], [-59.14, -34.77], [-59.14, -34.78], [-59.14, -34.78], [-59.14, -34.78], [-59.14, -34.78], [-59.14, -34.78], [-59.14, -34.78], [-59.14, -34.78], [-59.14, -34.78], [-59.14, -34.78], [-59.14, -34.78], [-59.14, -34.78], [-59.14, -34.78], [-59.14, -34.78], [-59.14, -34.78], [-59.14, -34.78], [-59.14, -34.78], [-59.14, -34.78], [-59.14, -34.78], [-59.14, -34.78], [-59.14, -34.78], [-59.14, -34.78], [-59.14, -34.78], [-59.14, -34.78], [-59.15, -34.78], [-59.15, -34.78], [-59.15, -34.78], [-59.15, -34.78], [-59.15, -34.78], [-59.15, -34.78], [-59.15, -34.78], [-59.15, -34.78], [-59.15, -34.79], [-59.15, -34.79], [-59.15, -34.79], [-59.15, -34.79], [-59.15, -34.79], [-59.15, -34.79], [-59.15, -34.79], [-59.15, -34.79], [-59.15, -34.79], [-59.15, -34.79], [-59.15, -34.79], [-59.15, -34.79], [-59.15, -34.79], [-59.15, -34.79], [-59.15, -34.79], [-59.15, -34.79], [-59.15, -34.79], [-59.15, -34.79], [-59.15, -34.79], [-59.15, -34.79], [-59.15, -34.79], [-59.15, -34.79], [-59.15, -34.79], [-59.15, -34.79], [-59.15, -34.79], [-59.16, -34.8], [-59.17, -34.8], [-59.17, -34.8], [-59.17, -34.8], [-59.17, -34.8], [-59.17, -34.8], [-59.17, -34.8], [-59.17, -34.8], [-59.17, -34.8], [-59.17, -34.8], [-59.17, -34.79], [-59.17, -34.79], [-59.17, -34.79], [-59.18, -34.79], [-59.19, -34.78], [-59.19, -34.77], [-59.19, -34.77], [-59.19, -34.77], [-59.2, -34.77], [-59.2, -34.76], [-59.2, -34.76], [-59.2, -34.76], [-59.2, -34.76], [-59.2, -34.76], [-59.2, -34.76], [-59.2, -34.75], [-59.2, -34.75], [-59.2, -34.75], [-59.2, -34.75], [-59.21, -34.75], [-59.21, -34.75], [-59.21, -34.74], [-59.22, -34.74], [-59.22, -34.74], [-59.22, -34.73], [-59.23, -34.72], [-59.23, -34.72], [-59.23, -34.71], [-59.24, -34.71], [-59.24, -34.7], [-59.25, -34.7], [-59.25, -34.69], [-59.26, -34.68], [-59.26, -34.68], [-59.25, -34.68], [-59.25, -34.68], [-59.24, -34.68], [-59.24, -34.68], [-59.24, -34.68], [-59.24, -34.67], [-59.24, -34.67], [-59.25, -34.67], [-59.25, -34.67], [-59.25, -34.66], [-59.25, -34.66], [-59.25, -34.66], [-59.26, -34.66], [-59.26, -34.66], [-59.26, -34.66], [-59.26, -34.66], [-59.26, -34.66], [-59.26, -34.65], [-59.26, -34.65], [-59.26, -34.65], [-59.27, -34.65], [-59.27, -34.64], [-59.27, -34.64], [-59.27, -34.64], [-59.27, -34.64], [-59.27, -34.64], [-59.27, -34.64], [-59.27, -34.64], [-59.27, -34.63], [-59.27, -34.63], [-59.28, -34.63], [-59.28, -34.63], [-59.28, -34.63], [-59.28, -34.62], [-59.28, -34.62], [-59.28, -34.62], [-59.28, -34.62], [-59.28, -34.62], [-59.28, -34.62], [-59.28, -34.62], [-59.28, -34.62], [-59.28, -34.62], [-59.28, -34.62], [-59.28, -34.62], [-59.28, -34.62], [-59.28, -34.62], [-59.28, -34.62], [-59.28, -34.62], [-59.28, -34.62], [-59.28, -34.62], [-59.28, -34.62], [-59.28, -34.62], [-59.28, -34.62], [-59.28, -34.62], [-59.28, -34.62], [-59.28, -34.62], [-59.28, -34.62], [-59.28, -34.62], [-59.28, -34.62], [-59.28, -34.62], [-59.28, -34.62], [-59.28, -34.62], [-59.28, -34.62], [-59.27, -34.62], [-59.27, -34.62], [-59.27, -34.62], [-59.27, -34.62], [-59.27, -34.62], [-59.27, -34.62], [-59.27, -34.62], [-59.27, -34.62], [-59.27, -34.62], [-59.27, -34.62], [-59.27, -34.62], [-59.27, -34.62], [-59.27, -34.62], [-59.27, -34.62], [-59.27, -34.62], [-59.27, -34.62], [-59.27, -34.62], [-59.27, -34.62], [-59.27, -34.62], [-59.27, -34.62], [-59.27, -34.62], [-59.27, -34.62], [-59.27, -34.62], [-59.27, -34.62], [-59.27, -34.62], [-59.27, -34.62], [-59.27, -34.62], [-59.27, -34.62], [-59.27, -34.62], [-59.27, -34.62], [-59.27, -34.62], [-59.27, -34.62], [-59.27, -34.62], [-59.27, -34.62], [-59.27, -34.62], [-59.27, -34.62], [-59.27, -34.62], [-59.27, -34.62], [-59.27, -34.62], [-59.27, -34.62], [-59.27, -34.62], [-59.27, -34.62], [-59.27, -34.62], [-59.27, -34.62], [-59.27, -34.62], [-59.27, -34.62], [-59.27, -34.62], [-59.27, -34.62], [-59.27, -34.62], [-59.27, -34.62], [-59.27, -34.62], [-59.27, -34.62], [-59.27, -34.62], [-59.27, -34.62], [-59.27, -34.62], [-59.27, -34.62], [-59.27, -34.62], [-59.27, -34.62], [-59.27, -34.62], [-59.27, -34.62], [-59.27, -34.62], [-59.27, -34.62], [-59.27, -34.62], [-59.26, -34.62], [-59.26, -34.62], [-59.26, -34.62], [-59.26, -34.62], [-59.27, -34.62], [-59.27, -34.62], [-59.27, -34.62], [-59.27, -34.61], [-59.27, -34.61], [-59.27, -34.61], [-59.27, -34.6], [-59.28, -34.6], [-59.3, -34.56], [-59.31, -34.56], [-59.31, -34.55], [-59.32, -34.54], [-59.32, -34.53], [-59.32, -34.53], [-59.33, -34.52], [-59.33, -34.52], [-59.34, -34.51], [-59.34, -34.51], [-59.34, -34.51], [-59.34, -34.51], [-59.34, -34.51], [-59.33, -34.5], [-59.32, -34.5], [-59.31, -34.49], [-59.3, -34.49], [-59.29, -34.48], [-59.28, -34.48], [-59.27, -34.47], [-59.26, -34.47], [-59.25, -34.46], [-59.25, -34.46], [-59.25, -34.46], [-59.25, -34.46], [-59.25, -34.46], [-59.24, -34.46], [-59.24, -34.46], [-59.24, -34.46], [-59.23, -34.45], [-59.23, -34.45], [-59.22, -34.45], [-59.22, -34.45], [-59.22, -34.45], [-59.22, -34.45], [-59.22, -34.44], [-59.22, -34.44], [-59.22, -34.44], [-59.22, -34.44], [-59.22, -34.44], [-59.22, -34.44], [-59.22, -34.44], [-59.23, -34.44], [-59.23, -34.43], [-59.23, -34.43], [-59.23, -34.43], [-59.23, -34.42], [-59.24, -34.42], [-59.24, -34.42], [-59.24, -34.42], [-59.24, -34.42], [-59.24, -34.42], [-59.24, -34.42], [-59.24, -34.42], [-59.24, -34.42], [-59.24, -34.42], [-59.24, -34.42], [-59.24, -34.42], [-59.24, -34.41], [-59.24, -34.41], [-59.24, -34.41], [-59.24, -34.41], [-59.24, -34.41], [-59.24, -34.41], [-59.24, -34.41], [-59.24, -34.41], [-59.24, -34.41], [-59.24, -34.41], [-59.24, -34.41], [-59.24, -34.41], [-59.24, -34.41], [-59.24, -34.41], [-59.24, -34.41], [-59.24, -34.41], [-59.24, -34.41], [-59.24, -34.41], [-59.24, -34.41], [-59.24, -34.41], [-59.24, -34.41], [-59.24, -34.41], [-59.24, -34.41], [-59.24, -34.41], [-59.24, -34.41], [-59.24, -34.41], [-59.24, -34.41], [-59.24, -34.41], [-59.24, -34.41], [-59.24, -34.41], [-59.24, -34.41], [-59.24, -34.41], [-59.24, -34.41], [-59.24, -34.41], [-59.24, -34.41], [-59.24, -34.41], [-59.23, -34.41], [-59.23, -34.41], [-59.23, -34.41], [-59.23, -34.41], [-59.23, -34.41], [-59.23, -34.41], [-59.23, -34.41], [-59.23, -34.41], [-59.23, -34.41], [-59.23, -34.41], [-59.23, -34.41], [-59.23, -34.41], [-59.23, -34.41], [-59.23, -34.41], [-59.23, -34.41], [-59.23, -34.41], [-59.23, -34.41], [-59.23, -34.41], [-59.23, -34.41], [-59.23, -34.41], [-59.23, -34.41], [-59.23, -34.41], [-59.23, -34.41], [-59.23, -34.41], [-59.23, -34.41], [-59.23, -34.41], [-59.23, -34.41], [-59.23, -34.41], [-59.23, -34.41], [-59.23, -34.41], [-59.23, -34.41], [-59.23, -34.41], [-59.23, -34.41], [-59.23, -34.41], [-59.23, -34.41], [-59.23, -34.41], [-59.23, -34.41], [-59.23, -34.41], [-59.23, -34.41], [-59.23, -34.41], [-59.23, -34.41], [-59.23, -34.41], [-59.23, -34.41], [-59.23, -34.41], [-59.23, -34.41], [-59.23, -34.41], [-59.23, -34.41], [-59.23, -34.41], [-59.23, -34.41], [-59.23, -34.41], [-59.23, -34.41], [-59.23, -34.41], [-59.23, -34.41], [-59.23, -34.41], [-59.23, -34.4], [-59.22, -34.4], [-59.22, -34.4], [-59.22, -34.4], [-59.22, -34.4], [-59.22, -34.4], [-59.22, -34.4], [-59.22, -34.4], [-59.22, -34.4], [-59.22, -34.4], [-59.22, -34.4], [-59.22, -34.4], [-59.22, -34.4], [-59.22, -34.4], [-59.22, -34.4], [-59.22, -34.4], [-59.22, -34.4], [-59.22, -34.4], [-59.22, -34.4], [-59.22, -34.4], [-59.22, -34.4], [-59.22, -34.4], [-59.22, -34.4], [-59.22, -34.4], [-59.22, -34.4], [-59.22, -34.4], [-59.22, -34.4], [-59.22, -34.4], [-59.22, -34.4], [-59.22, -34.4], [-59.22, -34.4], [-59.22, -34.4], [-59.22, -34.4], [-59.22, -34.4], [-59.22, -34.4], [-59.22, -34.4], [-59.22, -34.4], [-59.22, -34.4], [-59.22, -34.4], [-59.22, -34.4], [-59.22, -34.4], [-59.22, -34.4], [-59.22, -34.4], [-59.22, -34.4], [-59.22, -34.4], [-59.22, -34.4], [-59.22, -34.4], [-59.22, -34.4], [-59.22, -34.4], [-59.22, -34.4], [-59.22, -34.4], [-59.22, -34.4], [-59.22, -34.4], [-59.22, -34.4], [-59.22, -34.4], [-59.22, -34.4], [-59.22, -34.4], [-59.22, -34.4], [-59.22, -34.4], [-59.22, -34.4], [-59.22, -34.4], [-59.22, -34.4], [-59.21, -34.4], [-59.21, -34.4], [-59.21, -34.4], [-59.21, -34.4], [-59.21, -34.4], [-59.21, -34.4], [-59.21, -34.4], [-59.21, -34.4], [-59.21, -34.4], [-59.21, -34.4], [-59.21, -34.39], [-59.21, -34.39], [-59.21, -34.39], [-59.21, -34.39], [-59.21, -34.39], [-59.21, -34.39], [-59.21, -34.39], [-59.21, -34.39], [-59.21, -34.39], [-59.21, -34.39], [-59.21, -34.39], [-59.21, -34.39], [-59.21, -34.39], [-59.21, -34.39], [-59.21, -34.39], [-59.21, -34.39], [-59.21, -34.39], [-59.21, -34.39], [-59.21, -34.39], [-59.21, -34.39], [-59.21, -34.39], [-59.21, -34.39], [-59.21, -34.39], [-59.21, -34.39], [-59.21, -34.39], [-59.21, -34.39], [-59.21, -34.39], [-59.21, -34.39], [-59.21, -34.39], [-59.21, -34.39], [-59.21, -34.39], [-59.21, -34.39], [-59.21, -34.39], [-59.21, -34.39], [-59.21, -34.39], [-59.21, -34.39], [-59.21, -34.39], [-59.21, -34.39], [-59.21, -34.39], [-59.21, -34.39], [-59.21, -34.39], [-59.21, -34.39], [-59.21, -34.39], [-59.21, -34.39], [-59.21, -34.39], [-59.21, -34.39], [-59.21, -34.39], [-59.21, -34.39], [-59.21, -34.39], [-59.21, -34.39], [-59.21, -34.39], [-59.21, -34.39], [-59.21, -34.39], [-59.2, -34.39], [-59.2, -34.39], [-59.2, -34.39], [-59.2, -34.39], [-59.21, -34.39], [-59.21, -34.39], [-59.21, -34.39], [-59.21, -34.39], [-59.21, -34.39], [-59.21, -34.39], [-59.21, -34.39], [-59.21, -34.39], [-59.21, -34.39], [-59.2, -34.38], [-59.2, -34.38], [-59.2, -34.38], [-59.2, -34.38], [-59.2, -34.38], [-59.2, -34.38], [-59.2, -34.38], [-59.2, -34.38], [-59.2, -34.38], [-59.2, -34.38], [-59.2, -34.38], [-59.2, -34.38], [-59.2, -34.38], [-59.2, -34.38], [-59.2, -34.38], [-59.2, -34.38], [-59.2, -34.38], [-59.2, -34.38], [-59.2, -34.38], [-59.2, -34.38], [-59.2, -34.38], [-59.2, -34.38], [-59.2, -34.38], [-59.2, -34.38], [-59.2, -34.38], [-59.2, -34.38], [-59.2, -34.38], [-59.2, -34.38], [-59.2, -34.38], [-59.2, -34.38], [-59.2, -34.38], [-59.2, -34.38], [-59.2, -34.38], [-59.2, -34.38], [-59.2, -34.38], [-59.2, -34.37], [-59.2, -34.37], [-59.2, -34.37], [-59.2, -34.37], [-59.2, -34.37], [-59.2, -34.37], [-59.2, -34.37], [-59.2, -34.37], [-59.2, -34.37], [-59.2, -34.37], [-59.2, -34.37], [-59.2, -34.37]]]}}, {"type": "Feature", "properties": {"cca": "135", "cde": "06408", "fna": "Partido de Hurlingham", "gna": "Partido", "nam": "Hurlingham", "sag": "ARBA", "ara3": 35.21, "arl": 35.43}, "geometry": {"type": "Polygon", "coordinates": [[[-58.65, -34.56], [-58.64, -34.56], [-58.64, -34.57], [-58.63, -34.58], [-58.63, -34.58], [-58.62, -34.59], [-58.62, -34.59], [-58.62, -34.59], [-58.62, -34.59], [-58.62, -34.59], [-58.62, -34.59], [-58.62, -34.59], [-58.62, -34.6], [-58.62, -34.6], [-58.62, -34.6], [-58.62, -34.6], [-58.62, -34.6], [-58.62, -34.6], [-58.62, -34.6], [-58.62, -34.6], [-58.62, -34.6], [-58.62, -34.6], [-58.62, -34.6], [-58.62, -34.61], [-58.62, -34.6], [-58.62, -34.61], [-58.62, -34.61], [-58.62, -34.61], [-58.62, -34.61], [-58.62, -34.61], [-58.62, -34.61], [-58.62, -34.61], [-58.62, -34.61], [-58.62, -34.61], [-58.62, -34.61], [-58.62, -34.61], [-58.62, -34.61], [-58.62, -34.62], [-58.62, -34.62], [-58.62, -34.62], [-58.62, -34.62], [-58.62, -34.62], [-58.62, -34.62], [-58.62, -34.62], [-58.62, -34.62], [-58.62, -34.62], [-58.62, -34.62], [-58.62, -34.62], [-58.62, -34.62], [-58.62, -34.62], [-58.62, -34.62], [-58.62, -34.63], [-58.62, -34.63], [-58.62, -34.63], [-58.62, -34.63], [-58.62, -34.63], [-58.62, -34.63], [-58.62, -34.63], [-58.62, -34.63], [-58.62, -34.63], [-58.62, -34.63], [-58.62, -34.63], [-58.62, -34.63], [-58.62, -34.63], [-58.62, -34.63], [-58.62, -34.63], [-58.62, -34.63], [-58.63, -34.63], [-58.63, -34.63], [-58.63, -34.63], [-58.63, -34.63], [-58.63, -34.63], [-58.63, -34.63], [-58.63, -34.63], [-58.63, -34.63], [-58.63, -34.63], [-58.64, -34.63], [-58.65, -34.63], [-58.65, -34.63], [-58.65, -34.63], [-58.65, -34.63], [-58.65, -34.63], [-58.65, -34.63], [-58.65, -34.63], [-58.65, -34.63], [-58.65, -34.63], [-58.66, -34.63], [-58.66, -34.63], [-58.66, -34.62], [-58.66, -34.62], [-58.66, -34.62], [-58.67, -34.62], [-58.68, -34.61], [-58.68, -34.61], [-58.68, -34.6], [-58.69, -34.59], [-58.69, -34.59], [-58.69, -34.59], [-58.69, -34.59], [-58.69, -34.59], [-58.69, -34.59], [-58.69, -34.59], [-58.69, -34.59], [-58.69, -34.59], [-58.69, -34.59], [-58.69, -34.59], [-58.69, -34.59], [-58.69, -34.59], [-58.69, -34.59], [-58.69, -34.59], [-58.69, -34.59], [-58.69, -34.59], [-58.69, -34.59], [-58.69, -34.59], [-58.69, -34.59], [-58.69, -34.59], [-58.69, -34.59], [-58.69, -34.59], [-58.69, -34.59], [-58.69, -34.59], [-58.69, -34.59], [-58.69, -34.59], [-58.69, -34.59], [-58.69, -34.59], [-58.69, -34.59], [-58.69, -34.59], [-58.69, -34.59], [-58.69, -34.59], [-58.69, -34.59], [-58.69, -34.59], [-58.69, -34.59], [-58.69, -34.59], [-58.69, -34.59], [-58.69, -34.59], [-58.69, -34.59], [-58.69, -34.59], [-58.69, -34.59], [-58.69, -34.59], [-58.69, -34.59], [-58.69, -34.59], [-58.69, -34.59], [-58.69, -34.59], [-58.69, -34.59], [-58.69, -34.59], [-58.69, -34.59], [-58.69, -34.59], [-58.69, -34.59], [-58.69, -34.59], [-58.69, -34.59], [-58.69, -34.59], [-58.69, -34.59], [-58.69, -34.59], [-58.69, -34.59], [-58.69, -34.59], [-58.69, -34.59], [-58.69, -34.59], [-58.69, -34.59], [-58.69, -34.59], [-58.69, -34.59], [-58.69, -34.59], [-58.69, -34.59], [-58.69, -34.59], [-58.69, -34.59], [-58.69, -34.59], [-58.69, -34.59], [-58.69, -34.59], [-58.69, -34.59], [-58.69, -34.59], [-58.69, -34.59], [-58.69, -34.59], [-58.69, -34.59], [-58.69, -34.59], [-58.69, -34.59], [-58.69, -34.59], [-58.69, -34.59], [-58.69, -34.59], [-58.69, -34.59], [-58.69, -34.59], [-58.69, -34.59], [-58.69, -34.59], [-58.69, -34.59], [-58.69, -34.59], [-58.69, -34.59], [-58.69, -34.59], [-58.69, -34.59], [-58.69, -34.59], [-58.69, -34.59], [-58.69, -34.59], [-58.69, -34.59], [-58.69, -34.59], [-58.69, -34.59], [-58.69, -34.59], [-58.69, -34.59], [-58.69, -34.59], [-58.69, -34.59], [-58.69, -34.59], [-58.69, -34.59], [-58.69, -34.59], [-58.69, -34.59], [-58.69, -34.59], [-58.69, -34.59], [-58.69, -34.59], [-58.69, -34.59], [-58.69, -34.59], [-58.69, -34.59], [-58.69, -34.59], [-58.69, -34.59], [-58.69, -34.59], [-58.69, -34.59], [-58.69, -34.59], [-58.69, -34.59], [-58.69, -34.59], [-58.69, -34.59], [-58.69, -34.59], [-58.69, -34.59], [-58.69, -34.59], [-58.69, -34.59], [-58.69, -34.59], [-58.69, -34.59], [-58.69, -34.59], [-58.69, -34.59], [-58.69, -34.59], [-58.69, -34.59], [-58.69, -34.59], [-58.69, -34.59], [-58.69, -34.59], [-58.69, -34.59], [-58.69, -34.59], [-58.69, -34.59], [-58.69, -34.59], [-58.69, -34.59], [-58.69, -34.59], [-58.69, -34.59], [-58.69, -34.59], [-58.69, -34.59], [-58.69, -34.59], [-58.69, -34.59], [-58.69, -34.59], [-58.69, -34.59], [-58.69, -34.59], [-58.69, -34.59], [-58.69, -34.59], [-58.69, -34.59], [-58.69, -34.59], [-58.68, -34.59], [-58.68, -34.59], [-58.68, -34.59], [-58.68, -34.59], [-58.68, -34.59], [-58.68, -34.59], [-58.68, -34.59], [-58.68, -34.59], [-58.68, -34.59], [-58.68, -34.59], [-58.68, -34.59], [-58.68, -34.59], [-58.68, -34.59], [-58.68, -34.59], [-58.68, -34.59], [-58.68, -34.59], [-58.68, -34.59], [-58.68, -34.59], [-58.68, -34.59], [-58.68, -34.59], [-58.68, -34.59], [-58.68, -34.59], [-58.68, -34.59], [-58.68, -34.59], [-58.68, -34.59], [-58.68, -34.59], [-58.68, -34.59], [-58.68, -34.59], [-58.68, -34.59], [-58.68, -34.59], [-58.68, -34.59], [-58.68, -34.59], [-58.68, -34.59], [-58.68, -34.59], [-58.68, -34.59], [-58.68, -34.59], [-58.68, -34.59], [-58.68, -34.59], [-58.68, -34.59], [-58.68, -34.59], [-58.68, -34.59], [-58.68, -34.59], [-58.68, -34.59], [-58.68, -34.59], [-58.68, -34.59], [-58.68, -34.59], [-58.68, -34.59], [-58.68, -34.59], [-58.68, -34.58], [-58.68, -34.58], [-58.68, -34.58], [-58.68, -34.58], [-58.68, -34.58], [-58.68, -34.58], [-58.68, -34.58], [-58.68, -34.58], [-58.68, -34.58], [-58.68, -34.58], [-58.68, -34.58], [-58.68, -34.58], [-58.68, -34.58], [-58.68, -34.58], [-58.68, -34.58], [-58.68, -34.58], [-58.68, -34.58], [-58.68, -34.58], [-58.68, -34.58], [-58.68, -34.58], [-58.68, -34.58], [-58.68, -34.58], [-58.68, -34.58], [-58.68, -34.58], [-58.68, -34.58], [-58.68, -34.58], [-58.68, -34.58], [-58.68, -34.58], [-58.68, -34.58], [-58.68, -34.58], [-58.68, -34.58], [-58.68, -34.58], [-58.68, -34.58], [-58.68, -34.58], [-58.68, -34.58], [-58.68, -34.58], [-58.68, -34.58], [-58.68, -34.58], [-58.68, -34.58], [-58.68, -34.58], [-58.68, -34.58], [-58.68, -34.58], [-58.68, -34.58], [-58.68, -34.58], [-58.68, -34.58], [-58.68, -34.58], [-58.68, -34.58], [-58.68, -34.58], [-58.68, -34.58], [-58.68, -34.58], [-58.68, -34.58], [-58.68, -34.58], [-58.68, -34.58], [-58.68, -34.58], [-58.68, -34.58], [-58.68, -34.58], [-58.68, -34.58], [-58.68, -34.58], [-58.68, -34.58], [-58.68, -34.58], [-58.68, -34.58], [-58.68, -34.58], [-58.68, -34.58], [-58.68, -34.58], [-58.68, -34.58], [-58.68, -34.58], [-58.68, -34.58], [-58.68, -34.58], [-58.68, -34.58], [-58.68, -34.58], [-58.68, -34.58], [-58.68, -34.58], [-58.68, -34.58], [-58.68, -34.58], [-58.68, -34.58], [-58.68, -34.58], [-58.68, -34.58], [-58.68, -34.58], [-58.68, -34.58], [-58.68, -34.58], [-58.68, -34.58], [-58.68, -34.58], [-58.68, -34.58], [-58.68, -34.58], [-58.68, -34.58], [-58.68, -34.58], [-58.68, -34.58], [-58.68, -34.58], [-58.68, -34.58], [-58.68, -34.58], [-58.68, -34.58], [-58.68, -34.58], [-58.68, -34.58], [-58.68, -34.58], [-58.68, -34.58], [-58.68, -34.58], [-58.68, -34.58], [-58.68, -34.58], [-58.68, -34.58], [-58.68, -34.58], [-58.68, -34.58], [-58.68, -34.58], [-58.68, -34.58], [-58.68, -34.58], [-58.68, -34.58], [-58.68, -34.58], [-58.68, -34.58], [-58.68, -34.58], [-58.68, -34.58], [-58.68, -34.58], [-58.68, -34.58], [-58.68, -34.58], [-58.68, -34.58], [-58.68, -34.58], [-58.68, -34.58], [-58.68, -34.58], [-58.68, -34.58], [-58.68, -34.58], [-58.68, -34.58], [-58.68, -34.58], [-58.68, -34.58], [-58.68, -34.58], [-58.68, -34.58], [-58.68, -34.58], [-58.67, -34.58], [-58.67, -34.58], [-58.67, -34.58], [-58.67, -34.58], [-58.67, -34.58], [-58.67, -34.58], [-58.67, -34.58], [-58.67, -34.58], [-58.67, -34.58], [-58.67, -34.58], [-58.67, -34.58], [-58.67, -34.58], [-58.67, -34.58], [-58.67, -34.58], [-58.67, -34.58], [-58.67, -34.58], [-58.67, -34.58], [-58.67, -34.58], [-58.67, -34.58], [-58.67, -34.58], [-58.67, -34.58], [-58.67, -34.58], [-58.67, -34.58], [-58.67, -34.58], [-58.67, -34.58], [-58.67, -34.58], [-58.67, -34.58], [-58.67, -34.58], [-58.67, -34.58], [-58.67, -34.58], [-58.67, -34.58], [-58.67, -34.58], [-58.67, -34.58], [-58.67, -34.58], [-58.67, -34.58], [-58.67, -34.58], [-58.67, -34.58], [-58.67, -34.58], [-58.67, -34.58], [-58.67, -34.58], [-58.67, -34.58], [-58.67, -34.58], [-58.67, -34.58], [-58.67, -34.58], [-58.67, -34.58], [-58.67, -34.58], [-58.67, -34.58], [-58.67, -34.58], [-58.67, -34.58], [-58.67, -34.58], [-58.67, -34.58], [-58.67, -34.58], [-58.67, -34.58], [-58.67, -34.58], [-58.67, -34.58], [-58.67, -34.58], [-58.67, -34.58], [-58.67, -34.58], [-58.67, -34.58], [-58.67, -34.58], [-58.67, -34.58], [-58.67, -34.58], [-58.67, -34.58], [-58.67, -34.58], [-58.67, -34.58], [-58.67, -34.58], [-58.67, -34.57], [-58.67, -34.57], [-58.67, -34.57], [-58.67, -34.57], [-58.67, -34.57], [-58.67, -34.57], [-58.67, -34.57], [-58.67, -34.57], [-58.67, -34.57], [-58.67, -34.57], [-58.67, -34.57], [-58.67, -34.57], [-58.67, -34.57], [-58.67, -34.57], [-58.67, -34.57], [-58.67, -34.57], [-58.67, -34.57], [-58.67, -34.57], [-58.67, -34.57], [-58.67, -34.57], [-58.67, -34.57], [-58.67, -34.57], [-58.67, -34.57], [-58.67, -34.57], [-58.67, -34.57], [-58.67, -34.57], [-58.67, -34.57], [-58.67, -34.57], [-58.67, -34.57], [-58.67, -34.57], [-58.67, -34.57], [-58.67, -34.57], [-58.67, -34.57], [-58.67, -34.57], [-58.67, -34.57], [-58.67, -34.57], [-58.67, -34.57], [-58.67, -34.57], [-58.67, -34.57], [-58.67, -34.57], [-58.67, -34.57], [-58.67, -34.57], [-58.67, -34.57], [-58.67, -34.57], [-58.67, -34.57], [-58.67, -34.57], [-58.66, -34.57], [-58.66, -34.57], [-58.66, -34.57], [-58.66, -34.57], [-58.66, -34.57], [-58.66, -34.57], [-58.66, -34.57], [-58.66, -34.57], [-58.66, -34.57], [-58.66, -34.57], [-58.66, -34.57], [-58.66, -34.57], [-58.66, -34.57], [-58.66, -34.57], [-58.66, -34.57], [-58.66, -34.57], [-58.66, -34.57], [-58.66, -34.57], [-58.66, -34.57], [-58.66, -34.57], [-58.66, -34.57], [-58.66, -34.57], [-58.66, -34.57], [-58.66, -34.57], [-58.66, -34.57], [-58.66, -34.57], [-58.66, -34.57], [-58.66, -34.57], [-58.66, -34.57], [-58.66, -34.57], [-58.66, -34.57], [-58.66, -34.57], [-58.66, -34.57], [-58.66, -34.57], [-58.66, -34.57], [-58.66, -34.57], [-58.66, -34.57], [-58.66, -34.57], [-58.66, -34.57], [-58.66, -34.57], [-58.65, -34.57], [-58.65, -34.56], [-58.65, -34.56], [-58.65, -34.56], [-58.65, -34.56], [-58.65, -34.56], [-58.65, -34.56], [-58.65, -34.56], [-58.65, -34.56], [-58.65, -34.56], [-58.65, -34.56], [-58.65, -34.56], [-58.65, -34.56]]]}}, {"type": "Feature", "properties": {"cca": "102", "cde": "06784", "fna": "Partido de Suipacha", "gna": "Partido", "nam": "Suipacha", "sag": "ARBA", "ara3": 943.15, "arl": 943.87}, "geometry": {"type": "Polygon", "coordinates": [[[-59.75, -34.52], [-59.75, -34.52], [-59.74, -34.53], [-59.73, -34.54], [-59.72, -34.54], [-59.72, -34.55], [-59.72, -34.55], [-59.71, -34.55], [-59.7, -34.56], [-59.69, -34.57], [-59.69, -34.57], [-59.68, -34.57], [-59.68, -34.58], [-59.68, -34.58], [-59.67, -34.58], [-59.68, -34.59], [-59.68, -34.59], [-59.69, -34.59], [-59.69, -34.6], [-59.69, -34.6], [-59.7, -34.61], [-59.71, -34.61], [-59.71, -34.62], [-59.71, -34.62], [-59.72, -34.62], [-59.71, -34.62], [-59.7, -34.63], [-59.69, -34.64], [-59.68, -34.65], [-59.68, -34.65], [-59.67, -34.66], [-59.67, -34.66], [-59.66, -34.66], [-59.65, -34.67], [-59.65, -34.67], [-59.65, -34.68], [-59.64, -34.68], [-59.64, -34.69], [-59.63, -34.69], [-59.63, -34.69], [-59.62, -34.69], [-59.62, -34.7], [-59.61, -34.7], [-59.61, -34.71], [-59.61, -34.71], [-59.59, -34.72], [-59.59, -34.72], [-59.59, -34.72], [-59.59, -34.72], [-59.59, -34.72], [-59.59, -34.72], [-59.59, -34.72], [-59.59, -34.72], [-59.59, -34.72], [-59.59, -34.72], [-59.59, -34.72], [-59.58, -34.72], [-59.57, -34.73], [-59.57, -34.73], [-59.57, -34.73], [-59.57, -34.73], [-59.57, -34.74], [-59.56, -34.74], [-59.56, -34.74], [-59.56, -34.74], [-59.56, -34.74], [-59.55, -34.74], [-59.55, -34.74], [-59.54, -34.75], [-59.54, -34.75], [-59.54, -34.75], [-59.53, -34.76], [-59.53, -34.76], [-59.53, -34.76], [-59.53, -34.76], [-59.53, -34.77], [-59.53, -34.77], [-59.53, -34.77], [-59.53, -34.77], [-59.52, -34.78], [-59.52, -34.78], [-59.52, -34.78], [-59.51, -34.79], [-59.51, -34.79], [-59.51, -34.79], [-59.51, -34.79], [-59.5, -34.8], [-59.5, -34.8], [-59.49, -34.8], [-59.5, -34.81], [-59.5, -34.81], [-59.51, -34.81], [-59.51, -34.82], [-59.52, -34.82], [-59.52, -34.83], [-59.52, -34.83], [-59.52, -34.83], [-59.52, -34.83], [-59.51, -34.84], [-59.51, -34.84], [-59.51, -34.84], [-59.51, -34.84], [-59.5, -34.85], [-59.5, -34.85], [-59.49, -34.85], [-59.48, -34.86], [-59.48, -34.86], [-59.47, -34.87], [-59.47, -34.88], [-59.49, -34.88], [-59.49, -34.88], [-59.49, -34.89], [-59.5, -34.89], [-59.51, -34.89], [-59.51, -34.9], [-59.52, -34.9], [-59.54, -34.91], [-59.54, -34.91], [-59.54, -34.91], [-59.57, -34.92], [-59.57, -34.92], [-59.58, -34.93], [-59.58, -34.93], [-59.6, -34.94], [-59.62, -34.95], [-59.63, -34.95], [-59.63, -34.95], [-59.63, -34.96], [-59.63, -34.96], [-59.63, -34.96], [-59.63, -34.96], [-59.64, -34.95], [-59.65, -34.95], [-59.65, -34.95], [-59.65, -34.95], [-59.65, -34.94], [-59.66, -34.94], [-59.66, -34.94], [-59.66, -34.94], [-59.66, -34.94], [-59.66, -34.94], [-59.66, -34.94], [-59.66, -34.94], [-59.66, -34.93], [-59.66, -34.93], [-59.66, -34.93], [-59.66, -34.93], [-59.66, -34.93], [-59.67, -34.93], [-59.67, -34.93], [-59.67, -34.93], [-59.67, -34.93], [-59.67, -34.93], [-59.67, -34.93], [-59.67, -34.93], [-59.67, -34.93], [-59.67, -34.93], [-59.67, -34.93], [-59.67, -34.93], [-59.67, -34.93], [-59.67, -34.93], [-59.67, -34.93], [-59.67, -34.93], [-59.67, -34.93], [-59.67, -34.93], [-59.67, -34.93], [-59.67, -34.93], [-59.67, -34.93], [-59.67, -34.93], [-59.67, -34.93], [-59.67, -34.93], [-59.67, -34.93], [-59.67, -34.93], [-59.67, -34.93], [-59.67, -34.93], [-59.67, -34.93], [-59.67, -34.93], [-59.67, -34.93], [-59.68, -34.93], [-59.68, -34.93], [-59.68, -34.93], [-59.68, -34.93], [-59.68, -34.93], [-59.68, -34.92], [-59.68, -34.92], [-59.68, -34.92], [-59.68, -34.92], [-59.68, -34.92], [-59.68, -34.92], [-59.68, -34.92], [-59.68, -34.92], [-59.68, -34.92], [-59.68, -34.92], [-59.68, -34.92], [-59.68, -34.92], [-59.68, -34.92], [-59.68, -34.92], [-59.68, -34.92], [-59.68, -34.92], [-59.68, -34.92], [-59.68, -34.92], [-59.68, -34.92], [-59.68, -34.92], [-59.68, -34.92], [-59.68, -34.92], [-59.68, -34.92], [-59.68, -34.92], [-59.68, -34.92], [-59.68, -34.92], [-59.68, -34.92], [-59.68, -34.92], [-59.68, -34.92], [-59.68, -34.92], [-59.68, -34.92], [-59.68, -34.92], [-59.68, -34.92], [-59.68, -34.92], [-59.68, -34.92], [-59.68, -34.92], [-59.68, -34.92], [-59.68, -34.92], [-59.68, -34.92], [-59.68, -34.92], [-59.68, -34.92], [-59.68, -34.92], [-59.68, -34.91], [-59.69, -34.91], [-59.69, -34.91], [-59.69, -34.91], [-59.69, -34.91], [-59.69, -34.91], [-59.69, -34.91], [-59.69, -34.91], [-59.69, -34.91], [-59.69, -34.91], [-59.69, -34.91], [-59.69, -34.91], [-59.69, -34.91], [-59.69, -34.91], [-59.69, -34.91], [-59.69, -34.91], [-59.69, -34.91], [-59.69, -34.91], [-59.69, -34.91], [-59.69, -34.91], [-59.69, -34.91], [-59.69, -34.91], [-59.69, -34.91], [-59.69, -34.91], [-59.69, -34.91], [-59.69, -34.91], [-59.69, -34.91], [-59.69, -34.91], [-59.69, -34.91], [-59.69, -34.91], [-59.69, -34.91], [-59.69, -34.91], [-59.69, -34.9], [-59.69, -34.9], [-59.69, -34.9], [-59.69, -34.9], [-59.69, -34.9], [-59.69, -34.9], [-59.69, -34.9], [-59.69, -34.9], [-59.69, -34.9], [-59.7, -34.9], [-59.7, -34.9], [-59.7, -34.9], [-59.7, -34.9], [-59.7, -34.9], [-59.7, -34.9], [-59.7, -34.9], [-59.7, -34.9], [-59.7, -34.9], [-59.7, -34.9], [-59.7, -34.9], [-59.7, -34.9], [-59.7, -34.9], [-59.7, -34.9], [-59.7, -34.9], [-59.7, -34.9], [-59.7, -34.9], [-59.7, -34.9], [-59.7, -34.9], [-59.7, -34.9], [-59.7, -34.9], [-59.7, -34.9], [-59.7, -34.9], [-59.7, -34.89], [-59.7, -34.89], [-59.7, -34.89], [-59.71, -34.89], [-59.71, -34.89], [-59.71, -34.89], [-59.71, -34.89], [-59.71, -34.89], [-59.71, -34.89], [-59.71, -34.89], [-59.71, -34.89], [-59.71, -34.89], [-59.71, -34.89], [-59.71, -34.89], [-59.72, -34.89], [-59.72, -34.89], [-59.72, -34.89], [-59.72, -34.89], [-59.72, -34.89], [-59.72, -34.89], [-59.72, -34.89], [-59.72, -34.89], [-59.72, -34.89], [-59.72, -34.88], [-59.72, -34.88], [-59.73, -34.88], [-59.73, -34.88], [-59.73, -34.88], [-59.73, -34.88], [-59.73, -34.88], [-59.73, -34.88], [-59.73, -34.88], [-59.73, -34.88], [-59.73, -34.88], [-59.73, -34.88], [-59.73, -34.88], [-59.73, -34.88], [-59.73, -34.88], [-59.73, -34.88], [-59.73, -34.88], [-59.73, -34.88], [-59.73, -34.88], [-59.73, -34.88], [-59.73, -34.88], [-59.73, -34.88], [-59.73, -34.88], [-59.73, -34.88], [-59.74, -34.88], [-59.74, -34.88], [-59.74, -34.88], [-59.74, -34.88], [-59.74, -34.88], [-59.74, -34.88], [-59.74, -34.88], [-59.74, -34.88], [-59.74, -34.88], [-59.74, -34.88], [-59.74, -34.88], [-59.74, -34.88], [-59.74, -34.88], [-59.74, -34.88], [-59.75, -34.88], [-59.75, -34.87], [-59.75, -34.87], [-59.75, -34.87], [-59.75, -34.87], [-59.75, -34.87], [-59.75, -34.87], [-59.75, -34.87], [-59.75, -34.87], [-59.75, -34.87], [-59.75, -34.87], [-59.76, -34.87], [-59.76, -34.87], [-59.76, -34.87], [-59.76, -34.87], [-59.75, -34.87], [-59.76, -34.87], [-59.76, -34.86], [-59.76, -34.86], [-59.76, -34.86], [-59.76, -34.86], [-59.76, -34.86], [-59.76, -34.86], [-59.76, -34.86], [-59.76, -34.86], [-59.76, -34.86], [-59.76, -34.86], [-59.77, -34.86], [-59.77, -34.86], [-59.77, -34.86], [-59.76, -34.86], [-59.76, -34.86], [-59.76, -34.86], [-59.76, -34.86], [-59.76, -34.85], [-59.76, -34.85], [-59.76, -34.85], [-59.76, -34.85], [-59.76, -34.85], [-59.76, -34.85], [-59.77, -34.85], [-59.77, -34.85], [-59.77, -34.85], [-59.77, -34.85], [-59.77, -34.85], [-59.77, -34.85], [-59.77, -34.85], [-59.77, -34.85], [-59.77, -34.84], [-59.77, -34.84], [-59.77, -34.84], [-59.77, -34.84], [-59.78, -34.84], [-59.78, -34.84], [-59.78, -34.84], [-59.78, -34.84], [-59.78, -34.84], [-59.78, -34.84], [-59.78, -34.84], [-59.78, -34.84], [-59.78, -34.84], [-59.78, -34.84], [-59.79, -34.84], [-59.79, -34.84], [-59.79, -34.83], [-59.79, -34.83], [-59.79, -34.83], [-59.79, -34.83], [-59.79, -34.83], [-59.79, -34.83], [-59.79, -34.83], [-59.79, -34.83], [-59.79, -34.83], [-59.79, -34.83], [-59.79, -34.83], [-59.79, -34.83], [-59.79, -34.83], [-59.79, -34.83], [-59.79, -34.83], [-59.79, -34.83], [-59.8, -34.83], [-59.8, -34.83], [-59.8, -34.83], [-59.8, -34.83], [-59.8, -34.83], [-59.8, -34.83], [-59.8, -34.82], [-59.8, -34.82], [-59.8, -34.82], [-59.8, -34.82], [-59.8, -34.82], [-59.8, -34.82], [-59.8, -34.82], [-59.8, -34.82], [-59.8, -34.82], [-59.8, -34.82], [-59.8, -34.81], [-59.8, -34.81], [-59.8, -34.81], [-59.81, -34.81], [-59.81, -34.81], [-59.81, -34.81], [-59.81, -34.81], [-59.81, -34.81], [-59.81, -34.81], [-59.81, -34.81], [-59.81, -34.81], [-59.81, -34.81], [-59.8, -34.8], [-59.8, -34.8], [-59.79, -34.79], [-59.79, -34.79], [-59.79, -34.79], [-59.79, -34.79], [-59.8, -34.78], [-59.8, -34.78], [-59.8, -34.78], [-59.81, -34.78], [-59.81, -34.77], [-59.82, -34.77], [-59.82, -34.77], [-59.82, -34.76], [-59.83, -34.76], [-59.83, -34.76], [-59.83, -34.76], [-59.85, -34.74], [-59.86, -34.73], [-59.87, -34.73], [-59.88, -34.72], [-59.89, -34.71], [-59.9, -34.7], [-59.91, -34.7], [-59.92, -34.69], [-59.92, -34.69], [-59.93, -34.68], [-59.94, -34.68], [-59.94, -34.67], [-59.94, -34.67], [-59.94, -34.67], [-59.93, -34.66], [-59.93, -34.66], [-59.93, -34.66], [-59.92, -34.65], [-59.92, -34.65], [-59.92, -34.65], [-59.92, -34.65], [-59.91, -34.64], [-59.9, -34.64], [-59.9, -34.63], [-59.9, -34.63], [-59.9, -34.63], [-59.88, -34.62], [-59.88, -34.62], [-59.88, -34.62], [-59.88, -34.62], [-59.88, -34.62], [-59.88, -34.61], [-59.88, -34.61], [-59.87, -34.61], [-59.87, -34.61], [-59.87, -34.6], [-59.87, -34.6], [-59.86, -34.6], [-59.86, -34.6], [-59.85, -34.59], [-59.84, -34.59], [-59.83, -34.58], [-59.82, -34.57], [-59.82, -34.57], [-59.81, -34.56], [-59.81, -34.56], [-59.8, -34.55], [-59.8, -34.55], [-59.79, -34.55], [-59.79, -34.54], [-59.78, -34.54], [-59.78, -34.54], [-59.78, -34.54], [-59.77, -34.53], [-59.76, -34.53], [-59.76, -34.53], [-59.76, -34.52], [-59.75, -34.52]]]}}, {"type": "Feature", "properties": {"cca": "041", "cde": "06329", "fna": "Partido de General Las Heras", "gna": "Partido", "nam": "General Las Heras", "sag": "ARBA", "ara3": 751.09, "arl": 720.1}, "geometry": {"type": "Polygon", "coordinates": [[[-59.03, -34.76], [-59.03, -34.76], [-59.03, -34.77], [-59.03, -34.77], [-59.03, -34.77], [-59.03, -34.77], [-59.03, -34.77], [-59.03, -34.77], [-59.03, -34.77], [-59.02, -34.77], [-59.02, -34.77], [-59.02, -34.78], [-59.02, -34.78], [-59.02, -34.78], [-59.02, -34.78], [-59.01, -34.78], [-59.01, -34.78], [-59.01, -34.79], [-59.01, -34.79], [-59.0, -34.79], [-59.0, -34.79], [-59.0, -34.79], [-59.0, -34.79], [-59.0, -34.8], [-58.99, -34.8], [-58.98, -34.81], [-58.97, -34.82], [-58.96, -34.83], [-58.95, -34.83], [-58.95, -34.83], [-58.94, -34.82], [-58.93, -34.82], [-58.93, -34.82], [-58.93, -34.83], [-58.93, -34.83], [-58.92, -34.83], [-58.92, -34.84], [-58.91, -34.84], [-58.91, -34.84], [-58.89, -34.85], [-58.89, -34.86], [-58.88, -34.87], [-58.87, -34.87], [-58.86, -34.88], [-58.85, -34.89], [-58.85, -34.89], [-58.85, -34.89], [-58.86, -34.9], [-58.86, -34.9], [-58.85, -34.91], [-58.85, -34.91], [-58.84, -34.92], [-58.84, -34.92], [-58.83, -34.92], [-58.83, -34.92], [-58.82, -34.93], [-58.82, -34.93], [-58.81, -34.94], [-58.81, -34.94], [-58.8, -34.95], [-58.79, -34.95], [-58.79, -34.95], [-58.79, -34.96], [-58.79, -34.96], [-58.78, -34.96], [-58.78, -34.96], [-58.78, -34.96], [-58.78, -34.96], [-58.78, -34.96], [-58.78, -34.96], [-58.78, -34.96], [-58.78, -34.97], [-58.78, -34.97], [-58.78, -34.97], [-58.78, -34.97], [-58.79, -34.97], [-58.79, -34.97], [-58.79, -34.98], [-58.79, -34.98], [-58.79, -34.98], [-58.8, -34.98], [-58.8, -34.98], [-58.8, -34.98], [-58.8, -34.98], [-58.8, -34.98], [-58.8, -34.98], [-58.8, -34.99], [-58.81, -34.99], [-58.81, -34.99], [-58.81, -34.99], [-58.81, -34.99], [-58.81, -34.99], [-58.81, -34.99], [-58.81, -34.99], [-58.81, -34.99], [-58.81, -35.0], [-58.82, -35.0], [-58.82, -35.0], [-58.82, -35.0], [-58.82, -35.0], [-58.82, -35.0], [-58.83, -35.01], [-58.83, -35.01], [-58.83, -35.01], [-58.83, -35.01], [-58.83, -35.01], [-58.83, -35.01], [-58.83, -35.01], [-58.83, -35.01], [-58.84, -35.02], [-58.84, -35.02], [-58.84, -35.02], [-58.84, -35.02], [-58.84, -35.02], [-58.84, -35.02], [-58.85, -35.03], [-58.85, -35.03], [-58.86, -35.03], [-58.86, -35.04], [-58.86, -35.04], [-58.86, -35.04], [-58.86, -35.04], [-58.87, -35.05], [-58.87, -35.05], [-58.88, -35.05], [-58.88, -35.06], [-58.88, -35.06], [-58.88, -35.06], [-58.88, -35.06], [-58.89, -35.06], [-58.89, -35.07], [-58.89, -35.07], [-58.89, -35.07], [-58.9, -35.07], [-58.9, -35.07], [-58.9, -35.07], [-58.9, -35.07], [-58.9, -35.07], [-58.9, -35.08], [-58.9, -35.08], [-58.91, -35.08], [-58.91, -35.08], [-58.91, -35.08], [-58.91, -35.08], [-58.91, -35.08], [-58.91, -35.09], [-58.92, -35.09], [-58.92, -35.09], [-58.92, -35.09], [-58.92, -35.09], [-58.92, -35.1], [-58.92, -35.1], [-58.93, -35.1], [-58.93, -35.1], [-58.94, -35.1], [-58.94, -35.1], [-58.94, -35.1], [-58.96, -35.08], [-58.97, -35.08], [-58.97, -35.07], [-58.98, -35.07], [-58.99, -35.06], [-58.99, -35.06], [-58.99, -35.06], [-58.99, -35.06], [-59.01, -35.04], [-59.01, -35.04], [-58.99, -35.02], [-58.99, -35.02], [-58.99, -35.02], [-59.0, -35.02], [-59.0, -35.01], [-59.01, -35.01], [-59.01, -35.01], [-59.01, -35.01], [-59.01, -35.01], [-59.01, -35.01], [-59.02, -35.0], [-59.02, -35.0], [-59.02, -35.0], [-59.02, -35.0], [-59.02, -35.0], [-59.02, -35.0], [-59.03, -35.0], [-59.03, -34.99], [-59.03, -34.99], [-59.04, -34.99], [-59.04, -34.99], [-59.04, -34.98], [-59.05, -34.98], [-59.05, -34.98], [-59.05, -34.97], [-59.06, -34.97], [-59.07, -34.96], [-59.07, -34.96], [-59.07, -34.96], [-59.07, -34.96], [-59.07, -34.96], [-59.08, -34.95], [-59.09, -34.95], [-59.08, -34.95], [-59.08, -34.95], [-59.09, -34.95], [-59.09, -34.95], [-59.09, -34.94], [-59.09, -34.94], [-59.09, -34.94], [-59.1, -34.94], [-59.1, -34.94], [-59.1, -34.94], [-59.1, -34.93], [-59.11, -34.93], [-59.11, -34.93], [-59.11, -34.93], [-59.11, -34.93], [-59.11, -34.93], [-59.12, -34.93], [-59.12, -34.93], [-59.12, -34.92], [-59.12, -34.92], [-59.12, -34.92], [-59.12, -34.92], [-59.12, -34.92], [-59.12, -34.92], [-59.12, -34.92], [-59.13, -34.92], [-59.13, -34.92], [-59.13, -34.92], [-59.13, -34.92], [-59.13, -34.91], [-59.14, -34.91], [-59.14, -34.91], [-59.15, -34.91], [-59.15, -34.9], [-59.16, -34.9], [-59.16, -34.9], [-59.16, -34.9], [-59.17, -34.89], [-59.17, -34.89], [-59.17, -34.89], [-59.18, -34.88], [-59.18, -34.88], [-59.19, -34.88], [-59.19, -34.87], [-59.2, -34.87], [-59.21, -34.86], [-59.21, -34.86], [-59.21, -34.86], [-59.21, -34.86], [-59.22, -34.85], [-59.22, -34.85], [-59.22, -34.85], [-59.21, -34.84], [-59.21, -34.84], [-59.2, -34.84], [-59.2, -34.84], [-59.2, -34.83], [-59.2, -34.83], [-59.19, -34.83], [-59.19, -34.83], [-59.19, -34.83], [-59.19, -34.82], [-59.18, -34.82], [-59.17, -34.81], [-59.17, -34.8], [-59.17, -34.8], [-59.16, -34.8], [-59.15, -34.79], [-59.15, -34.79], [-59.15, -34.79], [-59.15, -34.79], [-59.15, -34.79], [-59.15, -34.79], [-59.15, -34.79], [-59.15, -34.79], [-59.15, -34.79], [-59.15, -34.79], [-59.15, -34.79], [-59.15, -34.79], [-59.15, -34.79], [-59.15, -34.79], [-59.15, -34.79], [-59.15, -34.79], [-59.15, -34.79], [-59.15, -34.79], [-59.15, -34.79], [-59.15, -34.79], [-59.15, -34.79], [-59.15, -34.79], [-59.15, -34.79], [-59.15, -34.79], [-59.15, -34.79], [-59.15, -34.79], [-59.15, -34.79], [-59.15, -34.79], [-59.15, -34.79], [-59.15, -34.79], [-59.15, -34.79], [-59.15, -34.79], [-59.15, -34.79], [-59.15, -34.79], [-59.15, -34.78], [-59.15, -34.78], [-59.15, -34.78], [-59.15, -34.78], [-59.15, -34.78], [-59.15, -34.78], [-59.15, -34.78], [-59.15, -34.78], [-59.15, -34.78], [-59.15, -34.78], [-59.15, -34.78], [-59.14, -34.78], [-59.14, -34.78], [-59.14, -34.78], [-59.14, -34.78], [-59.14, -34.78], [-59.14, -34.78], [-59.14, -34.78], [-59.14, -34.78], [-59.14, -34.78], [-59.14, -34.78], [-59.14, -34.78], [-59.14, -34.78], [-59.14, -34.78], [-59.14, -34.78], [-59.14, -34.78], [-59.14, -34.78], [-59.14, -34.78], [-59.14, -34.78], [-59.14, -34.78], [-59.14, -34.78], [-59.14, -34.78], [-59.14, -34.78], [-59.14, -34.78], [-59.14, -34.78], [-59.14, -34.78], [-59.14, -34.77], [-59.14, -34.77], [-59.14, -34.77], [-59.14, -34.77], [-59.14, -34.77], [-59.14, -34.77], [-59.14, -34.77], [-59.14, -34.77], [-59.14, -34.77], [-59.14, -34.77], [-59.14, -34.77], [-59.14, -34.77], [-59.14, -34.77], [-59.14, -34.77], [-59.14, -34.77], [-59.14, -34.77], [-59.14, -34.77], [-59.14, -34.77], [-59.14, -34.77], [-59.14, -34.77], [-59.14, -34.77], [-59.14, -34.77], [-59.14, -34.77], [-59.14, -34.77], [-59.13, -34.77], [-59.13, -34.77], [-59.13, -34.77], [-59.13, -34.77], [-59.13, -34.76], [-59.13, -34.76], [-59.13, -34.76], [-59.13, -34.76], [-59.13, -34.76], [-59.13, -34.76], [-59.13, -34.76], [-59.13, -34.76], [-59.13, -34.76], [-59.13, -34.76], [-59.13, -34.76], [-59.13, -34.76], [-59.13, -34.76], [-59.13, -34.76], [-59.13, -34.76], [-59.13, -34.76], [-59.13, -34.76], [-59.13, -34.76], [-59.13, -34.76], [-59.13, -34.76], [-59.13, -34.76], [-59.13, -34.76], [-59.13, -34.76], [-59.13, -34.76], [-59.13, -34.76], [-59.12, -34.76], [-59.12, -34.76], [-59.12, -34.76], [-59.12, -34.76], [-59.12, -34.76], [-59.12, -34.76], [-59.12, -34.76], [-59.12, -34.76], [-59.12, -34.75], [-59.12, -34.75], [-59.12, -34.75], [-59.12, -34.75], [-59.12, -34.75], [-59.12, -34.75], [-59.12, -34.75], [-59.12, -34.75], [-59.12, -34.75], [-59.12, -34.75], [-59.12, -34.75], [-59.12, -34.75], [-59.12, -34.75], [-59.12, -34.75], [-59.12, -34.75], [-59.12, -34.75], [-59.12, -34.75], [-59.12, -34.75], [-59.12, -34.75], [-59.11, -34.75], [-59.11, -34.75], [-59.11, -34.75], [-59.11, -34.75], [-59.11, -34.74], [-59.11, -34.74], [-59.11, -34.74], [-59.11, -34.74], [-59.11, -34.74], [-59.11, -34.74], [-59.11, -34.74], [-59.11, -34.74], [-59.11, -34.74], [-59.11, -34.74], [-59.11, -34.74], [-59.11, -34.74], [-59.11, -34.74], [-59.11, -34.74], [-59.11, -34.74], [-59.11, -34.74], [-59.11, -34.74], [-59.1, -34.74], [-59.1, -34.74], [-59.1, -34.74], [-59.1, -34.74], [-59.1, -34.73], [-59.1, -34.73], [-59.1, -34.73], [-59.1, -34.73], [-59.1, -34.73], [-59.1, -34.73], [-59.1, -34.73], [-59.1, -34.73], [-59.1, -34.73], [-59.1, -34.73], [-59.1, -34.73], [-59.1, -34.73], [-59.1, -34.73], [-59.1, -34.73], [-59.1, -34.73], [-59.1, -34.73], [-59.1, -34.73], [-59.1, -34.73], [-59.1, -34.73], [-59.1, -34.73], [-59.1, -34.73], [-59.1, -34.73], [-59.1, -34.73], [-59.1, -34.73], [-59.1, -34.73], [-59.1, -34.73], [-59.1, -34.72], [-59.1, -34.72], [-59.1, -34.72], [-59.1, -34.72], [-59.09, -34.72], [-59.09, -34.72], [-59.09, -34.72], [-59.09, -34.72], [-59.09, -34.72], [-59.09, -34.72], [-59.09, -34.72], [-59.09, -34.72], [-59.09, -34.72], [-59.09, -34.72], [-59.09, -34.72], [-59.09, -34.72], [-59.09, -34.72], [-59.09, -34.72], [-59.09, -34.72], [-59.09, -34.72], [-59.09, -34.72], [-59.09, -34.72], [-59.09, -34.72], [-59.09, -34.72], [-59.09, -34.72], [-59.09, -34.72], [-59.09, -34.72], [-59.09, -34.72], [-59.08, -34.72], [-59.08, -34.73], [-59.07, -34.73], [-59.07, -34.73], [-59.07, -34.73], [-59.07, -34.74], [-59.06, -34.74], [-59.06, -34.74], [-59.06, -34.74], [-59.06, -34.74], [-59.05, -34.75], [-59.03, -34.76]]]}}, {"type": "Feature", "properties": {"cca": "117", "cde": "06840", "fna": "Partido de Tres de Febrero", "gna": "Partido", "nam": "Tres de Febrero", "sag": "ARBA", "ara3": 45.79, "arl": 43.04}, "geometry": {"type": "Polygon", "coordinates": [[[-58.62, -34.55], [-58.62, -34.55], [-58.62, -34.55], [-58.62, -34.55], [-58.62, -34.55], [-58.62, -34.55], [-58.62, -34.55], [-58.62, -34.55], [-58.62, -34.55], [-58.62, -34.55], [-58.62, -34.55], [-58.62, -34.55], [-58.62, -34.55], [-58.62, -34.55], [-58.62, -34.55], [-58.62, -34.55], [-58.62, -34.55], [-58.62, -34.55], [-58.62, -34.55], [-58.62, -34.55], [-58.62, -34.55], [-58.62, -34.55], [-58.61, -34.55], [-58.61, -34.55], [-58.61, -34.55], [-58.61, -34.55], [-58.61, -34.56], [-58.61, -34.56], [-58.6, -34.56], [-58.6, -34.56], [-58.6, -34.56], [-58.6, -34.56], [-58.6, -34.56], [-58.6, -34.56], [-58.6, -34.56], [-58.59, -34.57], [-58.59, -34.57], [-58.59, -34.57], [-58.59, -34.57], [-58.58, -34.57], [-58.58, -34.57], [-58.58, -34.57], [-58.58, -34.58], [-58.58, -34.58], [-58.58, -34.58], [-58.57, -34.58], [-58.57, -34.58], [-58.57, -34.59], [-58.56, -34.59], [-58.56, -34.59], [-58.56, -34.59], [-58.56, -34.59], [-58.56, -34.59], [-58.56, -34.59], [-58.56, -34.59], [-58.56, -34.59], [-58.56, -34.59], [-58.56, -34.59], [-58.56, -34.59], [-58.55, -34.59], [-58.55, -34.59], [-58.55, -34.59], [-58.55, -34.59], [-58.54, -34.59], [-58.54, -34.59], [-58.54, -34.6], [-58.54, -34.59], [-58.54, -34.59], [-58.54, -34.6], [-58.54, -34.6], [-58.54, -34.6], [-58.54, -34.6], [-58.54, -34.6], [-58.54, -34.6], [-58.53, -34.6], [-58.53, -34.6], [-58.53, -34.6], [-58.53, -34.6], [-58.53, -34.6], [-58.53, -34.6], [-58.53, -34.6], [-58.53, -34.6], [-58.53, -34.6], [-58.53, -34.6], [-58.53, -34.6], [-58.53, -34.6], [-58.52, -34.6], [-58.52, -34.6], [-58.52, -34.6], [-58.52, -34.6], [-58.53, -34.61], [-58.53, -34.61], [-58.53, -34.61], [-58.53, -34.62], [-58.53, -34.62], [-58.53, -34.63], [-58.53, -34.64], [-58.53, -34.64], [-58.53, -34.64], [-58.53, -34.65], [-58.53, -34.65], [-58.53, -34.65], [-58.53, -34.65], [-58.53, -34.65], [-58.53, -34.65], [-58.54, -34.65], [-58.54, -34.65], [-58.54, -34.65], [-58.54, -34.64], [-58.55, -34.64], [-58.55, -34.64], [-58.55, -34.64], [-58.55, -34.64], [-58.56, -34.63], [-58.56, -34.63], [-58.56, -34.63], [-58.56, -34.63], [-58.56, -34.63], [-58.56, -34.63], [-58.56, -34.63], [-58.57, -34.63], [-58.57, -34.63], [-58.57, -34.63], [-58.57, -34.63], [-58.57, -34.63], [-58.57, -34.63], [-58.57, -34.63], [-58.58, -34.62], [-58.58, -34.62], [-58.58, -34.61], [-58.58, -34.61], [-58.59, -34.61], [-58.59, -34.61], [-58.59, -34.61], [-58.59, -34.61], [-58.59, -34.61], [-58.59, -34.61], [-58.59, -34.61], [-58.59, -34.61], [-58.59, -34.61], [-58.6, -34.61], [-58.6, -34.61], [-58.6, -34.6], [-58.6, -34.6], [-58.6, -34.6], [-58.61, -34.59], [-58.62, -34.59], [-58.62, -34.59], [-58.62, -34.59], [-58.62, -34.59], [-58.63, -34.58], [-58.63, -34.57], [-58.64, -34.57], [-58.64, -34.57], [-58.64, -34.57], [-58.64, -34.56], [-58.64, -34.56], [-58.65, -34.56], [-58.65, -34.56], [-58.65, -34.56], [-58.65, -34.56], [-58.65, -34.56], [-58.65, -34.56], [-58.65, -34.56], [-58.65, -34.56], [-58.65, -34.56], [-58.65, -34.56], [-58.65, -34.56], [-58.65, -34.56], [-58.65, -34.56], [-58.65, -34.56], [-58.65, -34.56], [-58.65, -34.56], [-58.65, -34.56], [-58.65, -34.56], [-58.65, -34.56], [-58.65, -34.56], [-58.65, -34.56], [-58.65, -34.56], [-58.65, -34.56], [-58.65, -34.56], [-58.65, -34.56], [-58.65, -34.56], [-58.65, -34.56], [-58.65, -34.56], [-58.65, -34.56], [-58.65, -34.56], [-58.65, -34.56], [-58.65, -34.56], [-58.65, -34.56], [-58.65, -34.56], [-58.65, -34.56], [-58.65, -34.56], [-58.65, -34.56], [-58.65, -34.56], [-58.65, -34.56], [-58.65, -34.56], [-58.65, -34.56], [-58.65, -34.56], [-58.65, -34.56], [-58.65, -34.56], [-58.65, -34.56], [-58.65, -34.56], [-58.65, -34.56], [-58.65, -34.56], [-58.65, -34.56], [-58.65, -34.56], [-58.65, -34.56], [-58.65, -34.56], [-58.65, -34.56], [-58.65, -34.56], [-58.65, -34.56], [-58.65, -34.56], [-58.65, -34.56], [-58.65, -34.56], [-58.65, -34.56], [-58.65, -34.56], [-58.65, -34.56], [-58.65, -34.56], [-58.65, -34.56], [-58.65, -34.56], [-58.65, -34.56], [-58.65, -34.56], [-58.65, -34.56], [-58.65, -34.56], [-58.65, -34.56], [-58.65, -34.56], [-58.65, -34.56], [-58.65, -34.56], [-58.65, -34.56], [-58.65, -34.56], [-58.65, -34.56], [-58.65, -34.56], [-58.65, -34.56], [-58.65, -34.56], [-58.65, -34.56], [-58.65, -34.56], [-58.65, -34.56], [-58.65, -34.56], [-58.65, -34.56], [-58.65, -34.56], [-58.65, -34.56], [-58.65, -34.56], [-58.65, -34.56], [-58.65, -34.56], [-58.65, -34.56], [-58.65, -34.56], [-58.65, -34.56], [-58.65, -34.56], [-58.65, -34.56], [-58.65, -34.56], [-58.65, -34.56], [-58.65, -34.56], [-58.65, -34.56], [-58.65, -34.56], [-58.65, -34.56], [-58.65, -34.56], [-58.65, -34.56], [-58.65, -34.56], [-58.65, -34.56], [-58.65, -34.56], [-58.65, -34.56], [-58.65, -34.56], [-58.65, -34.56], [-58.65, -34.56], [-58.65, -34.56], [-58.65, -34.56], [-58.65, -34.56], [-58.65, -34.56], [-58.65, -34.56], [-58.65, -34.56], [-58.65, -34.56], [-58.65, -34.56], [-58.65, -34.56], [-58.65, -34.56], [-58.65, -34.56], [-58.65, -34.56], [-58.65, -34.56], [-58.65, -34.56], [-58.65, -34.56], [-58.65, -34.56], [-58.65, -34.56], [-58.65, -34.56], [-58.65, -34.56], [-58.65, -34.56], [-58.65, -34.56], [-58.65, -34.56], [-58.65, -34.56], [-58.65, -34.56], [-58.65, -34.56], [-58.65, -34.56], [-58.65, -34.56], [-58.65, -34.56], [-58.65, -34.56], [-58.65, -34.56], [-58.65, -34.56], [-58.65, -34.56], [-58.65, -34.56], [-58.65, -34.56], [-58.65, -34.56], [-58.65, -34.56], [-58.65, -34.56], [-58.65, -34.56], [-58.65, -34.56], [-58.65, -34.56], [-58.65, -34.56], [-58.65, -34.56], [-58.65, -34.56], [-58.65, -34.56], [-58.65, -34.56], [-58.65, -34.56], [-58.65, -34.56], [-58.65, -34.56], [-58.65, -34.56], [-58.65, -34.56], [-58.65, -34.56], [-58.65, -34.56], [-58.65, -34.56], [-58.65, -34.56], [-58.65, -34.56], [-58.65, -34.56], [-58.65, -34.56], [-58.65, -34.56], [-58.65, -34.56], [-58.65, -34.56], [-58.65, -34.56], [-58.65, -34.56], [-58.65, -34.56], [-58.65, -34.56], [-58.65, -34.56], [-58.65, -34.56], [-58.65, -34.56], [-58.65, -34.56], [-58.65, -34.56], [-58.65, -34.56], [-58.65, -34.56], [-58.65, -34.56], [-58.65, -34.56], [-58.65, -34.56], [-58.65, -34.56], [-58.65, -34.56], [-58.65, -34.56], [-58.65, -34.56], [-58.65, -34.56], [-58.65, -34.56], [-58.65, -34.56], [-58.65, -34.56], [-58.65, -34.56], [-58.65, -34.56], [-58.65, -34.56], [-58.65, -34.56], [-58.65, -34.56], [-58.65, -34.56], [-58.65, -34.56], [-58.65, -34.56], [-58.65, -34.56], [-58.65, -34.56], [-58.65, -34.56], [-58.65, -34.56], [-58.65, -34.56], [-58.65, -34.56], [-58.65, -34.56], [-58.65, -34.56], [-58.65, -34.56], [-58.65, -34.56], [-58.65, -34.56], [-58.65, -34.56], [-58.65, -34.56], [-58.65, -34.56], [-58.65, -34.56], [-58.65, -34.56], [-58.65, -34.56], [-58.65, -34.56], [-58.65, -34.56], [-58.65, -34.56], [-58.65, -34.56], [-58.65, -34.56], [-58.65, -34.56], [-58.65, -34.56], [-58.65, -34.56], [-58.65, -34.56], [-58.65, -34.56], [-58.65, -34.56], [-58.65, -34.56], [-58.65, -34.56], [-58.65, -34.56], [-58.65, -34.56], [-58.65, -34.56], [-58.65, -34.56], [-58.65, -34.56], [-58.65, -34.56], [-58.65, -34.56], [-58.65, -34.56], [-58.65, -34.56], [-58.65, -34.56], [-58.65, -34.56], [-58.65, -34.56], [-58.65, -34.56], [-58.65, -34.56], [-58.65, -34.56], [-58.65, -34.56], [-58.65, -34.56], [-58.65, -34.56], [-58.65, -34.56], [-58.65, -34.56], [-58.65, -34.56], [-58.65, -34.56], [-58.65, -34.56], [-58.65, -34.56], [-58.65, -34.56], [-58.65, -34.56], [-58.65, -34.56], [-58.65, -34.56], [-58.65, -34.56], [-58.65, -34.56], [-58.65, -34.56], [-58.65, -34.56], [-58.65, -34.56], [-58.65, -34.56], [-58.65, -34.56], [-58.65, -34.56], [-58.65, -34.56], [-58.65, -34.56], [-58.65, -34.56], [-58.65, -34.56], [-58.65, -34.56], [-58.65, -34.56], [-58.65, -34.56], [-58.65, -34.56], [-58.65, -34.56], [-58.65, -34.56], [-58.65, -34.56], [-58.65, -34.56], [-58.65, -34.56], [-58.65, -34.56], [-58.65, -34.56], [-58.65, -34.56], [-58.65, -34.56], [-58.65, -34.56], [-58.65, -34.56], [-58.65, -34.56], [-58.65, -34.56], [-58.65, -34.56], [-58.65, -34.56], [-58.65, -34.56], [-58.65, -34.56], [-58.65, -34.56], [-58.65, -34.56], [-58.65, -34.56], [-58.65, -34.56], [-58.65, -34.56], [-58.65, -34.56], [-58.65, -34.56], [-58.65, -34.56], [-58.65, -34.56], [-58.65, -34.56], [-58.65, -34.56], [-58.65, -34.56], [-58.65, -34.56], [-58.65, -34.56], [-58.65, -34.56], [-58.65, -34.56], [-58.65, -34.56], [-58.65, -34.56], [-58.65, -34.56], [-58.65, -34.56], [-58.65, -34.56], [-58.65, -34.56], [-58.65, -34.56], [-58.65, -34.56], [-58.65, -34.56], [-58.65, -34.56], [-58.65, -34.56], [-58.65, -34.56], [-58.65, -34.56], [-58.65, -34.56], [-58.65, -34.56], [-58.65, -34.56], [-58.65, -34.56], [-58.65, -34.56], [-58.65, -34.56], [-58.65, -34.56], [-58.65, -34.56], [-58.65, -34.56], [-58.65, -34.56], [-58.65, -34.56], [-58.65, -34.56], [-58.65, -34.56], [-58.65, -34.56], [-58.65, -34.56], [-58.65, -34.56], [-58.65, -34.56], [-58.65, -34.56], [-58.65, -34.56], [-58.65, -34.56], [-58.65, -34.56], [-58.64, -34.56], [-58.64, -34.56], [-58.64, -34.56], [-58.64, -34.56], [-58.64, -34.56], [-58.64, -34.56], [-58.64, -34.56], [-58.64, -34.56], [-58.64, -34.56], [-58.64, -34.56], [-58.64, -34.56], [-58.64, -34.56], [-58.64, -34.56], [-58.64, -34.56], [-58.64, -34.56], [-58.64, -34.56], [-58.64, -34.56], [-58.64, -34.56], [-58.64, -34.56], [-58.64, -34.56], [-58.64, -34.56], [-58.64, -34.56], [-58.64, -34.56], [-58.64, -34.56], [-58.64, -34.56], [-58.64, -34.56], [-58.64, -34.56], [-58.64, -34.56], [-58.64, -34.56], [-58.64, -34.56], [-58.64, -34.56], [-58.64, -34.56], [-58.64, -34.56], [-58.64, -34.56], [-58.64, -34.56], [-58.64, -34.56], [-58.64, -34.56], [-58.64, -34.56], [-58.64, -34.56], [-58.64, -34.56], [-58.64, -34.56], [-58.64, -34.56], [-58.64, -34.56], [-58.64, -34.56], [-58.64, -34.56], [-58.64, -34.56], [-58.64, -34.56], [-58.64, -34.56], [-58.64, -34.56], [-58.64, -34.56], [-58.64, -34.56], [-58.64, -34.56], [-58.64, -34.56], [-58.64, -34.56], [-58.64, -34.56], [-58.64, -34.56], [-58.64, -34.56], [-58.64, -34.56], [-58.64, -34.56], [-58.64, -34.56], [-58.64, -34.56], [-58.64, -34.56], [-58.64, -34.56], [-58.64, -34.56], [-58.64, -34.56], [-58.64, -34.56], [-58.64, -34.56], [-58.64, -34.56], [-58.64, -34.56], [-58.64, -34.56], [-58.64, -34.56], [-58.64, -34.56], [-58.64, -34.56], [-58.64, -34.56], [-58.64, -34.56], [-58.64, -34.56], [-58.64, -34.56], [-58.64, -34.56], [-58.64, -34.56], [-58.64, -34.56], [-58.64, -34.56], [-58.64, -34.56], [-58.64, -34.56], [-58.64, -34.56], [-58.64, -34.56], [-58.64, -34.56], [-58.64, -34.56], [-58.64, -34.56], [-58.64, -34.56], [-58.64, -34.56], [-58.64, -34.56], [-58.64, -34.56], [-58.64, -34.56], [-58.64, -34.56], [-58.64, -34.56], [-58.64, -34.56], [-58.64, -34.56], [-58.64, -34.56], [-58.64, -34.56], [-58.64, -34.56], [-58.64, -34.56], [-58.64, -34.56], [-58.64, -34.56], [-58.64, -34.56], [-58.64, -34.56], [-58.64, -34.56], [-58.64, -34.56], [-58.64, -34.56], [-58.64, -34.56], [-58.64, -34.56], [-58.64, -34.56], [-58.64, -34.56], [-58.64, -34.56], [-58.64, -34.56], [-58.64, -34.56], [-58.64, -34.56], [-58.64, -34.56], [-58.64, -34.56], [-58.64, -34.56], [-58.64, -34.56], [-58.64, -34.56], [-58.64, -34.56], [-58.64, -34.56], [-58.64, -34.56], [-58.64, -34.56], [-58.64, -34.56], [-58.64, -34.56], [-58.64, -34.56], [-58.64, -34.56], [-58.64, -34.56], [-58.64, -34.56], [-58.64, -34.56], [-58.64, -34.56], [-58.64, -34.56], [-58.64, -34.56], [-58.64, -34.56], [-58.64, -34.56], [-58.64, -34.56], [-58.64, -34.56], [-58.64, -34.56], [-58.64, -34.56], [-58.64, -34.56], [-58.64, -34.56], [-58.64, -34.56], [-58.64, -34.56], [-58.64, -34.56], [-58.64, -34.56], [-58.64, -34.56], [-58.64, -34.56], [-58.64, -34.56], [-58.64, -34.56], [-58.64, -34.56], [-58.64, -34.56], [-58.64, -34.56], [-58.64, -34.56], [-58.64, -34.56], [-58.64, -34.56], [-58.64, -34.56], [-58.64, -34.56], [-58.64, -34.56], [-58.64, -34.56], [-58.64, -34.56], [-58.64, -34.56], [-58.64, -34.56], [-58.64, -34.56], [-58.64, -34.56], [-58.64, -34.56], [-58.64, -34.56], [-58.64, -34.56], [-58.64, -34.56], [-58.64, -34.56], [-58.64, -34.56], [-58.64, -34.56], [-58.64, -34.56], [-58.64, -34.56], [-58.64, -34.56], [-58.64, -34.56], [-58.64, -34.56], [-58.64, -34.56], [-58.64, -34.56], [-58.64, -34.56], [-58.64, -34.56], [-58.64, -34.56], [-58.64, -34.56], [-58.64, -34.56], [-58.64, -34.56], [-58.64, -34.56], [-58.64, -34.56], [-58.64, -34.56], [-58.64, -34.56], [-58.64, -34.56], [-58.64, -34.56], [-58.64, -34.56], [-58.64, -34.56], [-58.64, -34.56], [-58.64, -34.56], [-58.64, -34.56], [-58.64, -34.56], [-58.64, -34.56], [-58.64, -34.56], [-58.64, -34.56], [-58.64, -34.56], [-58.64, -34.56], [-58.64, -34.56], [-58.64, -34.56], [-58.64, -34.56], [-58.64, -34.56], [-58.64, -34.56], [-58.64, -34.56], [-58.64, -34.56], [-58.64, -34.56], [-58.64, -34.56], [-58.64, -34.56], [-58.64, -34.56], [-58.64, -34.56], [-58.64, -34.56], [-58.64, -34.56], [-58.64, -34.56], [-58.64, -34.56], [-58.64, -34.56], [-58.64, -34.56], [-58.64, -34.56], [-58.64, -34.56], [-58.64, -34.56], [-58.64, -34.56], [-58.64, -34.56], [-58.64, -34.56], [-58.64, -34.56], [-58.64, -34.56], [-58.64, -34.56], [-58.64, -34.56], [-58.64, -34.56], [-58.64, -34.56], [-58.64, -34.56], [-58.64, -34.56], [-58.64, -34.56], [-58.64, -34.56], [-58.64, -34.56], [-58.64, -34.56], [-58.64, -34.56], [-58.64, -34.56], [-58.64, -34.56], [-58.64, -34.56], [-58.64, -34.56], [-58.64, -34.56], [-58.64, -34.56], [-58.64, -34.56], [-58.64, -34.56], [-58.64, -34.56], [-58.64, -34.56], [-58.64, -34.56], [-58.64, -34.56], [-58.64, -34.56], [-58.64, -34.56], [-58.64, -34.56], [-58.64, -34.56], [-58.64, -34.56], [-58.64, -34.56], [-58.64, -34.56], [-58.64, -34.56], [-58.64, -34.56], [-58.64, -34.56], [-58.64, -34.56], [-58.64, -34.56], [-58.64, -34.56], [-58.64, -34.56], [-58.64, -34.56], [-58.64, -34.56], [-58.64, -34.56], [-58.64, -34.56], [-58.64, -34.56], [-58.64, -34.56], [-58.64, -34.56], [-58.64, -34.56], [-58.64, -34.56], [-58.64, -34.56], [-58.64, -34.56], [-58.64, -34.56], [-58.64, -34.56], [-58.64, -34.56], [-58.64, -34.56], [-58.64, -34.56], [-58.64, -34.56], [-58.64, -34.56], [-58.64, -34.56], [-58.64, -34.56], [-58.64, -34.56], [-58.64, -34.56], [-58.64, -34.56], [-58.64, -34.56], [-58.64, -34.56], [-58.64, -34.56], [-58.64, -34.56], [-58.64, -34.56], [-58.64, -34.56], [-58.64, -34.56], [-58.64, -34.56], [-58.64, -34.56], [-58.64, -34.56], [-58.64, -34.56], [-58.64, -34.56], [-58.64, -34.56], [-58.64, -34.56], [-58.64, -34.56], [-58.64, -34.56], [-58.64, -34.56], [-58.64, -34.56], [-58.64, -34.56], [-58.64, -34.56], [-58.64, -34.56], [-58.64, -34.56], [-58.64, -34.56], [-58.64, -34.56], [-58.64, -34.56], [-58.64, -34.56], [-58.64, -34.56], [-58.64, -34.56], [-58.64, -34.56], [-58.64, -34.56], [-58.64, -34.56], [-58.64, -34.56], [-58.64, -34.56], [-58.64, -34.56], [-58.64, -34.56], [-58.64, -34.56], [-58.64, -34.56], [-58.64, -34.56], [-58.64, -34.56], [-58.64, -34.56], [-58.64, -34.56], [-58.64, -34.56], [-58.64, -34.56], [-58.64, -34.56], [-58.64, -34.56], [-58.64, -34.56], [-58.64, -34.56], [-58.64, -34.56], [-58.64, -34.56], [-58.64, -34.56], [-58.64, -34.56], [-58.64, -34.56], [-58.64, -34.56], [-58.64, -34.56], [-58.64, -34.56], [-58.64, -34.56], [-58.64, -34.56], [-58.64, -34.56], [-58.64, -34.56], [-58.64, -34.56], [-58.64, -34.56], [-58.64, -34.56], [-58.64, -34.56], [-58.64, -34.56], [-58.64, -34.56], [-58.64, -34.56], [-58.64, -34.56], [-58.64, -34.56], [-58.64, -34.56], [-58.64, -34.56], [-58.64, -34.56], [-58.64, -34.56], [-58.64, -34.56], [-58.64, -34.56], [-58.64, -34.56], [-58.64, -34.56], [-58.64, -34.56], [-58.64, -34.56], [-58.64, -34.56], [-58.64, -34.56], [-58.64, -34.56], [-58.64, -34.56], [-58.64, -34.56], [-58.64, -34.56], [-58.64, -34.56], [-58.64, -34.56], [-58.64, -34.56], [-58.64, -34.56], [-58.64, -34.56], [-58.64, -34.56], [-58.64, -34.56], [-58.64, -34.56], [-58.64, -34.56], [-58.64, -34.56], [-58.64, -34.56], [-58.64, -34.56], [-58.64, -34.56], [-58.64, -34.56], [-58.64, -34.56], [-58.64, -34.56], [-58.64, -34.56], [-58.64, -34.56], [-58.64, -34.56], [-58.64, -34.56], [-58.64, -34.56], [-58.64, -34.56], [-58.64, -34.56], [-58.64, -34.56], [-58.64, -34.56], [-58.64, -34.56], [-58.64, -34.56], [-58.64, -34.56], [-58.64, -34.56], [-58.64, -34.56], [-58.64, -34.56], [-58.64, -34.56], [-58.64, -34.56], [-58.64, -34.56], [-58.64, -34.56], [-58.64, -34.56], [-58.64, -34.56], [-58.64, -34.56], [-58.64, -34.56], [-58.64, -34.56], [-58.64, -34.56], [-58.64, -34.56], [-58.64, -34.56], [-58.64, -34.56], [-58.64, -34.56], [-58.64, -34.56], [-58.64, -34.56], [-58.64, -34.56], [-58.64, -34.56], [-58.64, -34.56], [-58.64, -34.56], [-58.64, -34.56], [-58.64, -34.56], [-58.64, -34.56], [-58.64, -34.56], [-58.64, -34.56], [-58.64, -34.56], [-58.64, -34.56], [-58.64, -34.56], [-58.64, -34.56], [-58.64, -34.56], [-58.64, -34.56], [-58.64, -34.56], [-58.64, -34.56], [-58.64, -34.56], [-58.64, -34.56], [-58.64, -34.56], [-58.64, -34.56], [-58.64, -34.56], [-58.64, -34.56], [-58.64, -34.56], [-58.64, -34.56], [-58.64, -34.56], [-58.64, -34.56], [-58.64, -34.56], [-58.64, -34.56], [-58.64, -34.56], [-58.64, -34.56], [-58.64, -34.56], [-58.64, -34.56], [-58.64, -34.56], [-58.64, -34.56], [-58.64, -34.56], [-58.64, -34.56], [-58.64, -34.56], [-58.64, -34.56], [-58.64, -34.56], [-58.64, -34.56], [-58.64, -34.56], [-58.64, -34.56], [-58.64, -34.56], [-58.64, -34.56], [-58.64, -34.56], [-58.64, -34.56], [-58.64, -34.56], [-58.64, -34.56], [-58.64, -34.56], [-58.64, -34.56], [-58.64, -34.56], [-58.64, -34.56], [-58.64, -34.56], [-58.64, -34.56], [-58.64, -34.56], [-58.64, -34.56], [-58.64, -34.56], [-58.64, -34.56], [-58.64, -34.56], [-58.64, -34.56], [-58.64, -34.56], [-58.64, -34.56], [-58.64, -34.56], [-58.64, -34.56], [-58.64, -34.56], [-58.64, -34.56], [-58.64, -34.56], [-58.64, -34.56], [-58.64, -34.56], [-58.64, -34.56], [-58.64, -34.56], [-58.64, -34.56], [-58.64, -34.56], [-58.64, -34.56], [-58.64, -34.56], [-58.64, -34.56], [-58.64, -34.56], [-58.64, -34.56], [-58.64, -34.56], [-58.64, -34.56], [-58.64, -34.56], [-58.64, -34.56], [-58.64, -34.56], [-58.64, -34.56], [-58.64, -34.56], [-58.64, -34.56], [-58.64, -34.56], [-58.64, -34.56], [-58.64, -34.56], [-58.64, -34.56], [-58.64, -34.56], [-58.64, -34.56], [-58.64, -34.56], [-58.64, -34.56], [-58.64, -34.56], [-58.64, -34.56], [-58.64, -34.56], [-58.64, -34.56], [-58.64, -34.56], [-58.64, -34.56], [-58.64, -34.56], [-58.64, -34.56], [-58.64, -34.56], [-58.64, -34.56], [-58.64, -34.56], [-58.64, -34.56], [-58.64, -34.56], [-58.64, -34.56], [-58.64, -34.56], [-58.64, -34.56], [-58.64, -34.56], [-58.64, -34.56], [-58.64, -34.56], [-58.64, -34.56], [-58.64, -34.56], [-58.64, -34.56], [-58.64, -34.56], [-58.64, -34.56], [-58.64, -34.56], [-58.64, -34.56], [-58.64, -34.56], [-58.64, -34.56], [-58.64, -34.56], [-58.64, -34.56], [-58.64, -34.56], [-58.64, -34.56], [-58.64, -34.56], [-58.64, -34.56], [-58.64, -34.56], [-58.64, -34.56], [-58.64, -34.56], [-58.64, -34.56], [-58.64, -34.56], [-58.64, -34.56], [-58.64, -34.56], [-58.64, -34.56], [-58.64, -34.56], [-58.64, -34.56], [-58.64, -34.56], [-58.64, -34.56], [-58.64, -34.56], [-58.64, -34.56], [-58.64, -34.56], [-58.64, -34.56], [-58.64, -34.56], [-58.64, -34.56], [-58.64, -34.56], [-58.64, -34.56], [-58.64, -34.56], [-58.64, -34.56], [-58.64, -34.56], [-58.64, -34.56], [-58.64, -34.56], [-58.64, -34.56], [-58.64, -34.56], [-58.64, -34.56], [-58.64, -34.56], [-58.64, -34.56], [-58.64, -34.56], [-58.64, -34.56], [-58.64, -34.56], [-58.64, -34.56], [-58.64, -34.56], [-58.64, -34.56], [-58.64, -34.56], [-58.64, -34.56], [-58.64, -34.56], [-58.64, -34.56], [-58.64, -34.56], [-58.64, -34.56], [-58.64, -34.56], [-58.64, -34.56], [-58.64, -34.56], [-58.64, -34.56], [-58.64, -34.56], [-58.64, -34.56], [-58.64, -34.56], [-58.64, -34.56], [-58.64, -34.56], [-58.64, -34.56], [-58.64, -34.56], [-58.64, -34.56], [-58.64, -34.56], [-58.64, -34.56], [-58.64, -34.56], [-58.64, -34.56], [-58.64, -34.56], [-58.64, -34.56], [-58.64, -34.56], [-58.64, -34.56], [-58.64, -34.56], [-58.64, -34.56], [-58.64, -34.56], [-58.64, -34.56], [-58.64, -34.56], [-58.64, -34.56], [-58.64, -34.56], [-58.64, -34.56], [-58.64, -34.56], [-58.64, -34.56], [-58.64, -34.56], [-58.64, -34.56], [-58.64, -34.56], [-58.64, -34.56], [-58.64, -34.56], [-58.64, -34.56], [-58.64, -34.56], [-58.64, -34.56], [-58.64, -34.56], [-58.64, -34.56], [-58.64, -34.56], [-58.64, -34.56], [-58.64, -34.56], [-58.64, -34.56], [-58.64, -34.56], [-58.64, -34.56], [-58.64, -34.56], [-58.64, -34.56], [-58.64, -34.56], [-58.64, -34.56], [-58.64, -34.56], [-58.64, -34.56], [-58.64, -34.56], [-58.64, -34.56], [-58.64, -34.56], [-58.64, -34.56], [-58.64, -34.56], [-58.64, -34.56], [-58.64, -34.56], [-58.64, -34.56], [-58.64, -34.56], [-58.64, -34.56], [-58.64, -34.56], [-58.64, -34.56], [-58.64, -34.56], [-58.64, -34.56], [-58.64, -34.56], [-58.64, -34.56], [-58.64, -34.56], [-58.64, -34.56], [-58.64, -34.56], [-58.64, -34.56], [-58.64, -34.56], [-58.64, -34.56], [-58.64, -34.56], [-58.64, -34.56], [-58.64, -34.56], [-58.64, -34.56], [-58.64, -34.56], [-58.64, -34.56], [-58.64, -34.56], [-58.64, -34.56], [-58.64, -34.56], [-58.64, -34.56], [-58.64, -34.56], [-58.64, -34.56], [-58.64, -34.56], [-58.64, -34.56], [-58.64, -34.56], [-58.64, -34.56], [-58.64, -34.56], [-58.64, -34.56], [-58.64, -34.56], [-58.64, -34.56], [-58.64, -34.56], [-58.64, -34.56], [-58.64, -34.56], [-58.64, -34.56], [-58.64, -34.56], [-58.64, -34.56], [-58.64, -34.56], [-58.64, -34.56], [-58.64, -34.56], [-58.64, -34.56], [-58.64, -34.56], [-58.64, -34.56], [-58.64, -34.56], [-58.64, -34.56], [-58.64, -34.56], [-58.64, -34.56], [-58.64, -34.56], [-58.64, -34.56], [-58.64, -34.56], [-58.64, -34.56], [-58.64, -34.56], [-58.64, -34.56], [-58.64, -34.56], [-58.64, -34.56], [-58.64, -34.56], [-58.64, -34.56], [-58.64, -34.56], [-58.64, -34.56], [-58.64, -34.56], [-58.64, -34.56], [-58.64, -34.56], [-58.64, -34.56], [-58.64, -34.56], [-58.64, -34.56], [-58.64, -34.56], [-58.64, -34.56], [-58.64, -34.56], [-58.64, -34.56], [-58.64, -34.56], [-58.64, -34.56], [-58.64, -34.56], [-58.64, -34.56], [-58.64, -34.56], [-58.64, -34.56], [-58.64, -34.56], [-58.64, -34.56], [-58.64, -34.56], [-58.64, -34.56], [-58.64, -34.56], [-58.64, -34.56], [-58.64, -34.56], [-58.64, -34.56], [-58.64, -34.56], [-58.64, -34.56], [-58.64, -34.56], [-58.64, -34.56], [-58.64, -34.56], [-58.64, -34.56], [-58.64, -34.56], [-58.64, -34.56], [-58.64, -34.56], [-58.64, -34.56], [-58.64, -34.56], [-58.64, -34.56], [-58.64, -34.56], [-58.64, -34.56], [-58.64, -34.56], [-58.64, -34.56], [-58.64, -34.56], [-58.64, -34.56], [-58.64, -34.56], [-58.64, -34.56], [-58.64, -34.56], [-58.64, -34.56], [-58.64, -34.56], [-58.64, -34.56], [-58.64, -34.56], [-58.64, -34.56], [-58.64, -34.56], [-58.64, -34.56], [-58.64, -34.56], [-58.64, -34.56], [-58.64, -34.56], [-58.64, -34.56], [-58.64, -34.56], [-58.64, -34.56], [-58.64, -34.56], [-58.64, -34.56], [-58.64, -34.56], [-58.64, -34.56], [-58.64, -34.56], [-58.64, -34.56], [-58.64, -34.56], [-58.64, -34.56], [-58.64, -34.56], [-58.64, -34.56], [-58.64, -34.56], [-58.64, -34.56], [-58.64, -34.56], [-58.64, -34.56], [-58.64, -34.56], [-58.64, -34.56], [-58.64, -34.56], [-58.64, -34.56], [-58.64, -34.56], [-58.64, -34.56], [-58.64, -34.56], [-58.64, -34.56], [-58.64, -34.56], [-58.64, -34.56], [-58.64, -34.56], [-58.64, -34.56], [-58.64, -34.56], [-58.64, -34.56], [-58.64, -34.56], [-58.64, -34.56], [-58.64, -34.56], [-58.64, -34.56], [-58.64, -34.56], [-58.64, -34.56], [-58.64, -34.56], [-58.64, -34.56], [-58.64, -34.56], [-58.64, -34.56], [-58.64, -34.56], [-58.64, -34.56], [-58.64, -34.56], [-58.64, -34.56], [-58.64, -34.56], [-58.64, -34.56], [-58.64, -34.56], [-58.64, -34.56], [-58.64, -34.56], [-58.64, -34.56], [-58.64, -34.56], [-58.64, -34.56], [-58.64, -34.56], [-58.64, -34.56], [-58.64, -34.56], [-58.64, -34.56], [-58.64, -34.56], [-58.64, -34.56], [-58.64, -34.56], [-58.64, -34.56], [-58.64, -34.56], [-58.64, -34.56], [-58.64, -34.56], [-58.64, -34.56], [-58.64, -34.56], [-58.64, -34.56], [-58.64, -34.56], [-58.64, -34.56], [-58.64, -34.56], [-58.64, -34.56], [-58.64, -34.56], [-58.64, -34.56], [-58.64, -34.56], [-58.64, -34.56], [-58.64, -34.56], [-58.64, -34.56], [-58.64, -34.56], [-58.64, -34.56], [-58.64, -34.56], [-58.64, -34.56], [-58.64, -34.56], [-58.64, -34.56], [-58.64, -34.56], [-58.64, -34.56], [-58.64, -34.56], [-58.64, -34.56], [-58.64, -34.56], [-58.64, -34.56], [-58.64, -34.56], [-58.64, -34.56], [-58.64, -34.56], [-58.64, -34.56], [-58.64, -34.56], [-58.64, -34.56], [-58.64, -34.56], [-58.64, -34.56], [-58.64, -34.56], [-58.64, -34.56], [-58.64, -34.56], [-58.64, -34.56], [-58.64, -34.56], [-58.64, -34.56], [-58.64, -34.56], [-58.64, -34.56], [-58.64, -34.56], [-58.64, -34.56], [-58.64, -34.56], [-58.64, -34.56], [-58.64, -34.56], [-58.64, -34.56], [-58.64, -34.56], [-58.64, -34.56], [-58.64, -34.56], [-58.64, -34.56], [-58.64, -34.56], [-58.64, -34.56], [-58.64, -34.56], [-58.64, -34.56], [-58.64, -34.56], [-58.64, -34.56], [-58.64, -34.56], [-58.64, -34.56], [-58.64, -34.56], [-58.64, -34.56], [-58.64, -34.56], [-58.64, -34.56], [-58.64, -34.56], [-58.64, -34.56], [-58.64, -34.56], [-58.64, -34.56], [-58.64, -34.56], [-58.64, -34.56], [-58.64, -34.56], [-58.64, -34.56], [-58.64, -34.56], [-58.64, -34.56], [-58.64, -34.56], [-58.64, -34.56], [-58.64, -34.56], [-58.64, -34.56], [-58.64, -34.56], [-58.64, -34.56], [-58.64, -34.56], [-58.64, -34.56], [-58.64, -34.56], [-58.64, -34.56], [-58.64, -34.56], [-58.64, -34.56], [-58.64, -34.56], [-58.64, -34.56], [-58.64, -34.56], [-58.64, -34.56], [-58.64, -34.56], [-58.64, -34.56], [-58.64, -34.56], [-58.64, -34.56], [-58.64, -34.56], [-58.64, -34.56], [-58.64, -34.56], [-58.64, -34.56], [-58.64, -34.56], [-58.64, -34.56], [-58.64, -34.56], [-58.64, -34.56], [-58.64, -34.56], [-58.64, -34.56], [-58.64, -34.56], [-58.64, -34.56], [-58.64, -34.56], [-58.64, -34.56], [-58.64, -34.56], [-58.64, -34.56], [-58.64, -34.56], [-58.64, -34.56], [-58.64, -34.56], [-58.64, -34.56], [-58.64, -34.56], [-58.64, -34.56], [-58.64, -34.56], [-58.64, -34.56], [-58.64, -34.56], [-58.64, -34.56], [-58.64, -34.56], [-58.64, -34.56], [-58.64, -34.56], [-58.64, -34.56], [-58.64, -34.56], [-58.64, -34.56], [-58.64, -34.56], [-58.64, -34.56], [-58.64, -34.56], [-58.64, -34.56], [-58.64, -34.56], [-58.64, -34.56], [-58.64, -34.56], [-58.64, -34.56], [-58.64, -34.56], [-58.64, -34.56], [-58.64, -34.56], [-58.64, -34.56], [-58.64, -34.56], [-58.64, -34.56], [-58.64, -34.56], [-58.64, -34.56], [-58.64, -34.56], [-58.64, -34.56], [-58.64, -34.56], [-58.64, -34.56], [-58.64, -34.56], [-58.64, -34.56], [-58.64, -34.56], [-58.64, -34.56], [-58.64, -34.56], [-58.64, -34.56], [-58.64, -34.56], [-58.64, -34.56], [-58.64, -34.56], [-58.64, -34.56], [-58.64, -34.56], [-58.64, -34.56], [-58.64, -34.56], [-58.64, -34.56], [-58.64, -34.56], [-58.64, -34.56], [-58.64, -34.56], [-58.64, -34.56], [-58.64, -34.56], [-58.64, -34.56], [-58.64, -34.56], [-58.64, -34.56], [-58.64, -34.56], [-58.64, -34.56], [-58.64, -34.56], [-58.64, -34.56], [-58.64, -34.56], [-58.64, -34.56], [-58.64, -34.56], [-58.64, -34.56], [-58.64, -34.56], [-58.64, -34.56], [-58.64, -34.56], [-58.64, -34.56], [-58.64, -34.56], [-58.64, -34.56], [-58.64, -34.56], [-58.64, -34.56], [-58.64, -34.56], [-58.64, -34.56], [-58.64, -34.56], [-58.64, -34.56], [-58.64, -34.56], [-58.64, -34.56], [-58.64, -34.56], [-58.64, -34.56], [-58.64, -34.56], [-58.64, -34.56], [-58.64, -34.56], [-58.64, -34.56], [-58.64, -34.56], [-58.64, -34.56], [-58.64, -34.56], [-58.64, -34.56], [-58.64, -34.56], [-58.64, -34.56], [-58.64, -34.56], [-58.64, -34.56], [-58.64, -34.56], [-58.64, -34.56], [-58.64, -34.56], [-58.64, -34.56], [-58.64, -34.56], [-58.64, -34.56], [-58.64, -34.56], [-58.64, -34.56], [-58.64, -34.56], [-58.64, -34.56], [-58.64, -34.56], [-58.64, -34.56], [-58.64, -34.56], [-58.64, -34.56], [-58.64, -34.56], [-58.64, -34.56], [-58.64, -34.56], [-58.64, -34.56], [-58.64, -34.56], [-58.64, -34.56], [-58.64, -34.56], [-58.64, -34.56], [-58.64, -34.56], [-58.64, -34.56], [-58.64, -34.56], [-58.64, -34.56], [-58.64, -34.56], [-58.64, -34.56], [-58.64, -34.56], [-58.64, -34.56], [-58.64, -34.56], [-58.64, -34.56], [-58.64, -34.56], [-58.64, -34.56], [-58.64, -34.56], [-58.64, -34.56], [-58.64, -34.56], [-58.64, -34.56], [-58.64, -34.56], [-58.64, -34.56], [-58.64, -34.56], [-58.64, -34.56], [-58.64, -34.56], [-58.64, -34.56], [-58.64, -34.56], [-58.64, -34.56], [-58.64, -34.56], [-58.64, -34.56], [-58.64, -34.56], [-58.64, -34.56], [-58.64, -34.56], [-58.64, -34.56], [-58.64, -34.56], [-58.64, -34.56], [-58.64, -34.56], [-58.64, -34.56], [-58.64, -34.56], [-58.64, -34.56], [-58.64, -34.56], [-58.64, -34.56], [-58.64, -34.56], [-58.64, -34.56], [-58.64, -34.56], [-58.64, -34.56], [-58.64, -34.56], [-58.64, -34.56], [-58.64, -34.56], [-58.64, -34.56], [-58.64, -34.56], [-58.64, -34.56], [-58.64, -34.56], [-58.64, -34.56], [-58.64, -34.56], [-58.64, -34.56], [-58.64, -34.56], [-58.64, -34.56], [-58.64, -34.56], [-58.64, -34.56], [-58.64, -34.56], [-58.64, -34.56], [-58.64, -34.56], [-58.64, -34.56], [-58.64, -34.56], [-58.64, -34.56], [-58.64, -34.56], [-58.64, -34.56], [-58.64, -34.56], [-58.64, -34.56], [-58.64, -34.56], [-58.64, -34.56], [-58.64, -34.56], [-58.64, -34.56], [-58.64, -34.56], [-58.64, -34.56], [-58.64, -34.56], [-58.64, -34.56], [-58.64, -34.56], [-58.64, -34.56], [-58.64, -34.56], [-58.64, -34.56], [-58.64, -34.56], [-58.64, -34.56], [-58.64, -34.56], [-58.64, -34.56], [-58.64, -34.56], [-58.64, -34.56], [-58.64, -34.56], [-58.64, -34.56], [-58.64, -34.56], [-58.64, -34.56], [-58.64, -34.56], [-58.64, -34.56], [-58.64, -34.56], [-58.64, -34.56], [-58.64, -34.56], [-58.64, -34.56], [-58.64, -34.56], [-58.64, -34.56], [-58.64, -34.56], [-58.64, -34.56], [-58.64, -34.56], [-58.64, -34.56], [-58.64, -34.56], [-58.64, -34.56], [-58.64, -34.56], [-58.64, -34.56], [-58.64, -34.56], [-58.64, -34.56], [-58.64, -34.56], [-58.64, -34.56], [-58.64, -34.56], [-58.64, -34.56], [-58.64, -34.56], [-58.64, -34.56], [-58.64, -34.56], [-58.64, -34.56], [-58.64, -34.56], [-58.64, -34.56], [-58.64, -34.56], [-58.64, -34.56], [-58.64, -34.56], [-58.64, -34.56], [-58.64, -34.56], [-58.64, -34.56], [-58.64, -34.56], [-58.64, -34.56], [-58.64, -34.56], [-58.64, -34.56], [-58.64, -34.56], [-58.64, -34.56], [-58.64, -34.56], [-58.64, -34.56], [-58.64, -34.56], [-58.64, -34.56], [-58.64, -34.56], [-58.64, -34.56], [-58.64, -34.56], [-58.64, -34.56], [-58.64, -34.56], [-58.64, -34.56], [-58.64, -34.56], [-58.64, -34.56], [-58.64, -34.56], [-58.64, -34.56], [-58.64, -34.56], [-58.64, -34.56], [-58.64, -34.56], [-58.64, -34.56], [-58.64, -34.56], [-58.64, -34.56], [-58.64, -34.56], [-58.64, -34.56], [-58.64, -34.56], [-58.64, -34.56], [-58.64, -34.56], [-58.64, -34.56], [-58.64, -34.56], [-58.64, -34.56], [-58.64, -34.56], [-58.64, -34.56], [-58.64, -34.56], [-58.64, -34.56], [-58.64, -34.56], [-58.64, -34.56], [-58.64, -34.56], [-58.64, -34.56], [-58.64, -34.56], [-58.64, -34.56], [-58.64, -34.56], [-58.64, -34.56], [-58.64, -34.56], [-58.64, -34.56], [-58.64, -34.56], [-58.64, -34.56], [-58.64, -34.56], [-58.64, -34.56], [-58.64, -34.56], [-58.64, -34.56], [-58.64, -34.56], [-58.64, -34.56], [-58.64, -34.56], [-58.64, -34.56], [-58.64, -34.56], [-58.64, -34.56], [-58.64, -34.56], [-58.64, -34.56], [-58.64, -34.56], [-58.64, -34.56], [-58.64, -34.56], [-58.64, -34.56], [-58.64, -34.56], [-58.64, -34.56], [-58.64, -34.56], [-58.64, -34.56], [-58.64, -34.56], [-58.64, -34.56], [-58.64, -34.56], [-58.64, -34.56], [-58.64, -34.56], [-58.64, -34.56], [-58.64, -34.56], [-58.64, -34.56], [-58.64, -34.56], [-58.64, -34.56], [-58.64, -34.56], [-58.64, -34.56], [-58.64, -34.56], [-58.64, -34.56], [-58.64, -34.56], [-58.64, -34.56], [-58.64, -34.56], [-58.64, -34.56], [-58.64, -34.56], [-58.64, -34.56], [-58.64, -34.56], [-58.64, -34.56], [-58.64, -34.56], [-58.64, -34.56], [-58.64, -34.56], [-58.64, -34.56], [-58.64, -34.56], [-58.64, -34.56], [-58.64, -34.56], [-58.64, -34.56], [-58.64, -34.56], [-58.64, -34.56], [-58.64, -34.56], [-58.64, -34.56], [-58.64, -34.56], [-58.64, -34.56], [-58.64, -34.56], [-58.64, -34.56], [-58.64, -34.56], [-58.64, -34.56], [-58.64, -34.56], [-58.64, -34.56], [-58.64, -34.56], [-58.64, -34.56], [-58.64, -34.56], [-58.64, -34.56], [-58.64, -34.56], [-58.64, -34.56], [-58.64, -34.56], [-58.64, -34.56], [-58.64, -34.56], [-58.64, -34.56], [-58.64, -34.56], [-58.64, -34.56], [-58.64, -34.56], [-58.64, -34.56], [-58.64, -34.56], [-58.64, -34.56], [-58.64, -34.56], [-58.64, -34.56], [-58.64, -34.56], [-58.64, -34.56], [-58.64, -34.56], [-58.64, -34.56], [-58.64, -34.56], [-58.64, -34.56], [-58.64, -34.56], [-58.64, -34.56], [-58.64, -34.56], [-58.64, -34.56], [-58.64, -34.56], [-58.64, -34.56], [-58.64, -34.56], [-58.64, -34.56], [-58.64, -34.56], [-58.64, -34.56], [-58.64, -34.56], [-58.64, -34.56], [-58.64, -34.56], [-58.64, -34.56], [-58.64, -34.56], [-58.64, -34.56], [-58.64, -34.56], [-58.64, -34.56], [-58.64, -34.56], [-58.64, -34.56], [-58.64, -34.56], [-58.64, -34.56], [-58.64, -34.56], [-58.64, -34.56], [-58.64, -34.56], [-58.64, -34.56], [-58.64, -34.56], [-58.64, -34.56], [-58.64, -34.56], [-58.64, -34.56], [-58.64, -34.56], [-58.64, -34.56], [-58.64, -34.56], [-58.64, -34.56], [-58.64, -34.56], [-58.64, -34.56], [-58.64, -34.56], [-58.64, -34.56], [-58.64, -34.56], [-58.64, -34.56], [-58.64, -34.56], [-58.64, -34.56], [-58.64, -34.56], [-58.64, -34.56], [-58.64, -34.56], [-58.64, -34.56], [-58.64, -34.56], [-58.64, -34.56], [-58.64, -34.56], [-58.64, -34.56], [-58.64, -34.56], [-58.64, -34.56], [-58.64, -34.56], [-58.64, -34.56], [-58.64, -34.56], [-58.64, -34.56], [-58.64, -34.56], [-58.64, -34.56], [-58.64, -34.56], [-58.64, -34.56], [-58.64, -34.56], [-58.64, -34.56], [-58.64, -34.56], [-58.64, -34.56], [-58.64, -34.56], [-58.64, -34.56], [-58.64, -34.56], [-58.64, -34.56], [-58.64, -34.56], [-58.64, -34.56], [-58.64, -34.56], [-58.64, -34.56], [-58.64, -34.56], [-58.64, -34.56], [-58.64, -34.56], [-58.64, -34.56], [-58.64, -34.56], [-58.64, -34.56], [-58.64, -34.56], [-58.64, -34.56], [-58.64, -34.56], [-58.64, -34.56], [-58.64, -34.56], [-58.64, -34.56], [-58.64, -34.56], [-58.64, -34.56], [-58.64, -34.56], [-58.64, -34.56], [-58.64, -34.56], [-58.64, -34.56], [-58.64, -34.56], [-58.64, -34.56], [-58.64, -34.56], [-58.64, -34.56], [-58.64, -34.56], [-58.64, -34.56], [-58.64, -34.56], [-58.64, -34.56], [-58.64, -34.56], [-58.64, -34.56], [-58.64, -34.56], [-58.64, -34.56], [-58.64, -34.56], [-58.64, -34.56], [-58.64, -34.56], [-58.64, -34.56], [-58.64, -34.56], [-58.64, -34.56], [-58.64, -34.56], [-58.64, -34.56], [-58.64, -34.56], [-58.64, -34.56], [-58.64, -34.56], [-58.64, -34.56], [-58.64, -34.56], [-58.64, -34.56], [-58.64, -34.56], [-58.64, -34.56], [-58.64, -34.56], [-58.64, -34.56], [-58.64, -34.56], [-58.64, -34.56], [-58.64, -34.56], [-58.64, -34.56], [-58.64, -34.56], [-58.64, -34.56], [-58.64, -34.56], [-58.64, -34.56], [-58.64, -34.56], [-58.64, -34.56], [-58.64, -34.56], [-58.64, -34.56], [-58.64, -34.56], [-58.64, -34.56], [-58.64, -34.56], [-58.64, -34.56], [-58.64, -34.56], [-58.64, -34.56], [-58.64, -34.56], [-58.64, -34.56], [-58.64, -34.56], [-58.64, -34.56], [-58.64, -34.56], [-58.64, -34.56], [-58.64, -34.56], [-58.64, -34.56], [-58.64, -34.56], [-58.64, -34.56], [-58.64, -34.56], [-58.64, -34.56], [-58.64, -34.56], [-58.64, -34.56], [-58.64, -34.56], [-58.64, -34.56], [-58.64, -34.56], [-58.64, -34.56], [-58.64, -34.56], [-58.64, -34.56], [-58.64, -34.56], [-58.64, -34.56], [-58.64, -34.56], [-58.64, -34.56], [-58.64, -34.56], [-58.64, -34.56], [-58.64, -34.56], [-58.64, -34.56], [-58.64, -34.56], [-58.64, -34.56], [-58.64, -34.56], [-58.64, -34.56], [-58.64, -34.56], [-58.64, -34.56], [-58.64, -34.56], [-58.64, -34.56], [-58.64, -34.56], [-58.64, -34.56], [-58.64, -34.56], [-58.64, -34.56], [-58.64, -34.56], [-58.64, -34.56], [-58.64, -34.56], [-58.64, -34.56], [-58.64, -34.56], [-58.64, -34.56], [-58.64, -34.56], [-58.64, -34.56], [-58.64, -34.56], [-58.64, -34.56], [-58.64, -34.56], [-58.64, -34.56], [-58.64, -34.56], [-58.64, -34.56], [-58.64, -34.56], [-58.64, -34.56], [-58.64, -34.56], [-58.64, -34.56], [-58.64, -34.56], [-58.64, -34.56], [-58.64, -34.56], [-58.64, -34.56], [-58.64, -34.56], [-58.64, -34.56], [-58.64, -34.56], [-58.64, -34.56], [-58.64, -34.56], [-58.64, -34.56], [-58.64, -34.56], [-58.64, -34.56], [-58.64, -34.56], [-58.64, -34.56], [-58.64, -34.56], [-58.64, -34.56], [-58.64, -34.56], [-58.64, -34.56], [-58.64, -34.56], [-58.64, -34.56], [-58.64, -34.56], [-58.64, -34.56], [-58.64, -34.56], [-58.64, -34.56], [-58.64, -34.56], [-58.64, -34.56], [-58.64, -34.56], [-58.64, -34.56], [-58.64, -34.56], [-58.64, -34.56], [-58.64, -34.56], [-58.64, -34.56], [-58.64, -34.56], [-58.64, -34.56], [-58.64, -34.56], [-58.64, -34.56], [-58.64, -34.56], [-58.64, -34.56], [-58.64, -34.56], [-58.64, -34.56], [-58.64, -34.56], [-58.64, -34.56], [-58.64, -34.56], [-58.64, -34.56], [-58.64, -34.56], [-58.64, -34.56], [-58.64, -34.56], [-58.64, -34.56], [-58.64, -34.56], [-58.64, -34.56], [-58.64, -34.56], [-58.64, -34.56], [-58.64, -34.56], [-58.64, -34.56], [-58.64, -34.56], [-58.64, -34.56], [-58.64, -34.56], [-58.64, -34.56], [-58.64, -34.56], [-58.64, -34.56], [-58.64, -34.56], [-58.64, -34.56], [-58.64, -34.56], [-58.64, -34.56], [-58.64, -34.56], [-58.64, -34.56], [-58.64, -34.56], [-58.64, -34.56], [-58.64, -34.56], [-58.64, -34.56], [-58.64, -34.56], [-58.64, -34.56], [-58.64, -34.56], [-58.64, -34.56], [-58.64, -34.56], [-58.64, -34.56], [-58.64, -34.56], [-58.64, -34.56], [-58.64, -34.56], [-58.64, -34.56], [-58.64, -34.56], [-58.64, -34.56], [-58.64, -34.56], [-58.64, -34.56], [-58.64, -34.56], [-58.64, -34.56], [-58.64, -34.56], [-58.64, -34.56], [-58.64, -34.56], [-58.64, -34.56], [-58.64, -34.56], [-58.64, -34.56], [-58.64, -34.56], [-58.64, -34.56], [-58.64, -34.56], [-58.64, -34.56], [-58.64, -34.56], [-58.64, -34.56], [-58.64, -34.56], [-58.64, -34.56], [-58.64, -34.56], [-58.64, -34.56], [-58.64, -34.56], [-58.64, -34.56], [-58.64, -34.56], [-58.64, -34.56], [-58.64, -34.56], [-58.64, -34.56], [-58.64, -34.56], [-58.64, -34.56], [-58.64, -34.56], [-58.64, -34.56], [-58.64, -34.56], [-58.64, -34.56], [-58.64, -34.56], [-58.64, -34.56], [-58.64, -34.56], [-58.64, -34.56], [-58.64, -34.56], [-58.64, -34.56], [-58.64, -34.56], [-58.64, -34.56], [-58.64, -34.56], [-58.64, -34.56], [-58.64, -34.56], [-58.64, -34.56], [-58.64, -34.56], [-58.64, -34.56], [-58.64, -34.56], [-58.64, -34.56], [-58.64, -34.56], [-58.64, -34.56], [-58.64, -34.56], [-58.64, -34.56], [-58.64, -34.56], [-58.64, -34.56], [-58.64, -34.56], [-58.64, -34.56], [-58.64, -34.56], [-58.64, -34.56], [-58.64, -34.56], [-58.64, -34.56], [-58.64, -34.56], [-58.64, -34.56], [-58.64, -34.56], [-58.64, -34.56], [-58.64, -34.56], [-58.64, -34.56], [-58.64, -34.56], [-58.64, -34.56], [-58.64, -34.56], [-58.64, -34.56], [-58.64, -34.56], [-58.64, -34.56], [-58.64, -34.56], [-58.64, -34.56], [-58.64, -34.56], [-58.64, -34.56], [-58.64, -34.56], [-58.64, -34.56], [-58.64, -34.56], [-58.64, -34.56], [-58.64, -34.56], [-58.64, -34.56], [-58.64, -34.56], [-58.64, -34.56], [-58.64, -34.56], [-58.64, -34.56], [-58.64, -34.56], [-58.64, -34.56], [-58.64, -34.56], [-58.64, -34.56], [-58.64, -34.56], [-58.64, -34.56], [-58.64, -34.56], [-58.64, -34.56], [-58.64, -34.56], [-58.64, -34.56], [-58.64, -34.56], [-58.64, -34.56], [-58.64, -34.56], [-58.64, -34.56], [-58.64, -34.56], [-58.64, -34.56], [-58.64, -34.56], [-58.64, -34.56], [-58.64, -34.56], [-58.64, -34.56], [-58.64, -34.56], [-58.64, -34.56], [-58.64, -34.56], [-58.64, -34.56], [-58.64, -34.56], [-58.64, -34.56], [-58.64, -34.56], [-58.64, -34.56], [-58.64, -34.56], [-58.64, -34.56], [-58.64, -34.56], [-58.64, -34.56], [-58.64, -34.56], [-58.64, -34.56], [-58.64, -34.56], [-58.64, -34.56], [-58.64, -34.56], [-58.64, -34.56], [-58.64, -34.56], [-58.64, -34.56], [-58.64, -34.56], [-58.64, -34.56], [-58.64, -34.56], [-58.64, -34.56], [-58.64, -34.56], [-58.64, -34.56], [-58.64, -34.56], [-58.64, -34.56], [-58.64, -34.56], [-58.64, -34.56], [-58.64, -34.56], [-58.64, -34.56], [-58.64, -34.56], [-58.64, -34.56], [-58.64, -34.56], [-58.64, -34.56], [-58.64, -34.56], [-58.64, -34.56], [-58.64, -34.56], [-58.64, -34.56], [-58.64, -34.56], [-58.64, -34.56], [-58.64, -34.56], [-58.64, -34.56], [-58.64, -34.56], [-58.64, -34.56], [-58.64, -34.56], [-58.64, -34.56], [-58.64, -34.56], [-58.64, -34.56], [-58.64, -34.56], [-58.64, -34.56], [-58.64, -34.56], [-58.64, -34.56], [-58.64, -34.56], [-58.64, -34.56], [-58.64, -34.56], [-58.64, -34.56], [-58.64, -34.56], [-58.64, -34.56], [-58.64, -34.56], [-58.64, -34.56], [-58.64, -34.56], [-58.64, -34.56], [-58.64, -34.56], [-58.64, -34.56], [-58.64, -34.56], [-58.64, -34.56], [-58.64, -34.56], [-58.64, -34.56], [-58.64, -34.56], [-58.64, -34.56], [-58.64, -34.56], [-58.64, -34.56], [-58.64, -34.56], [-58.64, -34.56], [-58.64, -34.56], [-58.64, -34.56], [-58.64, -34.56], [-58.64, -34.56], [-58.64, -34.56], [-58.64, -34.56], [-58.64, -34.56], [-58.64, -34.56], [-58.64, -34.56], [-58.64, -34.56], [-58.64, -34.56], [-58.64, -34.56], [-58.64, -34.56], [-58.64, -34.56], [-58.64, -34.56], [-58.64, -34.56], [-58.64, -34.56], [-58.64, -34.56], [-58.64, -34.56], [-58.64, -34.56], [-58.64, -34.56], [-58.64, -34.56], [-58.64, -34.56], [-58.64, -34.56], [-58.64, -34.56], [-58.64, -34.56], [-58.64, -34.56], [-58.64, -34.56], [-58.64, -34.56], [-58.64, -34.56], [-58.64, -34.56], [-58.64, -34.56], [-58.64, -34.56], [-58.64, -34.56], [-58.64, -34.56], [-58.64, -34.56], [-58.64, -34.56], [-58.64, -34.56], [-58.64, -34.56], [-58.64, -34.56], [-58.64, -34.56], [-58.64, -34.56], [-58.64, -34.56], [-58.64, -34.56], [-58.64, -34.56], [-58.64, -34.56], [-58.64, -34.56], [-58.64, -34.56], [-58.64, -34.56], [-58.64, -34.56], [-58.64, -34.56], [-58.64, -34.56], [-58.64, -34.56], [-58.64, -34.56], [-58.64, -34.56], [-58.64, -34.56], [-58.64, -34.56], [-58.64, -34.56], [-58.64, -34.56], [-58.64, -34.56], [-58.64, -34.56], [-58.64, -34.56], [-58.64, -34.56], [-58.64, -34.56], [-58.64, -34.56], [-58.64, -34.56], [-58.64, -34.56], [-58.64, -34.56], [-58.64, -34.56], [-58.64, -34.56], [-58.64, -34.56], [-58.64, -34.56], [-58.64, -34.56], [-58.64, -34.56], [-58.64, -34.56], [-58.64, -34.56], [-58.64, -34.56], [-58.64, -34.56], [-58.64, -34.56], [-58.64, -34.56], [-58.64, -34.56], [-58.64, -34.56], [-58.64, -34.56], [-58.64, -34.56], [-58.64, -34.56], [-58.64, -34.56], [-58.64, -34.56], [-58.64, -34.56], [-58.64, -34.56], [-58.64, -34.56], [-58.64, -34.56], [-58.64, -34.56], [-58.64, -34.56], [-58.64, -34.56], [-58.64, -34.56], [-58.64, -34.56], [-58.64, -34.56], [-58.64, -34.56], [-58.64, -34.56], [-58.64, -34.56], [-58.64, -34.56], [-58.64, -34.56], [-58.64, -34.56], [-58.64, -34.56], [-58.64, -34.56], [-58.64, -34.56], [-58.64, -34.56], [-58.64, -34.56], [-58.64, -34.56], [-58.64, -34.56], [-58.64, -34.56], [-58.64, -34.56], [-58.64, -34.56], [-58.64, -34.56], [-58.64, -34.56], [-58.64, -34.56], [-58.64, -34.56], [-58.64, -34.56], [-58.64, -34.56], [-58.64, -34.56], [-58.64, -34.56], [-58.64, -34.56], [-58.64, -34.56], [-58.64, -34.56], [-58.64, -34.56], [-58.64, -34.56], [-58.64, -34.56], [-58.64, -34.56], [-58.64, -34.56], [-58.64, -34.56], [-58.64, -34.56], [-58.64, -34.56], [-58.64, -34.56], [-58.64, -34.56], [-58.64, -34.56], [-58.64, -34.56], [-58.64, -34.56], [-58.64, -34.56], [-58.64, -34.56], [-58.64, -34.56], [-58.64, -34.56], [-58.64, -34.56], [-58.64, -34.56], [-58.64, -34.56], [-58.64, -34.56], [-58.64, -34.56], [-58.64, -34.56], [-58.64, -34.56], [-58.64, -34.56], [-58.64, -34.56], [-58.64, -34.56], [-58.64, -34.56], [-58.64, -34.56], [-58.64, -34.56], [-58.64, -34.56], [-58.64, -34.56], [-58.64, -34.56], [-58.64, -34.56], [-58.64, -34.56], [-58.64, -34.56], [-58.64, -34.56], [-58.64, -34.56], [-58.64, -34.56], [-58.64, -34.56], [-58.64, -34.56], [-58.64, -34.56], [-58.64, -34.56], [-58.64, -34.56], [-58.64, -34.56], [-58.64, -34.56], [-58.64, -34.56], [-58.64, -34.56], [-58.64, -34.56], [-58.64, -34.56], [-58.64, -34.56], [-58.64, -34.56], [-58.64, -34.56], [-58.64, -34.56], [-58.64, -34.56], [-58.64, -34.56], [-58.64, -34.56], [-58.64, -34.56], [-58.64, -34.56], [-58.64, -34.56], [-58.64, -34.56], [-58.64, -34.56], [-58.64, -34.56], [-58.64, -34.56], [-58.64, -34.56], [-58.64, -34.56], [-58.64, -34.56], [-58.64, -34.56], [-58.64, -34.56], [-58.64, -34.56], [-58.64, -34.56], [-58.64, -34.56], [-58.64, -34.56], [-58.64, -34.56], [-58.64, -34.56], [-58.64, -34.56], [-58.64, -34.56], [-58.64, -34.56], [-58.64, -34.56], [-58.64, -34.56], [-58.64, -34.56], [-58.64, -34.55], [-58.64, -34.55], [-58.64, -34.55], [-58.64, -34.55], [-58.64, -34.55], [-58.64, -34.55], [-58.64, -34.55], [-58.64, -34.55], [-58.64, -34.55], [-58.64, -34.55], [-58.64, -34.55], [-58.64, -34.55], [-58.64, -34.55], [-58.64, -34.55], [-58.64, -34.55], [-58.64, -34.55], [-58.64, -34.55], [-58.64, -34.55], [-58.64, -34.55], [-58.64, -34.55], [-58.64, -34.55], [-58.64, -34.55], [-58.64, -34.55], [-58.64, -34.55], [-58.64, -34.55], [-58.64, -34.55], [-58.64, -34.55], [-58.64, -34.55], [-58.64, -34.55], [-58.64, -34.55], [-58.64, -34.55], [-58.64, -34.55], [-58.64, -34.55], [-58.64, -34.55], [-58.64, -34.55], [-58.64, -34.55], [-58.64, -34.55], [-58.64, -34.55], [-58.64, -34.55], [-58.64, -34.55], [-58.64, -34.55], [-58.64, -34.55], [-58.64, -34.55], [-58.64, -34.55], [-58.64, -34.55], [-58.64, -34.55], [-58.64, -34.55], [-58.64, -34.55], [-58.64, -34.55], [-58.64, -34.55], [-58.64, -34.55], [-58.64, -34.55], [-58.64, -34.55], [-58.64, -34.55], [-58.64, -34.55], [-58.64, -34.55], [-58.64, -34.55], [-58.64, -34.55], [-58.64, -34.55], [-58.64, -34.55], [-58.64, -34.55], [-58.64, -34.55], [-58.64, -34.55], [-58.64, -34.55], [-58.64, -34.55], [-58.64, -34.55], [-58.64, -34.55], [-58.64, -34.55], [-58.64, -34.55], [-58.64, -34.55], [-58.64, -34.55], [-58.64, -34.55], [-58.64, -34.55], [-58.64, -34.55], [-58.64, -34.55], [-58.64, -34.55], [-58.64, -34.55], [-58.64, -34.55], [-58.64, -34.55], [-58.64, -34.55], [-58.64, -34.55], [-58.64, -34.55], [-58.64, -34.55], [-58.64, -34.55], [-58.64, -34.55], [-58.64, -34.55], [-58.64, -34.55], [-58.64, -34.55], [-58.64, -34.55], [-58.64, -34.55], [-58.64, -34.55], [-58.64, -34.55], [-58.64, -34.55], [-58.64, -34.55], [-58.64, -34.55], [-58.64, -34.55], [-58.64, -34.55], [-58.64, -34.55], [-58.64, -34.55], [-58.64, -34.55], [-58.64, -34.55], [-58.64, -34.55], [-58.64, -34.55], [-58.64, -34.55], [-58.64, -34.55], [-58.64, -34.55], [-58.64, -34.55], [-58.64, -34.55], [-58.64, -34.55], [-58.64, -34.55], [-58.64, -34.55], [-58.64, -34.55], [-58.64, -34.55], [-58.64, -34.55], [-58.64, -34.55], [-58.64, -34.55], [-58.64, -34.55], [-58.64, -34.55], [-58.64, -34.55], [-58.64, -34.55], [-58.64, -34.55], [-58.64, -34.55], [-58.64, -34.55], [-58.64, -34.55], [-58.64, -34.55], [-58.64, -34.55], [-58.64, -34.55], [-58.64, -34.55], [-58.64, -34.55], [-58.64, -34.55], [-58.64, -34.55], [-58.64, -34.55], [-58.64, -34.55], [-58.64, -34.55], [-58.64, -34.55], [-58.64, -34.55], [-58.64, -34.55], [-58.64, -34.55], [-58.64, -34.55], [-58.64, -34.55], [-58.64, -34.55], [-58.64, -34.55], [-58.64, -34.55], [-58.64, -34.55], [-58.64, -34.55], [-58.64, -34.55], [-58.64, -34.55], [-58.64, -34.55], [-58.64, -34.55], [-58.64, -34.55], [-58.64, -34.55], [-58.64, -34.55], [-58.64, -34.55], [-58.64, -34.55], [-58.64, -34.55], [-58.64, -34.55], [-58.64, -34.55], [-58.64, -34.55], [-58.64, -34.55], [-58.64, -34.55], [-58.64, -34.55], [-58.64, -34.55], [-58.64, -34.55], [-58.64, -34.55], [-58.64, -34.55], [-58.64, -34.55], [-58.64, -34.55], [-58.64, -34.55], [-58.64, -34.55], [-58.64, -34.55], [-58.64, -34.55], [-58.64, -34.55], [-58.64, -34.55], [-58.64, -34.55], [-58.63, -34.55], [-58.63, -34.55], [-58.63, -34.55], [-58.63, -34.55], [-58.63, -34.55], [-58.63, -34.55], [-58.63, -34.55], [-58.63, -34.55], [-58.63, -34.55], [-58.63, -34.55], [-58.63, -34.55], [-58.63, -34.55], [-58.63, -34.55], [-58.63, -34.55], [-58.63, -34.55], [-58.63, -34.55], [-58.63, -34.55], [-58.63, -34.55], [-58.63, -34.55], [-58.63, -34.55], [-58.63, -34.55], [-58.63, -34.55], [-58.63, -34.55], [-58.63, -34.55], [-58.63, -34.55], [-58.63, -34.55], [-58.63, -34.55], [-58.63, -34.55], [-58.63, -34.55], [-58.63, -34.55], [-58.63, -34.55], [-58.63, -34.55], [-58.63, -34.55], [-58.63, -34.55], [-58.63, -34.55], [-58.63, -34.55], [-58.63, -34.55], [-58.63, -34.55], [-58.63, -34.55], [-58.63, -34.55], [-58.63, -34.55], [-58.63, -34.55], [-58.63, -34.55], [-58.63, -34.55], [-58.63, -34.55], [-58.63, -34.55], [-58.63, -34.55], [-58.63, -34.55], [-58.63, -34.55], [-58.63, -34.55], [-58.63, -34.55], [-58.63, -34.55], [-58.63, -34.55], [-58.63, -34.55], [-58.63, -34.55], [-58.63, -34.55], [-58.63, -34.55], [-58.63, -34.55], [-58.63, -34.55], [-58.63, -34.55], [-58.63, -34.55], [-58.63, -34.55], [-58.63, -34.55], [-58.63, -34.55], [-58.63, -34.55], [-58.63, -34.55], [-58.63, -34.55], [-58.63, -34.55], [-58.63, -34.55], [-58.63, -34.55], [-58.63, -34.55], [-58.63, -34.55], [-58.63, -34.55], [-58.63, -34.55], [-58.63, -34.55], [-58.63, -34.55], [-58.63, -34.55], [-58.63, -34.55], [-58.63, -34.55], [-58.63, -34.55], [-58.63, -34.55], [-58.63, -34.55], [-58.63, -34.55], [-58.63, -34.55], [-58.63, -34.55], [-58.63, -34.55], [-58.63, -34.55], [-58.63, -34.55], [-58.63, -34.55], [-58.63, -34.55], [-58.63, -34.55], [-58.63, -34.55], [-58.63, -34.55], [-58.63, -34.55], [-58.63, -34.55], [-58.63, -34.55], [-58.63, -34.55], [-58.63, -34.55], [-58.63, -34.55], [-58.63, -34.55], [-58.63, -34.55], [-58.63, -34.55], [-58.63, -34.55], [-58.63, -34.55], [-58.63, -34.55], [-58.63, -34.55], [-58.63, -34.55], [-58.63, -34.55], [-58.63, -34.55], [-58.63, -34.55], [-58.63, -34.55], [-58.63, -34.55], [-58.63, -34.55], [-58.63, -34.55], [-58.63, -34.55], [-58.63, -34.55], [-58.63, -34.55], [-58.63, -34.55], [-58.63, -34.55], [-58.63, -34.55], [-58.63, -34.55], [-58.63, -34.55], [-58.63, -34.55], [-58.63, -34.55], [-58.63, -34.55], [-58.63, -34.55], [-58.63, -34.55], [-58.63, -34.55], [-58.63, -34.55], [-58.63, -34.55], [-58.63, -34.55], [-58.63, -34.55], [-58.63, -34.55], [-58.63, -34.55], [-58.63, -34.55], [-58.63, -34.55], [-58.63, -34.55], [-58.63, -34.55], [-58.63, -34.55], [-58.63, -34.55], [-58.63, -34.55], [-58.63, -34.55], [-58.63, -34.55], [-58.63, -34.55], [-58.63, -34.55], [-58.63, -34.55], [-58.63, -34.55], [-58.63, -34.55], [-58.63, -34.55], [-58.63, -34.55], [-58.63, -34.55], [-58.63, -34.55], [-58.63, -34.55], [-58.63, -34.55], [-58.63, -34.55], [-58.63, -34.55], [-58.63, -34.55], [-58.63, -34.55], [-58.63, -34.55], [-58.63, -34.55], [-58.63, -34.55], [-58.63, -34.55], [-58.63, -34.55], [-58.63, -34.55], [-58.63, -34.55], [-58.63, -34.55], [-58.63, -34.55], [-58.63, -34.55], [-58.63, -34.55], [-58.63, -34.55], [-58.63, -34.55], [-58.63, -34.55], [-58.63, -34.55], [-58.63, -34.55], [-58.63, -34.55], [-58.63, -34.55], [-58.63, -34.55], [-58.63, -34.55], [-58.63, -34.55], [-58.63, -34.55], [-58.63, -34.55], [-58.63, -34.55], [-58.63, -34.55], [-58.63, -34.55], [-58.63, -34.55], [-58.63, -34.55], [-58.63, -34.55], [-58.63, -34.55], [-58.63, -34.55], [-58.63, -34.55], [-58.63, -34.55], [-58.63, -34.55], [-58.63, -34.55], [-58.63, -34.55], [-58.63, -34.55], [-58.63, -34.55], [-58.63, -34.55], [-58.63, -34.55], [-58.63, -34.55], [-58.63, -34.55], [-58.63, -34.55], [-58.63, -34.55], [-58.63, -34.55], [-58.63, -34.55], [-58.63, -34.55], [-58.63, -34.55], [-58.63, -34.55], [-58.63, -34.55], [-58.63, -34.55], [-58.63, -34.55], [-58.63, -34.55], [-58.63, -34.55], [-58.63, -34.55], [-58.63, -34.55], [-58.63, -34.55], [-58.63, -34.55], [-58.63, -34.55], [-58.63, -34.55], [-58.63, -34.55], [-58.63, -34.55], [-58.63, -34.55], [-58.63, -34.55], [-58.63, -34.55], [-58.63, -34.55], [-58.63, -34.55], [-58.63, -34.55], [-58.63, -34.55], [-58.63, -34.55], [-58.63, -34.55], [-58.63, -34.55], [-58.63, -34.55], [-58.63, -34.55], [-58.63, -34.55], [-58.63, -34.55], [-58.63, -34.55], [-58.63, -34.55], [-58.63, -34.55], [-58.63, -34.55], [-58.63, -34.55], [-58.63, -34.55], [-58.63, -34.55], [-58.63, -34.55], [-58.63, -34.55], [-58.63, -34.55], [-58.63, -34.55], [-58.63, -34.55], [-58.63, -34.55], [-58.63, -34.55], [-58.63, -34.55], [-58.63, -34.55], [-58.63, -34.55], [-58.63, -34.55], [-58.63, -34.55], [-58.63, -34.55], [-58.63, -34.55], [-58.63, -34.55], [-58.63, -34.55], [-58.63, -34.55], [-58.63, -34.55], [-58.63, -34.55], [-58.63, -34.55], [-58.63, -34.55], [-58.63, -34.55], [-58.63, -34.55], [-58.63, -34.55], [-58.63, -34.55], [-58.63, -34.55], [-58.63, -34.55], [-58.63, -34.55], [-58.63, -34.55], [-58.63, -34.55], [-58.63, -34.55], [-58.63, -34.55], [-58.63, -34.55], [-58.63, -34.55], [-58.63, -34.55], [-58.63, -34.55], [-58.63, -34.55], [-58.63, -34.55], [-58.63, -34.55], [-58.63, -34.55], [-58.63, -34.55], [-58.63, -34.55], [-58.63, -34.55], [-58.63, -34.55], [-58.63, -34.55], [-58.63, -34.55], [-58.63, -34.55], [-58.63, -34.55], [-58.63, -34.55], [-58.63, -34.55], [-58.63, -34.55], [-58.63, -34.55], [-58.63, -34.55], [-58.63, -34.55], [-58.63, -34.55], [-58.63, -34.55], [-58.63, -34.55], [-58.63, -34.55], [-58.63, -34.55], [-58.63, -34.55], [-58.63, -34.55], [-58.63, -34.55], [-58.63, -34.55], [-58.63, -34.55], [-58.63, -34.55], [-58.63, -34.55], [-58.63, -34.55], [-58.63, -34.55], [-58.63, -34.55], [-58.63, -34.55], [-58.63, -34.55], [-58.63, -34.55], [-58.63, -34.55], [-58.63, -34.55], [-58.63, -34.55], [-58.63, -34.55], [-58.63, -34.55], [-58.63, -34.55], [-58.63, -34.55], [-58.63, -34.55], [-58.63, -34.55], [-58.63, -34.55], [-58.63, -34.55], [-58.63, -34.55], [-58.63, -34.55], [-58.63, -34.55], [-58.63, -34.55], [-58.63, -34.55], [-58.63, -34.55], [-58.63, -34.55], [-58.63, -34.55], [-58.63, -34.55], [-58.63, -34.55], [-58.63, -34.55], [-58.63, -34.55], [-58.63, -34.55], [-58.63, -34.55], [-58.63, -34.55], [-58.63, -34.55], [-58.63, -34.55], [-58.63, -34.55], [-58.63, -34.55], [-58.63, -34.55], [-58.63, -34.55], [-58.63, -34.55], [-58.63, -34.55], [-58.63, -34.55], [-58.63, -34.55], [-58.63, -34.55], [-58.63, -34.55], [-58.63, -34.55], [-58.63, -34.55], [-58.63, -34.55], [-58.63, -34.55], [-58.63, -34.55], [-58.63, -34.55], [-58.63, -34.55], [-58.63, -34.55], [-58.63, -34.55], [-58.63, -34.55], [-58.63, -34.55], [-58.63, -34.55], [-58.63, -34.55], [-58.63, -34.55], [-58.63, -34.55], [-58.63, -34.55], [-58.63, -34.55], [-58.63, -34.55], [-58.63, -34.55], [-58.63, -34.55], [-58.63, -34.55], [-58.63, -34.55], [-58.63, -34.55], [-58.63, -34.55], [-58.63, -34.55], [-58.63, -34.55], [-58.63, -34.55], [-58.63, -34.55], [-58.63, -34.55], [-58.63, -34.55], [-58.63, -34.55], [-58.63, -34.55], [-58.63, -34.55], [-58.63, -34.55], [-58.63, -34.55], [-58.63, -34.55], [-58.63, -34.55], [-58.63, -34.55], [-58.63, -34.55], [-58.63, -34.55], [-58.63, -34.55], [-58.63, -34.55], [-58.63, -34.55], [-58.63, -34.55], [-58.63, -34.55], [-58.63, -34.55], [-58.63, -34.55], [-58.63, -34.55], [-58.63, -34.55], [-58.63, -34.55], [-58.63, -34.55], [-58.63, -34.55], [-58.63, -34.55], [-58.63, -34.55], [-58.63, -34.55], [-58.63, -34.55], [-58.63, -34.55], [-58.63, -34.55], [-58.63, -34.55], [-58.63, -34.55], [-58.63, -34.55], [-58.63, -34.55], [-58.63, -34.55], [-58.63, -34.55], [-58.63, -34.55], [-58.63, -34.55], [-58.63, -34.55], [-58.63, -34.55], [-58.63, -34.55], [-58.63, -34.55], [-58.63, -34.55], [-58.63, -34.55], [-58.63, -34.55], [-58.63, -34.55], [-58.63, -34.55], [-58.63, -34.55], [-58.63, -34.55], [-58.63, -34.55], [-58.63, -34.55], [-58.63, -34.55], [-58.63, -34.55], [-58.63, -34.55], [-58.63, -34.55], [-58.63, -34.55], [-58.63, -34.55], [-58.63, -34.55], [-58.63, -34.55], [-58.63, -34.55], [-58.63, -34.55], [-58.63, -34.55], [-58.63, -34.55], [-58.63, -34.55], [-58.63, -34.55], [-58.63, -34.55], [-58.63, -34.55], [-58.63, -34.55], [-58.63, -34.55], [-58.63, -34.55], [-58.63, -34.55], [-58.63, -34.55], [-58.63, -34.55], [-58.63, -34.55], [-58.63, -34.55], [-58.63, -34.55], [-58.63, -34.55], [-58.63, -34.55], [-58.63, -34.55], [-58.63, -34.55], [-58.63, -34.55], [-58.63, -34.55], [-58.63, -34.55], [-58.63, -34.55], [-58.63, -34.55], [-58.63, -34.55], [-58.63, -34.55], [-58.63, -34.55], [-58.63, -34.55], [-58.63, -34.55], [-58.63, -34.55], [-58.63, -34.55], [-58.63, -34.55], [-58.63, -34.55], [-58.63, -34.55], [-58.63, -34.55], [-58.63, -34.55], [-58.63, -34.55], [-58.63, -34.55], [-58.63, -34.55], [-58.63, -34.55], [-58.63, -34.55], [-58.63, -34.55], [-58.63, -34.55], [-58.63, -34.55], [-58.63, -34.55], [-58.63, -34.55], [-58.63, -34.55], [-58.63, -34.55], [-58.63, -34.55], [-58.63, -34.55], [-58.63, -34.55], [-58.63, -34.55], [-58.63, -34.55], [-58.63, -34.55], [-58.63, -34.55], [-58.63, -34.55], [-58.63, -34.55], [-58.63, -34.55], [-58.63, -34.55], [-58.63, -34.55], [-58.63, -34.55], [-58.63, -34.55], [-58.63, -34.55], [-58.63, -34.55], [-58.63, -34.55], [-58.63, -34.55], [-58.63, -34.55], [-58.63, -34.55], [-58.63, -34.55], [-58.63, -34.55], [-58.63, -34.55], [-58.63, -34.55], [-58.63, -34.55], [-58.63, -34.55], [-58.63, -34.55], [-58.63, -34.55], [-58.63, -34.55], [-58.63, -34.55], [-58.63, -34.55], [-58.63, -34.55], [-58.63, -34.55], [-58.63, -34.55], [-58.63, -34.55], [-58.63, -34.55], [-58.63, -34.55], [-58.63, -34.55], [-58.63, -34.55], [-58.63, -34.55], [-58.63, -34.55], [-58.63, -34.55], [-58.63, -34.55], [-58.63, -34.55], [-58.63, -34.55], [-58.63, -34.55], [-58.63, -34.55], [-58.63, -34.55], [-58.63, -34.55], [-58.63, -34.55], [-58.63, -34.55], [-58.63, -34.55], [-58.63, -34.55], [-58.63, -34.55], [-58.63, -34.55], [-58.63, -34.55], [-58.63, -34.55], [-58.63, -34.55], [-58.63, -34.55], [-58.63, -34.55], [-58.63, -34.55], [-58.63, -34.55], [-58.63, -34.55], [-58.63, -34.55], [-58.63, -34.55], [-58.63, -34.55], [-58.63, -34.55], [-58.63, -34.55], [-58.63, -34.55], [-58.63, -34.55], [-58.63, -34.55], [-58.63, -34.55], [-58.63, -34.55], [-58.63, -34.55], [-58.63, -34.55], [-58.63, -34.55], [-58.63, -34.55], [-58.63, -34.55], [-58.63, -34.55], [-58.63, -34.55], [-58.63, -34.55], [-58.63, -34.55], [-58.63, -34.55], [-58.63, -34.55], [-58.63, -34.55], [-58.63, -34.55], [-58.63, -34.55], [-58.63, -34.55], [-58.63, -34.55], [-58.63, -34.55], [-58.63, -34.55], [-58.63, -34.55], [-58.63, -34.55], [-58.63, -34.55], [-58.63, -34.55], [-58.63, -34.55], [-58.63, -34.55], [-58.63, -34.55], [-58.63, -34.55], [-58.63, -34.55], [-58.63, -34.55], [-58.63, -34.55], [-58.63, -34.55], [-58.63, -34.55], [-58.63, -34.55], [-58.63, -34.55], [-58.63, -34.55], [-58.63, -34.55], [-58.63, -34.55], [-58.63, -34.55], [-58.63, -34.55], [-58.63, -34.55], [-58.63, -34.55], [-58.63, -34.55], [-58.63, -34.55], [-58.63, -34.55], [-58.63, -34.55], [-58.63, -34.55], [-58.63, -34.55], [-58.63, -34.55], [-58.63, -34.55], [-58.63, -34.55], [-58.63, -34.55], [-58.63, -34.55], [-58.63, -34.55], [-58.63, -34.55], [-58.63, -34.55], [-58.63, -34.55], [-58.63, -34.55], [-58.63, -34.55], [-58.63, -34.55], [-58.63, -34.55], [-58.63, -34.55], [-58.63, -34.55], [-58.63, -34.55], [-58.63, -34.55], [-58.63, -34.55], [-58.63, -34.55], [-58.63, -34.55], [-58.63, -34.55], [-58.63, -34.55], [-58.63, -34.55], [-58.63, -34.55], [-58.63, -34.55], [-58.63, -34.55], [-58.63, -34.55], [-58.63, -34.55], [-58.63, -34.55], [-58.63, -34.55], [-58.63, -34.55], [-58.63, -34.55], [-58.63, -34.55], [-58.63, -34.55], [-58.63, -34.55], [-58.63, -34.55], [-58.63, -34.55], [-58.63, -34.55], [-58.63, -34.55], [-58.63, -34.55], [-58.63, -34.55], [-58.63, -34.55], [-58.63, -34.55], [-58.63, -34.55], [-58.63, -34.55], [-58.63, -34.55], [-58.63, -34.55], [-58.63, -34.55], [-58.63, -34.55], [-58.63, -34.55], [-58.63, -34.55], [-58.63, -34.55], [-58.63, -34.55], [-58.63, -34.55], [-58.63, -34.55], [-58.63, -34.55], [-58.63, -34.55], [-58.63, -34.55], [-58.63, -34.55], [-58.63, -34.55], [-58.63, -34.55], [-58.63, -34.55], [-58.63, -34.55], [-58.63, -34.55], [-58.63, -34.55], [-58.63, -34.55], [-58.63, -34.55], [-58.63, -34.55], [-58.63, -34.55], [-58.63, -34.55], [-58.63, -34.55], [-58.63, -34.55], [-58.63, -34.55], [-58.63, -34.55], [-58.63, -34.55], [-58.63, -34.55], [-58.63, -34.55], [-58.63, -34.55], [-58.63, -34.55], [-58.63, -34.55], [-58.63, -34.55], [-58.63, -34.55], [-58.63, -34.55], [-58.63, -34.55], [-58.63, -34.55], [-58.63, -34.55], [-58.63, -34.55], [-58.63, -34.55], [-58.63, -34.55], [-58.63, -34.55], [-58.63, -34.55], [-58.63, -34.55], [-58.63, -34.55], [-58.63, -34.55], [-58.63, -34.55], [-58.63, -34.55], [-58.63, -34.55], [-58.63, -34.55], [-58.63, -34.55], [-58.63, -34.55], [-58.63, -34.55], [-58.63, -34.55], [-58.63, -34.55], [-58.63, -34.55], [-58.63, -34.55], [-58.63, -34.55], [-58.63, -34.55], [-58.63, -34.55], [-58.63, -34.55], [-58.63, -34.55], [-58.63, -34.55], [-58.63, -34.55], [-58.63, -34.55], [-58.63, -34.55], [-58.63, -34.55], [-58.63, -34.55], [-58.63, -34.55], [-58.63, -34.55], [-58.63, -34.55], [-58.63, -34.55], [-58.63, -34.55], [-58.63, -34.55], [-58.63, -34.55], [-58.63, -34.55], [-58.63, -34.55], [-58.63, -34.55], [-58.63, -34.55], [-58.63, -34.55], [-58.63, -34.55], [-58.63, -34.55], [-58.63, -34.55], [-58.63, -34.55], [-58.63, -34.55], [-58.63, -34.55], [-58.63, -34.55], [-58.63, -34.55], [-58.63, -34.55], [-58.63, -34.55], [-58.63, -34.55], [-58.63, -34.55], [-58.63, -34.55], [-58.63, -34.55], [-58.63, -34.55], [-58.63, -34.55], [-58.63, -34.55], [-58.63, -34.55], [-58.63, -34.55], [-58.63, -34.55], [-58.63, -34.55], [-58.63, -34.55], [-58.63, -34.55], [-58.63, -34.55], [-58.63, -34.55], [-58.63, -34.55], [-58.63, -34.55], [-58.63, -34.55], [-58.63, -34.55], [-58.63, -34.55], [-58.63, -34.55], [-58.63, -34.55], [-58.63, -34.55], [-58.63, -34.55], [-58.63, -34.55], [-58.63, -34.55], [-58.63, -34.55], [-58.63, -34.55], [-58.63, -34.55], [-58.63, -34.55], [-58.63, -34.55], [-58.63, -34.55], [-58.63, -34.55], [-58.63, -34.55], [-58.63, -34.55], [-58.63, -34.55], [-58.63, -34.55], [-58.63, -34.55], [-58.63, -34.55], [-58.63, -34.55], [-58.63, -34.55], [-58.63, -34.55], [-58.63, -34.55], [-58.63, -34.55], [-58.63, -34.55], [-58.63, -34.55], [-58.63, -34.55], [-58.63, -34.55], [-58.63, -34.55], [-58.63, -34.55], [-58.63, -34.55], [-58.63, -34.55], [-58.63, -34.55], [-58.63, -34.55], [-58.63, -34.55], [-58.63, -34.55], [-58.63, -34.55], [-58.63, -34.55], [-58.63, -34.55], [-58.63, -34.55], [-58.63, -34.55], [-58.63, -34.55], [-58.63, -34.55], [-58.63, -34.55], [-58.63, -34.55], [-58.63, -34.55], [-58.63, -34.55], [-58.63, -34.55], [-58.63, -34.55], [-58.63, -34.55], [-58.63, -34.55], [-58.63, -34.55], [-58.63, -34.55], [-58.63, -34.55], [-58.63, -34.55], [-58.63, -34.55], [-58.63, -34.55], [-58.63, -34.55], [-58.63, -34.55], [-58.63, -34.55], [-58.63, -34.55], [-58.63, -34.55], [-58.63, -34.55], [-58.63, -34.55], [-58.63, -34.55], [-58.63, -34.55], [-58.63, -34.55], [-58.63, -34.55], [-58.63, -34.55], [-58.63, -34.55], [-58.63, -34.55], [-58.63, -34.55], [-58.63, -34.55], [-58.63, -34.55], [-58.63, -34.55], [-58.63, -34.55], [-58.63, -34.55], [-58.63, -34.55], [-58.63, -34.55], [-58.63, -34.55], [-58.63, -34.55], [-58.63, -34.55], [-58.63, -34.55], [-58.63, -34.55], [-58.63, -34.55], [-58.63, -34.55], [-58.63, -34.55], [-58.63, -34.55], [-58.63, -34.55], [-58.63, -34.55], [-58.63, -34.55], [-58.63, -34.55], [-58.63, -34.55], [-58.63, -34.55], [-58.63, -34.55], [-58.63, -34.55], [-58.63, -34.55], [-58.63, -34.55], [-58.63, -34.55], [-58.63, -34.55], [-58.63, -34.55], [-58.63, -34.55], [-58.63, -34.55], [-58.63, -34.55], [-58.63, -34.55], [-58.63, -34.55], [-58.63, -34.55], [-58.63, -34.55], [-58.63, -34.55], [-58.63, -34.55], [-58.63, -34.55], [-58.63, -34.55], [-58.63, -34.55], [-58.63, -34.55], [-58.63, -34.55], [-58.63, -34.55], [-58.63, -34.55], [-58.63, -34.55], [-58.63, -34.55], [-58.63, -34.55], [-58.63, -34.55], [-58.63, -34.55], [-58.63, -34.55], [-58.63, -34.55], [-58.63, -34.55], [-58.63, -34.55], [-58.63, -34.55], [-58.63, -34.55], [-58.63, -34.55], [-58.63, -34.55], [-58.62, -34.55], [-58.62, -34.55], [-58.62, -34.55], [-58.62, -34.55], [-58.62, -34.55], [-58.62, -34.55], [-58.62, -34.55], [-58.62, -34.55], [-58.62, -34.55], [-58.62, -34.55], [-58.62, -34.55], [-58.62, -34.55], [-58.62, -34.55], [-58.62, -34.55], [-58.62, -34.55], [-58.62, -34.55], [-58.62, -34.55], [-58.62, -34.55], [-58.62, -34.55], [-58.62, -34.55], [-58.62, -34.55], [-58.62, -34.55], [-58.62, -34.55], [-58.62, -34.55], [-58.62, -34.55], [-58.62, -34.55], [-58.62, -34.55], [-58.62, -34.55], [-58.62, -34.55], [-58.62, -34.55], [-58.62, -34.55], [-58.62, -34.55], [-58.62, -34.55], [-58.62, -34.55], [-58.62, -34.55], [-58.62, -34.55], [-58.62, -34.55], [-58.62, -34.55], [-58.62, -34.55], [-58.62, -34.55], [-58.62, -34.55], [-58.62, -34.55], [-58.62, -34.55], [-58.62, -34.55], [-58.62, -34.55], [-58.62, -34.55], [-58.62, -34.55], [-58.62, -34.55], [-58.62, -34.55], [-58.62, -34.55], [-58.62, -34.55], [-58.62, -34.55], [-58.62, -34.55], [-58.62, -34.55], [-58.62, -34.55], [-58.62, -34.55], [-58.62, -34.55], [-58.62, -34.55], [-58.62, -34.55], [-58.62, -34.55], [-58.62, -34.55], [-58.62, -34.55], [-58.62, -34.55], [-58.62, -34.55], [-58.62, -34.55], [-58.62, -34.55], [-58.62, -34.55], [-58.62, -34.55], [-58.62, -34.55], [-58.62, -34.55], [-58.62, -34.55], [-58.62, -34.55], [-58.62, -34.55], [-58.62, -34.55], [-58.62, -34.55], [-58.62, -34.55], [-58.62, -34.55], [-58.62, -34.55], [-58.62, -34.55], [-58.62, -34.55], [-58.62, -34.55], [-58.62, -34.55], [-58.62, -34.55], [-58.62, -34.55], [-58.62, -34.55], [-58.62, -34.55], [-58.62, -34.55], [-58.62, -34.55], [-58.62, -34.55], [-58.62, -34.55], [-58.62, -34.55], [-58.62, -34.55], [-58.62, -34.55], [-58.62, -34.55], [-58.62, -34.55], [-58.62, -34.55], [-58.62, -34.55], [-58.62, -34.55], [-58.62, -34.55], [-58.62, -34.55], [-58.62, -34.55], [-58.62, -34.55], [-58.62, -34.55], [-58.62, -34.55], [-58.62, -34.55], [-58.62, -34.55], [-58.62, -34.55], [-58.62, -34.55], [-58.62, -34.55], [-58.62, -34.55], [-58.62, -34.55], [-58.62, -34.55], [-58.62, -34.55], [-58.62, -34.55], [-58.62, -34.55], [-58.62, -34.55], [-58.62, -34.55], [-58.62, -34.55], [-58.62, -34.55], [-58.62, -34.55], [-58.62, -34.55], [-58.62, -34.55], [-58.62, -34.55], [-58.62, -34.55], [-58.62, -34.55], [-58.62, -34.55], [-58.62, -34.55], [-58.62, -34.55], [-58.62, -34.55], [-58.62, -34.55], [-58.62, -34.55], [-58.62, -34.55], [-58.62, -34.55], [-58.62, -34.55], [-58.62, -34.55], [-58.62, -34.55], [-58.62, -34.55], [-58.62, -34.55], [-58.62, -34.55], [-58.62, -34.55], [-58.62, -34.55], [-58.62, -34.55], [-58.62, -34.55], [-58.62, -34.55], [-58.62, -34.55], [-58.62, -34.55], [-58.62, -34.55], [-58.62, -34.55], [-58.62, -34.55], [-58.62, -34.55], [-58.62, -34.55], [-58.62, -34.55], [-58.62, -34.55], [-58.62, -34.55], [-58.62, -34.55], [-58.62, -34.55], [-58.62, -34.55], [-58.62, -34.55], [-58.62, -34.55], [-58.62, -34.55], [-58.62, -34.55], [-58.62, -34.55], [-58.62, -34.55], [-58.62, -34.55], [-58.62, -34.55], [-58.62, -34.55], [-58.62, -34.55], [-58.62, -34.55], [-58.62, -34.55], [-58.62, -34.55], [-58.62, -34.55], [-58.62, -34.55], [-58.62, -34.55], [-58.62, -34.55], [-58.62, -34.55], [-58.62, -34.55], [-58.62, -34.55], [-58.62, -34.55], [-58.62, -34.55], [-58.62, -34.55], [-58.62, -34.55], [-58.62, -34.55], [-58.62, -34.55], [-58.62, -34.55], [-58.62, -34.55], [-58.62, -34.55], [-58.62, -34.55], [-58.62, -34.55], [-58.62, -34.55], [-58.62, -34.55], [-58.62, -34.55], [-58.62, -34.55], [-58.62, -34.55], [-58.62, -34.55], [-58.62, -34.55], [-58.62, -34.55], [-58.62, -34.55], [-58.62, -34.55], [-58.62, -34.55], [-58.62, -34.55], [-58.62, -34.55]]]}}, {"type": "Feature", "properties": {"cca": "057", "cde": "06805", "fna": "Partido de Tigre", "gna": "Partido", "nam": "Tigre", "sag": "ARBA", "ara3": 152.29, "arl": 304.35}, "geometry": {"type": "Polygon", "coordinates": [[[-58.66, -34.37], [-58.65, -34.38], [-58.65, -34.38], [-58.65, -34.38], [-58.65, -34.38], [-58.65, -34.38], [-58.64, -34.38], [-58.64, -34.38], [-58.64, -34.38], [-58.64, -34.38], [-58.64, -34.38], [-58.64, -34.38], [-58.64, -34.38], [-58.64, -34.38], [-58.63, -34.38], [-58.63, -34.38], [-58.63, -34.39], [-58.63, -34.39], [-58.63, -34.39], [-58.63, -34.39], [-58.62, -34.39], [-58.62, -34.39], [-58.62, -34.39], [-58.62, -34.39], [-58.62, -34.39], [-58.61, -34.39], [-58.61, -34.39], [-58.61, -34.4], [-58.61, -34.4], [-58.61, -34.4], [-58.61, -34.4], [-58.6, -34.4], [-58.6, -34.4], [-58.6, -34.4], [-58.6, -34.4], [-58.6, -34.4], [-58.6, -34.4], [-58.6, -34.4], [-58.6, -34.4], [-58.59, -34.4], [-58.59, -34.41], [-58.59, -34.41], [-58.59, -34.41], [-58.59, -34.41], [-58.59, -34.41], [-58.59, -34.41], [-58.59, -34.41], [-58.59, -34.41], [-58.58, -34.41], [-58.58, -34.41], [-58.58, -34.41], [-58.58, -34.42], [-58.58, -34.42], [-58.57, -34.42], [-58.57, -34.42], [-58.57, -34.42], [-58.56, -34.42], [-58.56, -34.42], [-58.56, -34.42], [-58.56, -34.42], [-58.56, -34.43], [-58.56, -34.43], [-58.56, -34.43], [-58.56, -34.43], [-58.56, -34.43], [-58.56, -34.43], [-58.56, -34.43], [-58.57, -34.43], [-58.57, -34.43], [-58.57, -34.43], [-58.57, -34.43], [-58.57, -34.43], [-58.57, -34.44], [-58.57, -34.44], [-58.57, -34.44], [-58.57, -34.44], [-58.57, -34.44], [-58.57, -34.44], [-58.57, -34.44], [-58.57, -34.44], [-58.57, -34.44], [-58.58, -34.44], [-58.58, -34.44], [-58.58, -34.44], [-58.58, -34.45], [-58.58, -34.45], [-58.59, -34.45], [-58.59, -34.45], [-58.59, -34.45], [-58.6, -34.45], [-58.6, -34.45], [-58.59, -34.45], [-58.59, -34.45], [-58.59, -34.45], [-58.59, -34.45], [-58.59, -34.45], [-58.59, -34.45], [-58.59, -34.45], [-58.59, -34.45], [-58.59, -34.45], [-58.59, -34.45], [-58.59, -34.45], [-58.59, -34.46], [-58.6, -34.46], [-58.6, -34.46], [-58.6, -34.46], [-58.6, -34.46], [-58.6, -34.46], [-58.6, -34.46], [-58.6, -34.46], [-58.6, -34.46], [-58.59, -34.46], [-58.6, -34.46], [-58.59, -34.46], [-58.59, -34.46], [-58.59, -34.46], [-58.59, -34.46], [-58.6, -34.46], [-58.6, -34.46], [-58.6, -34.46], [-58.6, -34.46], [-58.6, -34.46], [-58.6, -34.46], [-58.6, -34.46], [-58.6, -34.46], [-58.6, -34.46], [-58.6, -34.46], [-58.6, -34.46], [-58.6, -34.46], [-58.6, -34.47], [-58.6, -34.47], [-58.6, -34.47], [-58.6, -34.47], [-58.6, -34.47], [-58.6, -34.47], [-58.6, -34.47], [-58.6, -34.47], [-58.6, -34.47], [-58.6, -34.47], [-58.6, -34.47], [-58.6, -34.47], [-58.6, -34.47], [-58.6, -34.47], [-58.6, -34.47], [-58.6, -34.47], [-58.6, -34.47], [-58.6, -34.47], [-58.6, -34.47], [-58.6, -34.47], [-58.6, -34.47], [-58.6, -34.47], [-58.6, -34.47], [-58.6, -34.47], [-58.6, -34.48], [-58.6, -34.48], [-58.6, -34.48], [-58.6, -34.48], [-58.6, -34.48], [-58.6, -34.48], [-58.6, -34.48], [-58.6, -34.48], [-58.6, -34.48], [-58.6, -34.48], [-58.6, -34.48], [-58.6, -34.48], [-58.61, -34.48], [-58.61, -34.48], [-58.61, -34.48], [-58.61, -34.48], [-58.61, -34.48], [-58.61, -34.48], [-58.61, -34.48], [-58.61, -34.48], [-58.6, -34.48], [-58.6, -34.48], [-58.6, -34.48], [-58.6, -34.48], [-58.6, -34.48], [-58.6, -34.48], [-58.6, -34.48], [-58.6, -34.49], [-58.6, -34.49], [-58.6, -34.49], [-58.6, -34.49], [-58.6, -34.49], [-58.6, -34.49], [-58.6, -34.49], [-58.6, -34.49], [-58.6, -34.49], [-58.6, -34.49], [-58.6, -34.49], [-58.6, -34.49], [-58.6, -34.49], [-58.6, -34.49], [-58.6, -34.49], [-58.6, -34.49], [-58.6, -34.49], [-58.6, -34.49], [-58.6, -34.5], [-58.6, -34.5], [-58.6, -34.5], [-58.6, -34.5], [-58.6, -34.5], [-58.6, -34.5], [-58.6, -34.5], [-58.6, -34.5], [-58.6, -34.5], [-58.6, -34.5], [-58.6, -34.5], [-58.6, -34.5], [-58.6, -34.5], [-58.6, -34.5], [-58.6, -34.5], [-58.6, -34.5], [-58.6, -34.5], [-58.6, -34.5], [-58.6, -34.5], [-58.6, -34.5], [-58.6, -34.5], [-58.6, -34.51], [-58.6, -34.51], [-58.6, -34.51], [-58.6, -34.51], [-58.6, -34.51], [-58.6, -34.51], [-58.6, -34.51], [-58.6, -34.51], [-58.6, -34.51], [-58.6, -34.51], [-58.6, -34.51], [-58.6, -34.51], [-58.6, -34.51], [-58.6, -34.51], [-58.6, -34.51], [-58.6, -34.51], [-58.6, -34.51], [-58.6, -34.52], [-58.6, -34.52], [-58.6, -34.52], [-58.6, -34.52], [-58.6, -34.52], [-58.6, -34.52], [-58.6, -34.52], [-58.6, -34.52], [-58.6, -34.52], [-58.6, -34.52], [-58.6, -34.52], [-58.6, -34.52], [-58.6, -34.52], [-58.6, -34.52], [-58.6, -34.52], [-58.6, -34.52], [-58.6, -34.52], [-58.6, -34.53], [-58.6, -34.53], [-58.6, -34.53], [-58.6, -34.53], [-58.6, -34.53], [-58.6, -34.53], [-58.6, -34.53], [-58.61, -34.53], [-58.61, -34.53], [-58.61, -34.53], [-58.61, -34.53], [-58.61, -34.53], [-58.61, -34.53], [-58.61, -34.53], [-58.61, -34.53], [-58.61, -34.53], [-58.62, -34.53], [-58.62, -34.52], [-58.63, -34.51], [-58.64, -34.51], [-58.64, -34.51], [-58.64, -34.51], [-58.64, -34.51], [-58.64, -34.51], [-58.64, -34.5], [-58.65, -34.5], [-58.65, -34.5], [-58.65, -34.5], [-58.65, -34.5], [-58.65, -34.5], [-58.65, -34.5], [-58.65, -34.5], [-58.65, -34.5], [-58.65, -34.5], [-58.65, -34.49], [-58.66, -34.49], [-58.66, -34.49], [-58.66, -34.49], [-58.66, -34.49], [-58.66, -34.49], [-58.66, -34.49], [-58.66, -34.49], [-58.66, -34.49], [-58.66, -34.49], [-58.66, -34.49], [-58.66, -34.49], [-58.67, -34.49], [-58.67, -34.48], [-58.67, -34.48], [-58.67, -34.48], [-58.67, -34.48], [-58.67, -34.48], [-58.67, -34.48], [-58.67, -34.48], [-58.67, -34.48], [-58.67, -34.48], [-58.67, -34.48], [-58.67, -34.48], [-58.67, -34.48], [-58.67, -34.48], [-58.67, -34.48], [-58.68, -34.48], [-58.68, -34.48], [-58.68, -34.48], [-58.68, -34.48], [-58.68, -34.47], [-58.68, -34.47], [-58.68, -34.47], [-58.68, -34.47], [-58.68, -34.47], [-58.68, -34.47], [-58.68, -34.47], [-58.68, -34.47], [-58.68, -34.47], [-58.68, -34.47], [-58.68, -34.47], [-58.68, -34.47], [-58.69, -34.47], [-58.69, -34.47], [-58.69, -34.46], [-58.69, -34.46], [-58.69, -34.46], [-58.69, -34.46], [-58.69, -34.46], [-58.69, -34.46], [-58.69, -34.46], [-58.69, -34.46], [-58.69, -34.46], [-58.69, -34.46], [-58.69, -34.46], [-58.69, -34.46], [-58.69, -34.46], [-58.69, -34.46], [-58.69, -34.45], [-58.69, -34.45], [-58.7, -34.45], [-58.7, -34.45], [-58.7, -34.45], [-58.7, -34.45], [-58.7, -34.45], [-58.7, -34.45], [-58.7, -34.45], [-58.7, -34.45], [-58.7, -34.45], [-58.7, -34.44], [-58.7, -34.44], [-58.7, -34.44], [-58.7, -34.44], [-58.71, -34.44], [-58.71, -34.44], [-58.71, -34.44], [-58.71, -34.43], [-58.71, -34.43], [-58.71, -34.43], [-58.71, -34.43], [-58.72, -34.43], [-58.72, -34.42], [-58.72, -34.42], [-58.73, -34.41], [-58.73, -34.41], [-58.73, -34.41], [-58.73, -34.4], [-58.73, -34.4], [-58.73, -34.4], [-58.72, -34.4], [-58.72, -34.39], [-58.72, -34.39], [-58.72, -34.39], [-58.72, -34.39], [-58.72, -34.39], [-58.72, -34.39], [-58.72, -34.39], [-58.72, -34.39], [-58.72, -34.39], [-58.72, -34.39], [-58.72, -34.39], [-58.72, -34.39], [-58.72, -34.39], [-58.72, -34.39], [-58.72, -34.39], [-58.71, -34.39], [-58.71, -34.39], [-58.71, -34.39], [-58.71, -34.39], [-58.71, -34.39], [-58.71, -34.38], [-58.71, -34.38], [-58.71, -34.37], [-58.71, -34.37], [-58.71, -34.37], [-58.71, -34.37], [-58.72, -34.37], [-58.72, -34.36], [-58.72, -34.36], [-58.72, -34.36], [-58.72, -34.36], [-58.72, -34.36], [-58.72, -34.36], [-58.72, -34.36], [-58.7, -34.35], [-58.7, -34.35], [-58.69, -34.35], [-58.69, -34.35], [-58.69, -34.35], [-58.69, -34.35], [-58.69, -34.35], [-58.69, -34.35], [-58.68, -34.35], [-58.68, -34.36], [-58.68, -34.36], [-58.68, -34.36], [-58.68, -34.36], [-58.67, -34.36], [-58.67, -34.36], [-58.67, -34.36], [-58.67, -34.36], [-58.67, -34.36], [-58.67, -34.36], [-58.67, -34.36], [-58.66, -34.37], [-58.66, -34.37], [-58.66, -34.37], [-58.66, -34.37], [-58.66, -34.37], [-58.66, -34.37], [-58.66, -34.37], [-58.66, -34.37]]]}}, {"type": "Feature", "properties": {"cca": "097", "cde": "06756", "fna": "Partido de San Isidro", "gna": "Partido", "nam": "San Isidro", "sag": "ARBA", "ara3": 54.76, "arl": 51.44}, "geometry": {"type": "Polygon", "coordinates": [[[-58.55, -34.53], [-58.56, -34.53], [-58.56, -34.52], [-58.57, -34.52], [-58.57, -34.52], [-58.58, -34.51], [-58.58, -34.51], [-58.58, -34.5], [-58.59, -34.5], [-58.59, -34.5], [-58.59, -34.5], [-58.59, -34.5], [-58.6, -34.49], [-58.6, -34.49], [-58.6, -34.49], [-58.6, -34.49], [-58.6, -34.49], [-58.6, -34.49], [-58.6, -34.49], [-58.6, -34.49], [-58.59, -34.49], [-58.59, -34.48], [-58.59, -34.48], [-58.58, -34.48], [-58.58, -34.48], [-58.58, -34.48], [-58.58, -34.48], [-58.58, -34.48], [-58.58, -34.48], [-58.58, -34.48], [-58.57, -34.48], [-58.58, -34.48], [-58.57, -34.47], [-58.57, -34.47], [-58.57, -34.47], [-58.56, -34.47], [-58.55, -34.47], [-58.55, -34.46], [-58.55, -34.46], [-58.55, -34.46], [-58.55, -34.46], [-58.54, -34.46], [-58.54, -34.46], [-58.54, -34.46], [-58.53, -34.46], [-58.53, -34.46], [-58.53, -34.46], [-58.53, -34.46], [-58.53, -34.45], [-58.53, -34.45], [-58.53, -34.45], [-58.53, -34.45], [-58.53, -34.45], [-58.52, -34.45], [-58.52, -34.45], [-58.52, -34.45], [-58.52, -34.45], [-58.52, -34.45], [-58.52, -34.45], [-58.52, -34.45], [-58.52, -34.45], [-58.52, -34.44], [-58.51, -34.44], [-58.51, -34.44], [-58.51, -34.45], [-58.5, -34.45], [-58.5, -34.45], [-58.5, -34.45], [-58.5, -34.45], [-58.49, -34.46], [-58.49, -34.46], [-58.49, -34.47], [-58.49, -34.47], [-58.49, -34.47], [-58.48, -34.47], [-58.48, -34.47], [-58.48, -34.48], [-58.48, -34.48], [-58.48, -34.49], [-58.48, -34.49], [-58.48, -34.49], [-58.48, -34.49], [-58.48, -34.49], [-58.48, -34.49], [-58.49, -34.49], [-58.49, -34.49], [-58.5, -34.5], [-58.5, -34.5], [-58.51, -34.5], [-58.51, -34.51], [-58.52, -34.51], [-58.52, -34.51], [-58.52, -34.51], [-58.53, -34.51], [-58.53, -34.51], [-58.53, -34.51], [-58.53, -34.52], [-58.53, -34.52], [-58.53, -34.52], [-58.54, -34.52], [-58.54, -34.52], [-58.54, -34.52], [-58.54, -34.52], [-58.55, -34.52], [-58.55, -34.52], [-58.55, -34.52], [-58.55, -34.53]]]}}, {"type": "Feature", "properties": {"cca": "068", "cde": "06525", "fna": "Partido de Marcos Paz", "gna": "Partido", "nam": "Marcos Paz", "sag": "ARBA", "ara3": 423.83, "arl": 455.12}, "geometry": {"type": "Polygon", "coordinates": [[[-58.86, -34.68], [-58.86, -34.68], [-58.86, -34.68], [-58.86, -34.69], [-58.86, -34.69], [-58.86, -34.69], [-58.86, -34.69], [-58.86, -34.69], [-58.86, -34.69], [-58.86, -34.69], [-58.86, -34.69], [-58.86, -34.69], [-58.86, -34.69], [-58.86, -34.69], [-58.86, -34.69], [-58.86, -34.69], [-58.86, -34.69], [-58.86, -34.69], [-58.86, -34.69], [-58.86, -34.69], [-58.86, -34.69], [-58.86, -34.69], [-58.86, -34.69], [-58.86, -34.69], [-58.86, -34.69], [-58.86, -34.69], [-58.86, -34.69], [-58.86, -34.69], [-58.86, -34.69], [-58.86, -34.69], [-58.86, -34.7], [-58.86, -34.7], [-58.86, -34.7], [-58.86, -34.7], [-58.86, -34.7], [-58.86, -34.7], [-58.86, -34.7], [-58.86, -34.7], [-58.86, -34.7], [-58.86, -34.7], [-58.86, -34.7], [-58.86, -34.7], [-58.85, -34.71], [-58.85, -34.71], [-58.85, -34.71], [-58.84, -34.71], [-58.84, -34.72], [-58.83, -34.72], [-58.83, -34.72], [-58.83, -34.72], [-58.83, -34.72], [-58.83, -34.72], [-58.83, -34.73], [-58.82, -34.73], [-58.82, -34.73], [-58.82, -34.73], [-58.81, -34.73], [-58.81, -34.74], [-58.81, -34.74], [-58.81, -34.74], [-58.81, -34.74], [-58.8, -34.74], [-58.8, -34.74], [-58.8, -34.74], [-58.8, -34.74], [-58.8, -34.74], [-58.8, -34.74], [-58.8, -34.75], [-58.79, -34.75], [-58.79, -34.75], [-58.79, -34.75], [-58.78, -34.75], [-58.78, -34.76], [-58.78, -34.76], [-58.77, -34.76], [-58.77, -34.76], [-58.77, -34.76], [-58.77, -34.76], [-58.76, -34.77], [-58.76, -34.77], [-58.76, -34.77], [-58.75, -34.78], [-58.75, -34.78], [-58.75, -34.78], [-58.75, -34.78], [-58.75, -34.78], [-58.75, -34.78], [-58.75, -34.78], [-58.74, -34.78], [-58.74, -34.78], [-58.74, -34.79], [-58.73, -34.79], [-58.73, -34.79], [-58.73, -34.8], [-58.73, -34.8], [-58.73, -34.8], [-58.72, -34.8], [-58.71, -34.81], [-58.71, -34.81], [-58.71, -34.81], [-58.71, -34.81], [-58.71, -34.81], [-58.71, -34.81], [-58.71, -34.81], [-58.71, -34.81], [-58.71, -34.81], [-58.71, -34.81], [-58.71, -34.81], [-58.71, -34.81], [-58.71, -34.81], [-58.71, -34.81], [-58.71, -34.81], [-58.71, -34.81], [-58.71, -34.81], [-58.71, -34.81], [-58.71, -34.81], [-58.71, -34.81], [-58.71, -34.81], [-58.71, -34.81], [-58.71, -34.81], [-58.71, -34.81], [-58.71, -34.81], [-58.71, -34.81], [-58.71, -34.81], [-58.71, -34.81], [-58.71, -34.81], [-58.71, -34.81], [-58.71, -34.81], [-58.71, -34.81], [-58.71, -34.81], [-58.71, -34.81], [-58.71, -34.81], [-58.71, -34.81], [-58.71, -34.81], [-58.71, -34.81], [-58.71, -34.81], [-58.71, -34.81], [-58.71, -34.81], [-58.71, -34.81], [-58.71, -34.81], [-58.71, -34.81], [-58.71, -34.81], [-58.71, -34.81], [-58.71, -34.81], [-58.71, -34.81], [-58.71, -34.81], [-58.71, -34.81], [-58.71, -34.81], [-58.71, -34.81], [-58.71, -34.81], [-58.71, -34.81], [-58.71, -34.81], [-58.71, -34.81], [-58.71, -34.81], [-58.71, -34.81], [-58.71, -34.81], [-58.71, -34.82], [-58.71, -34.82], [-58.71, -34.82], [-58.71, -34.82], [-58.71, -34.82], [-58.71, -34.82], [-58.71, -34.82], [-58.71, -34.82], [-58.71, -34.82], [-58.71, -34.82], [-58.71, -34.82], [-58.71, -34.82], [-58.71, -34.82], [-58.71, -34.82], [-58.71, -34.82], [-58.71, -34.82], [-58.71, -34.82], [-58.71, -34.82], [-58.71, -34.82], [-58.71, -34.82], [-58.71, -34.82], [-58.71, -34.82], [-58.71, -34.82], [-58.71, -34.82], [-58.71, -34.82], [-58.71, -34.82], [-58.71, -34.82], [-58.71, -34.82], [-58.71, -34.82], [-58.71, -34.82], [-58.71, -34.82], [-58.71, -34.82], [-58.71, -34.82], [-58.71, -34.82], [-58.72, -34.82], [-58.72, -34.82], [-58.72, -34.82], [-58.72, -34.82], [-58.72, -34.82], [-58.72, -34.82], [-58.72, -34.82], [-58.72, -34.82], [-58.72, -34.82], [-58.72, -34.82], [-58.72, -34.82], [-58.72, -34.82], [-58.72, -34.82], [-58.72, -34.82], [-58.72, -34.82], [-58.72, -34.82], [-58.72, -34.82], [-58.72, -34.82], [-58.72, -34.82], [-58.72, -34.82], [-58.72, -34.82], [-58.72, -34.82], [-58.72, -34.82], [-58.72, -34.82], [-58.72, -34.82], [-58.72, -34.82], [-58.72, -34.82], [-58.72, -34.82], [-58.72, -34.82], [-58.72, -34.82], [-58.72, -34.82], [-58.72, -34.82], [-58.72, -34.82], [-58.72, -34.82], [-58.72, -34.82], [-58.72, -34.82], [-58.72, -34.82], [-58.72, -34.82], [-58.72, -34.82], [-58.72, -34.82], [-58.72, -34.82], [-58.72, -34.82], [-58.72, -34.82], [-58.72, -34.82], [-58.72, -34.82], [-58.72, -34.82], [-58.72, -34.82], [-58.72, -34.82], [-58.72, -34.82], [-58.72, -34.82], [-58.72, -34.82], [-58.72, -34.82], [-58.72, -34.82], [-58.72, -34.82], [-58.72, -34.82], [-58.72, -34.82], [-58.72, -34.82], [-58.72, -34.82], [-58.72, -34.82], [-58.72, -34.82], [-58.72, -34.82], [-58.72, -34.82], [-58.72, -34.82], [-58.72, -34.82], [-58.72, -34.82], [-58.72, -34.82], [-58.72, -34.82], [-58.72, -34.82], [-58.72, -34.82], [-58.72, -34.82], [-58.72, -34.82], [-58.72, -34.82], [-58.72, -34.82], [-58.72, -34.82], [-58.72, -34.82], [-58.72, -34.82], [-58.72, -34.82], [-58.72, -34.82], [-58.72, -34.82], [-58.72, -34.82], [-58.72, -34.82], [-58.72, -34.82], [-58.73, -34.82], [-58.73, -34.82], [-58.73, -34.82], [-58.73, -34.82], [-58.73, -34.82], [-58.73, -34.82], [-58.73, -34.82], [-58.73, -34.82], [-58.73, -34.82], [-58.73, -34.82], [-58.73, -34.82], [-58.73, -34.82], [-58.73, -34.82], [-58.73, -34.82], [-58.73, -34.82], [-58.73, -34.82], [-58.73, -34.82], [-58.73, -34.82], [-58.73, -34.82], [-58.73, -34.82], [-58.73, -34.82], [-58.73, -34.82], [-58.73, -34.82], [-58.73, -34.82], [-58.73, -34.82], [-58.73, -34.82], [-58.73, -34.82], [-58.73, -34.82], [-58.73, -34.82], [-58.73, -34.82], [-58.73, -34.82], [-58.73, -34.82], [-58.73, -34.82], [-58.73, -34.82], [-58.73, -34.82], [-58.73, -34.82], [-58.73, -34.82], [-58.73, -34.82], [-58.73, -34.82], [-58.73, -34.82], [-58.73, -34.82], [-58.73, -34.82], [-58.73, -34.82], [-58.73, -34.82], [-58.73, -34.82], [-58.73, -34.82], [-58.73, -34.82], [-58.73, -34.82], [-58.73, -34.82], [-58.73, -34.82], [-58.73, -34.82], [-58.73, -34.82], [-58.73, -34.82], [-58.73, -34.82], [-58.73, -34.82], [-58.73, -34.82], [-58.73, -34.82], [-58.73, -34.82], [-58.73, -34.82], [-58.73, -34.82], [-58.73, -34.82], [-58.73, -34.82], [-58.73, -34.82], [-58.73, -34.82], [-58.73, -34.82], [-58.73, -34.82], [-58.73, -34.82], [-58.73, -34.82], [-58.73, -34.82], [-58.73, -34.82], [-58.73, -34.82], [-58.73, -34.82], [-58.73, -34.82], [-58.73, -34.82], [-58.73, -34.82], [-58.73, -34.82], [-58.73, -34.82], [-58.73, -34.82], [-58.73, -34.82], [-58.73, -34.82], [-58.73, -34.82], [-58.73, -34.82], [-58.73, -34.82], [-58.73, -34.82], [-58.73, -34.82], [-58.73, -34.82], [-58.73, -34.82], [-58.73, -34.82], [-58.73, -34.82], [-58.73, -34.82], [-58.73, -34.82], [-58.73, -34.82], [-58.73, -34.82], [-58.73, -34.82], [-58.73, -34.82], [-58.73, -34.82], [-58.73, -34.82], [-58.73, -34.82], [-58.73, -34.82], [-58.74, -34.82], [-58.74, -34.82], [-58.74, -34.82], [-58.74, -34.82], [-58.74, -34.82], [-58.74, -34.82], [-58.74, -34.82], [-58.74, -34.82], [-58.74, -34.82], [-58.74, -34.82], [-58.74, -34.82], [-58.74, -34.82], [-58.74, -34.82], [-58.74, -34.82], [-58.74, -34.82], [-58.74, -34.82], [-58.74, -34.82], [-58.74, -34.82], [-58.74, -34.82], [-58.74, -34.82], [-58.74, -34.82], [-58.74, -34.82], [-58.74, -34.82], [-58.74, -34.82], [-58.74, -34.82], [-58.74, -34.82], [-58.74, -34.82], [-58.74, -34.82], [-58.74, -34.82], [-58.74, -34.82], [-58.74, -34.82], [-58.74, -34.82], [-58.74, -34.82], [-58.74, -34.82], [-58.74, -34.82], [-58.74, -34.82], [-58.74, -34.82], [-58.74, -34.82], [-58.74, -34.82], [-58.74, -34.82], [-58.74, -34.82], [-58.74, -34.82], [-58.74, -34.82], [-58.74, -34.82], [-58.74, -34.82], [-58.74, -34.82], [-58.74, -34.82], [-58.74, -34.82], [-58.74, -34.82], [-58.74, -34.82], [-58.74, -34.82], [-58.74, -34.82], [-58.74, -34.82], [-58.74, -34.82], [-58.74, -34.82], [-58.74, -34.82], [-58.74, -34.82], [-58.74, -34.82], [-58.74, -34.82], [-58.74, -34.82], [-58.74, -34.82], [-58.74, -34.82], [-58.74, -34.82], [-58.74, -34.83], [-58.74, -34.83], [-58.74, -34.83], [-58.74, -34.83], [-58.74, -34.83], [-58.74, -34.83], [-58.74, -34.83], [-58.74, -34.83], [-58.74, -34.83], [-58.74, -34.83], [-58.74, -34.83], [-58.74, -34.83], [-58.74, -34.83], [-58.74, -34.83], [-58.74, -34.83], [-58.74, -34.83], [-58.74, -34.83], [-58.75, -34.83], [-58.75, -34.83], [-58.75, -34.82], [-58.75, -34.82], [-58.75, -34.82], [-58.75, -34.82], [-58.75, -34.82], [-58.75, -34.82], [-58.75, -34.82], [-58.75, -34.82], [-58.75, -34.82], [-58.75, -34.82], [-58.75, -34.83], [-58.75, -34.83], [-58.75, -34.83], [-58.75, -34.83], [-58.75, -34.83], [-58.75, -34.83], [-58.75, -34.83], [-58.75, -34.83], [-58.75, -34.83], [-58.75, -34.83], [-58.75, -34.83], [-58.75, -34.83], [-58.75, -34.83], [-58.75, -34.83], [-58.75, -34.83], [-58.75, -34.83], [-58.75, -34.83], [-58.75, -34.83], [-58.75, -34.83], [-58.75, -34.83], [-58.75, -34.83], [-58.75, -34.83], [-58.75, -34.83], [-58.75, -34.83], [-58.75, -34.83], [-58.75, -34.83], [-58.75, -34.83], [-58.75, -34.83], [-58.75, -34.83], [-58.75, -34.83], [-58.75, -34.83], [-58.75, -34.83], [-58.75, -34.83], [-58.75, -34.83], [-58.75, -34.83], [-58.75, -34.83], [-58.75, -34.83], [-58.75, -34.83], [-58.75, -34.83], [-58.75, -34.83], [-58.75, -34.83], [-58.75, -34.83], [-58.75, -34.83], [-58.75, -34.83], [-58.75, -34.83], [-58.75, -34.83], [-58.76, -34.83], [-58.76, -34.83], [-58.76, -34.83], [-58.76, -34.83], [-58.76, -34.83], [-58.76, -34.83], [-58.76, -34.83], [-58.76, -34.83], [-58.76, -34.83], [-58.76, -34.83], [-58.76, -34.83], [-58.76, -34.83], [-58.76, -34.83], [-58.76, -34.83], [-58.76, -34.83], [-58.76, -34.83], [-58.76, -34.83], [-58.76, -34.83], [-58.76, -34.83], [-58.76, -34.83], [-58.76, -34.83], [-58.76, -34.83], [-58.76, -34.83], [-58.76, -34.83], [-58.76, -34.83], [-58.76, -34.83], [-58.76, -34.83], [-58.76, -34.83], [-58.76, -34.83], [-58.76, -34.83], [-58.76, -34.83], [-58.76, -34.83], [-58.76, -34.83], [-58.76, -34.83], [-58.76, -34.83], [-58.77, -34.83], [-58.77, -34.83], [-58.77, -34.83], [-58.77, -34.83], [-58.77, -34.83], [-58.77, -34.83], [-58.77, -34.83], [-58.77, -34.83], [-58.77, -34.83], [-58.77, -34.83], [-58.77, -34.83], [-58.77, -34.83], [-58.77, -34.83], [-58.77, -34.83], [-58.77, -34.83], [-58.77, -34.83], [-58.77, -34.83], [-58.77, -34.83], [-58.77, -34.83], [-58.77, -34.83], [-58.77, -34.83], [-58.77, -34.83], [-58.77, -34.83], [-58.77, -34.83], [-58.77, -34.83], [-58.77, -34.83], [-58.77, -34.83], [-58.77, -34.83], [-58.77, -34.83], [-58.77, -34.83], [-58.77, -34.83], [-58.77, -34.83], [-58.77, -34.83], [-58.77, -34.83], [-58.77, -34.83], [-58.77, -34.83], [-58.77, -34.83], [-58.77, -34.83], [-58.77, -34.83], [-58.77, -34.83], [-58.77, -34.83], [-58.77, -34.83], [-58.77, -34.83], [-58.77, -34.83], [-58.77, -34.83], [-58.77, -34.83], [-58.77, -34.83], [-58.77, -34.83], [-58.77, -34.83], [-58.76, -34.84], [-58.76, -34.84], [-58.75, -34.85], [-58.75, -34.85], [-58.75, -34.85], [-58.76, -34.86], [-58.76, -34.86], [-58.76, -34.86], [-58.76, -34.86], [-58.75, -34.87], [-58.75, -34.87], [-58.74, -34.87], [-58.74, -34.88], [-58.74, -34.88], [-58.73, -34.88], [-58.73, -34.88], [-58.72, -34.89], [-58.72, -34.89], [-58.72, -34.89], [-58.72, -34.89], [-58.71, -34.9], [-58.71, -34.9], [-58.71, -34.9], [-58.71, -34.9], [-58.7, -34.91], [-58.7, -34.91], [-58.7, -34.91], [-58.7, -34.91], [-58.69, -34.91], [-58.69, -34.91], [-58.69, -34.91], [-58.69, -34.91], [-58.69, -34.91], [-58.69, -34.91], [-58.7, -34.91], [-58.7, -34.91], [-58.7, -34.91], [-58.7, -34.91], [-58.7, -34.91], [-58.7, -34.91], [-58.7, -34.91], [-58.7, -34.91], [-58.7, -34.91], [-58.7, -34.91], [-58.7, -34.92], [-58.7, -34.92], [-58.7, -34.92], [-58.7, -34.92], [-58.7, -34.92], [-58.7, -34.92], [-58.7, -34.92], [-58.7, -34.92], [-58.71, -34.92], [-58.71, -34.92], [-58.71, -34.92], [-58.71, -34.92], [-58.71, -34.92], [-58.71, -34.92], [-58.71, -34.92], [-58.71, -34.92], [-58.71, -34.92], [-58.71, -34.92], [-58.71, -34.92], [-58.71, -34.92], [-58.71, -34.92], [-58.71, -34.92], [-58.71, -34.92], [-58.71, -34.92], [-58.72, -34.92], [-58.72, -34.92], [-58.72, -34.92], [-58.72, -34.92], [-58.72, -34.92], [-58.72, -34.92], [-58.72, -34.92], [-58.72, -34.92], [-58.72, -34.92], [-58.72, -34.92], [-58.72, -34.92], [-58.72, -34.92], [-58.72, -34.92], [-58.72, -34.92], [-58.72, -34.92], [-58.72, -34.92], [-58.72, -34.92], [-58.72, -34.92], [-58.72, -34.92], [-58.72, -34.92], [-58.72, -34.92], [-58.73, -34.92], [-58.73, -34.92], [-58.73, -34.92], [-58.73, -34.92], [-58.73, -34.92], [-58.73, -34.93], [-58.73, -34.93], [-58.73, -34.93], [-58.73, -34.93], [-58.73, -34.93], [-58.73, -34.93], [-58.73, -34.93], [-58.73, -34.93], [-58.73, -34.93], [-58.73, -34.93], [-58.73, -34.93], [-58.73, -34.93], [-58.73, -34.93], [-58.73, -34.93], [-58.73, -34.93], [-58.73, -34.93], [-58.73, -34.93], [-58.73, -34.93], [-58.73, -34.93], [-58.73, -34.93], [-58.73, -34.93], [-58.73, -34.93], [-58.73, -34.93], [-58.73, -34.93], [-58.73, -34.93], [-58.74, -34.93], [-58.74, -34.93], [-58.74, -34.94], [-58.74, -34.94], [-58.74, -34.94], [-58.74, -34.94], [-58.74, -34.94], [-58.74, -34.94], [-58.74, -34.94], [-58.74, -34.94], [-58.74, -34.94], [-58.74, -34.94], [-58.74, -34.94], [-58.74, -34.94], [-58.74, -34.94], [-58.74, -34.94], [-58.74, -34.94], [-58.74, -34.94], [-58.75, -34.94], [-58.75, -34.94], [-58.75, -34.94], [-58.75, -34.94], [-58.75, -34.94], [-58.75, -34.94], [-58.75, -34.94], [-58.75, -34.94], [-58.75, -34.94], [-58.75, -34.94], [-58.75, -34.94], [-58.75, -34.94], [-58.75, -34.94], [-58.75, -34.94], [-58.75, -34.94], [-58.75, -34.94], [-58.75, -34.94], [-58.75, -34.95], [-58.75, -34.95], [-58.75, -34.95], [-58.75, -34.95], [-58.75, -34.95], [-58.75, -34.95], [-58.75, -34.95], [-58.75, -34.95], [-58.75, -34.95], [-58.75, -34.95], [-58.75, -34.95], [-58.75, -34.95], [-58.75, -34.95], [-58.75, -34.95], [-58.75, -34.95], [-58.75, -34.95], [-58.75, -34.95], [-58.75, -34.95], [-58.76, -34.95], [-58.76, -34.95], [-58.76, -34.95], [-58.76, -34.95], [-58.76, -34.95], [-58.76, -34.95], [-58.76, -34.95], [-58.76, -34.95], [-58.76, -34.95], [-58.76, -34.95], [-58.76, -34.95], [-58.76, -34.95], [-58.76, -34.95], [-58.76, -34.95], [-58.76, -34.95], [-58.76, -34.95], [-58.76, -34.95], [-58.76, -34.95], [-58.76, -34.95], [-58.76, -34.95], [-58.76, -34.95], [-58.76, -34.95], [-58.76, -34.95], [-58.76, -34.95], [-58.76, -34.95], [-58.76, -34.95], [-58.76, -34.96], [-58.76, -34.96], [-58.76, -34.96], [-58.76, -34.96], [-58.76, -34.96], [-58.76, -34.96], [-58.76, -34.96], [-58.76, -34.96], [-58.76, -34.96], [-58.76, -34.96], [-58.76, -34.96], [-58.76, -34.96], [-58.76, -34.96], [-58.76, -34.96], [-58.76, -34.96], [-58.76, -34.96], [-58.76, -34.96], [-58.76, -34.96], [-58.76, -34.96], [-58.77, -34.96], [-58.77, -34.96], [-58.77, -34.96], [-58.77, -34.96], [-58.77, -34.96], [-58.77, -34.96], [-58.77, -34.96], [-58.77, -34.96], [-58.77, -34.96], [-58.77, -34.96], [-58.77, -34.96], [-58.77, -34.96], [-58.77, -34.96], [-58.77, -34.96], [-58.77, -34.96], [-58.77, -34.96], [-58.77, -34.96], [-58.77, -34.96], [-58.77, -34.96], [-58.77, -34.96], [-58.77, -34.96], [-58.77, -34.96], [-58.77, -34.96], [-58.77, -34.96], [-58.77, -34.96], [-58.77, -34.96], [-58.77, -34.96], [-58.77, -34.96], [-58.77, -34.96], [-58.77, -34.96], [-58.77, -34.96], [-58.77, -34.96], [-58.77, -34.96], [-58.77, -34.96], [-58.77, -34.96], [-58.77, -34.96], [-58.77, -34.96], [-58.77, -34.96], [-58.78, -34.96], [-58.78, -34.96], [-58.78, -34.96], [-58.78, -34.96], [-58.78, -34.96], [-58.78, -34.96], [-58.78, -34.96], [-58.78, -34.96], [-58.78, -34.96], [-58.78, -34.96], [-58.78, -34.96], [-58.78, -34.96], [-58.78, -34.96], [-58.78, -34.96], [-58.78, -34.96], [-58.78, -34.96], [-58.78, -34.96], [-58.78, -34.96], [-58.78, -34.96], [-58.78, -34.96], [-58.78, -34.96], [-58.78, -34.96], [-58.78, -34.96], [-58.78, -34.96], [-58.78, -34.96], [-58.78, -34.96], [-58.78, -34.96], [-58.78, -34.96], [-58.78, -34.96], [-58.78, -34.96], [-58.78, -34.96], [-58.78, -34.96], [-58.78, -34.96], [-58.78, -34.96], [-58.78, -34.96], [-58.78, -34.96], [-58.78, -34.96], [-58.78, -34.95], [-58.78, -34.95], [-58.78, -34.95], [-58.78, -34.95], [-58.79, -34.95], [-58.79, -34.95], [-58.79, -34.95], [-58.79, -34.95], [-58.79, -34.95], [-58.79, -34.95], [-58.79, -34.95], [-58.79, -34.95], [-58.79, -34.95], [-58.79, -34.95], [-58.79, -34.95], [-58.79, -34.95], [-58.79, -34.95], [-58.79, -34.95], [-58.79, -34.95], [-58.79, -34.95], [-58.79, -34.95], [-58.79, -34.95], [-58.79, -34.95], [-58.79, -34.96], [-58.79, -34.96], [-58.79, -34.96], [-58.79, -34.96], [-58.79, -34.96], [-58.79, -34.95], [-58.79, -34.95], [-58.8, -34.95], [-58.81, -34.94], [-58.82, -34.94], [-58.82, -34.93], [-58.83, -34.92], [-58.83, -34.92], [-58.84, -34.92], [-58.84, -34.92], [-58.85, -34.91], [-58.85, -34.91], [-58.86, -34.9], [-58.86, -34.9], [-58.85, -34.89], [-58.85, -34.89], [-58.85, -34.89], [-58.86, -34.88], [-58.87, -34.87], [-58.88, -34.87], [-58.89, -34.86], [-58.89, -34.85], [-58.91, -34.84], [-58.92, -34.84], [-58.92, -34.83], [-58.93, -34.83], [-58.93, -34.83], [-58.93, -34.82], [-58.93, -34.82], [-58.94, -34.82], [-58.94, -34.83], [-58.95, -34.83], [-58.95, -34.83], [-58.97, -34.82], [-58.97, -34.81], [-58.99, -34.8], [-59.0, -34.8], [-59.0, -34.79], [-59.0, -34.79], [-59.0, -34.79], [-59.0, -34.79], [-59.01, -34.79], [-59.01, -34.79], [-59.01, -34.78], [-59.01, -34.78], [-59.01, -34.78], [-59.02, -34.78], [-59.02, -34.78], [-59.02, -34.78], [-59.02, -34.77], [-59.02, -34.77], [-59.03, -34.77], [-59.03, -34.77], [-59.03, -34.77], [-59.03, -34.77], [-59.03, -34.77], [-59.03, -34.77], [-59.03, -34.77], [-59.03, -34.76], [-59.03, -34.76], [-59.03, -34.76], [-59.03, -34.76], [-59.03, -34.76], [-59.03, -34.76], [-59.03, -34.76], [-59.03, -34.76], [-59.03, -34.76], [-59.03, -34.76], [-59.03, -34.76], [-59.03, -34.76], [-59.03, -34.76], [-59.03, -34.76], [-59.03, -34.76], [-59.03, -34.76], [-59.03, -34.76], [-59.03, -34.76], [-59.03, -34.76], [-59.03, -34.76], [-59.02, -34.76], [-59.02, -34.76], [-59.02, -34.76], [-59.02, -34.76], [-59.02, -34.76], [-59.02, -34.76], [-59.02, -34.76], [-59.02, -34.76], [-59.02, -34.76], [-59.02, -34.76], [-59.02, -34.76], [-59.02, -34.76], [-59.02, -34.76], [-59.02, -34.76], [-59.02, -34.76], [-59.02, -34.76], [-59.02, -34.76], [-59.02, -34.76], [-59.02, -34.76], [-59.02, -34.76], [-59.02, -34.76], [-59.01, -34.76], [-59.01, -34.76], [-59.01, -34.76], [-59.01, -34.76], [-59.01, -34.76], [-59.01, -34.76], [-59.01, -34.76], [-59.01, -34.76], [-59.01, -34.76], [-59.01, -34.76], [-59.01, -34.76], [-59.01, -34.76], [-59.01, -34.76], [-59.01, -34.76], [-59.01, -34.76], [-59.01, -34.76], [-59.01, -34.76], [-59.01, -34.76], [-59.0, -34.76], [-59.0, -34.76], [-59.0, -34.76], [-59.0, -34.76], [-59.0, -34.76], [-59.0, -34.76], [-59.0, -34.76], [-59.0, -34.76], [-59.0, -34.76], [-59.0, -34.76], [-59.0, -34.76], [-59.0, -34.76], [-59.0, -34.76], [-59.0, -34.76], [-59.0, -34.76], [-59.0, -34.76], [-59.0, -34.76], [-59.0, -34.76], [-59.0, -34.76], [-59.0, -34.76], [-59.0, -34.76], [-58.99, -34.76], [-58.99, -34.76], [-58.99, -34.76], [-58.99, -34.76], [-58.99, -34.76], [-58.99, -34.76], [-58.99, -34.76], [-58.99, -34.76], [-58.99, -34.76], [-58.99, -34.76], [-58.99, -34.75], [-58.99, -34.75], [-58.99, -34.75], [-58.99, -34.75], [-58.99, -34.75], [-58.99, -34.75], [-58.99, -34.75], [-58.99, -34.75], [-58.99, -34.75], [-58.98, -34.75], [-58.98, -34.75], [-58.98, -34.75], [-58.98, -34.75], [-58.98, -34.75], [-58.98, -34.75], [-58.98, -34.75], [-58.98, -34.75], [-58.98, -34.75], [-58.98, -34.75], [-58.98, -34.75], [-58.98, -34.75], [-58.98, -34.75], [-58.98, -34.75], [-58.98, -34.75], [-58.98, -34.75], [-58.98, -34.75], [-58.98, -34.75], [-58.98, -34.75], [-58.98, -34.75], [-58.98, -34.75], [-58.98, -34.75], [-58.98, -34.75], [-58.98, -34.75], [-58.98, -34.75], [-58.98, -34.75], [-58.97, -34.74], [-58.97, -34.74], [-58.97, -34.74], [-58.97, -34.74], [-58.97, -34.74], [-58.97, -34.74], [-58.97, -34.74], [-58.97, -34.74], [-58.97, -34.74], [-58.97, -34.74], [-58.97, -34.74], [-58.97, -34.74], [-58.97, -34.74], [-58.97, -34.74], [-58.97, -34.74], [-58.97, -34.74], [-58.97, -34.74], [-58.97, -34.74], [-58.97, -34.74], [-58.97, -34.74], [-58.97, -34.74], [-58.97, -34.74], [-58.97, -34.74], [-58.97, -34.74], [-58.97, -34.74], [-58.97, -34.74], [-58.97, -34.74], [-58.97, -34.74], [-58.97, -34.74], [-58.97, -34.74], [-58.97, -34.74], [-58.97, -34.74], [-58.97, -34.74], [-58.97, -34.74], [-58.97, -34.74], [-58.97, -34.74], [-58.97, -34.74], [-58.97, -34.74], [-58.97, -34.74], [-58.97, -34.74], [-58.97, -34.74], [-58.97, -34.74], [-58.97, -34.74], [-58.97, -34.74], [-58.97, -34.74], [-58.97, -34.74], [-58.97, -34.74], [-58.97, -34.74], [-58.97, -34.74], [-58.97, -34.74], [-58.97, -34.74], [-58.97, -34.74], [-58.97, -34.74], [-58.97, -34.74], [-58.97, -34.74], [-58.97, -34.74], [-58.97, -34.74], [-58.97, -34.74], [-58.97, -34.74], [-58.97, -34.74], [-58.97, -34.74], [-58.97, -34.74], [-58.97, -34.74], [-58.97, -34.74], [-58.97, -34.74], [-58.97, -34.74], [-58.97, -34.74], [-58.97, -34.74], [-58.97, -34.74], [-58.97, -34.74], [-58.97, -34.74], [-58.97, -34.74], [-58.97, -34.74], [-58.97, -34.74], [-58.97, -34.74], [-58.97, -34.74], [-58.97, -34.74], [-58.97, -34.74], [-58.97, -34.74], [-58.97, -34.74], [-58.97, -34.74], [-58.97, -34.74], [-58.97, -34.74], [-58.97, -34.74], [-58.96, -34.74], [-58.96, -34.74], [-58.96, -34.74], [-58.96, -34.74], [-58.96, -34.74], [-58.96, -34.74], [-58.96, -34.74], [-58.96, -34.73], [-58.96, -34.73], [-58.96, -34.73], [-58.96, -34.73], [-58.96, -34.73], [-58.96, -34.73], [-58.96, -34.73], [-58.96, -34.73], [-58.96, -34.73], [-58.96, -34.73], [-58.96, -34.73], [-58.96, -34.73], [-58.96, -34.73], [-58.96, -34.73], [-58.96, -34.73], [-58.96, -34.73], [-58.96, -34.73], [-58.96, -34.73], [-58.96, -34.73], [-58.96, -34.73], [-58.96, -34.73], [-58.96, -34.73], [-58.96, -34.73], [-58.96, -34.73], [-58.96, -34.73], [-58.96, -34.73], [-58.96, -34.73], [-58.96, -34.73], [-58.96, -34.73], [-58.96, -34.72], [-58.96, -34.72], [-58.96, -34.72], [-58.96, -34.72], [-58.96, -34.72], [-58.96, -34.72], [-58.96, -34.72], [-58.96, -34.72], [-58.95, -34.72], [-58.95, -34.72], [-58.95, -34.72], [-58.95, -34.72], [-58.95, -34.72], [-58.95, -34.72], [-58.95, -34.72], [-58.95, -34.72], [-58.95, -34.72], [-58.95, -34.72], [-58.95, -34.72], [-58.95, -34.72], [-58.95, -34.72], [-58.95, -34.72], [-58.95, -34.72], [-58.95, -34.72], [-58.95, -34.72], [-58.95, -34.72], [-58.95, -34.72], [-58.95, -34.72], [-58.95, -34.72], [-58.95, -34.72], [-58.95, -34.72], [-58.95, -34.72], [-58.95, -34.72], [-58.95, -34.72], [-58.95, -34.72], [-58.95, -34.72], [-58.95, -34.72], [-58.95, -34.72], [-58.95, -34.72], [-58.95, -34.72], [-58.95, -34.72], [-58.95, -34.72], [-58.95, -34.72], [-58.95, -34.72], [-58.95, -34.72], [-58.95, -34.72], [-58.95, -34.72], [-58.95, -34.72], [-58.95, -34.72], [-58.95, -34.72], [-58.95, -34.72], [-58.95, -34.72], [-58.95, -34.72], [-58.95, -34.72], [-58.95, -34.72], [-58.95, -34.72], [-58.95, -34.72], [-58.95, -34.72], [-58.95, -34.72], [-58.95, -34.72], [-58.95, -34.72], [-58.95, -34.72], [-58.95, -34.72], [-58.95, -34.72], [-58.95, -34.72], [-58.95, -34.72], [-58.95, -34.72], [-58.95, -34.72], [-58.95, -34.72], [-58.95, -34.72], [-58.95, -34.72], [-58.95, -34.72], [-58.95, -34.72], [-58.95, -34.72], [-58.95, -34.72], [-58.95, -34.72], [-58.95, -34.72], [-58.95, -34.72], [-58.95, -34.72], [-58.95, -34.72], [-58.95, -34.72], [-58.95, -34.72], [-58.95, -34.72], [-58.95, -34.72], [-58.95, -34.72], [-58.95, -34.72], [-58.95, -34.72], [-58.95, -34.72], [-58.95, -34.72], [-58.95, -34.72], [-58.95, -34.72], [-58.95, -34.72], [-58.95, -34.72], [-58.95, -34.72], [-58.95, -34.72], [-58.95, -34.72], [-58.95, -34.72], [-58.95, -34.72], [-58.95, -34.72], [-58.95, -34.72], [-58.95, -34.72], [-58.95, -34.72], [-58.95, -34.72], [-58.95, -34.72], [-58.95, -34.72], [-58.95, -34.72], [-58.95, -34.72], [-58.95, -34.72], [-58.95, -34.72], [-58.95, -34.72], [-58.95, -34.72], [-58.95, -34.72], [-58.95, -34.72], [-58.95, -34.72], [-58.95, -34.72], [-58.95, -34.72], [-58.95, -34.72], [-58.95, -34.72], [-58.95, -34.72], [-58.95, -34.72], [-58.95, -34.72], [-58.95, -34.72], [-58.95, -34.72], [-58.95, -34.72], [-58.95, -34.72], [-58.95, -34.72], [-58.95, -34.72], [-58.95, -34.72], [-58.95, -34.72], [-58.95, -34.72], [-58.95, -34.72], [-58.95, -34.72], [-58.95, -34.72], [-58.95, -34.72], [-58.95, -34.72], [-58.95, -34.72], [-58.95, -34.72], [-58.95, -34.72], [-58.95, -34.72], [-58.95, -34.72], [-58.95, -34.72], [-58.95, -34.72], [-58.95, -34.72], [-58.95, -34.72], [-58.95, -34.72], [-58.95, -34.72], [-58.95, -34.72], [-58.95, -34.72], [-58.95, -34.72], [-58.95, -34.72], [-58.95, -34.72], [-58.95, -34.72], [-58.95, -34.72], [-58.95, -34.72], [-58.95, -34.72], [-58.95, -34.72], [-58.95, -34.72], [-58.95, -34.72], [-58.95, -34.72], [-58.95, -34.72], [-58.95, -34.72], [-58.95, -34.72], [-58.95, -34.72], [-58.95, -34.72], [-58.95, -34.72], [-58.95, -34.72], [-58.95, -34.72], [-58.95, -34.72], [-58.95, -34.72], [-58.95, -34.72], [-58.95, -34.72], [-58.95, -34.72], [-58.95, -34.72], [-58.95, -34.72], [-58.95, -34.72], [-58.95, -34.72], [-58.95, -34.72], [-58.95, -34.71], [-58.95, -34.71], [-58.95, -34.71], [-58.95, -34.71], [-58.95, -34.71], [-58.95, -34.71], [-58.95, -34.71], [-58.95, -34.71], [-58.95, -34.71], [-58.95, -34.71], [-58.95, -34.71], [-58.95, -34.71], [-58.94, -34.71], [-58.94, -34.71], [-58.94, -34.71], [-58.94, -34.71], [-58.94, -34.71], [-58.94, -34.71], [-58.94, -34.71], [-58.94, -34.71], [-58.94, -34.71], [-58.94, -34.71], [-58.94, -34.71], [-58.94, -34.71], [-58.94, -34.71], [-58.94, -34.71], [-58.94, -34.71], [-58.94, -34.71], [-58.94, -34.71], [-58.94, -34.71], [-58.94, -34.71], [-58.94, -34.71], [-58.94, -34.71], [-58.94, -34.71], [-58.94, -34.71], [-58.94, -34.71], [-58.94, -34.71], [-58.94, -34.71], [-58.94, -34.71], [-58.94, -34.71], [-58.94, -34.71], [-58.94, -34.71], [-58.94, -34.71], [-58.94, -34.71], [-58.94, -34.71], [-58.94, -34.71], [-58.94, -34.71], [-58.94, -34.71], [-58.94, -34.71], [-58.94, -34.71], [-58.94, -34.71], [-58.94, -34.71], [-58.94, -34.71], [-58.94, -34.71], [-58.94, -34.71], [-58.94, -34.71], [-58.94, -34.71], [-58.94, -34.71], [-58.94, -34.71], [-58.94, -34.71], [-58.94, -34.71], [-58.94, -34.71], [-58.94, -34.71], [-58.94, -34.71], [-58.94, -34.71], [-58.94, -34.71], [-58.94, -34.71], [-58.94, -34.71], [-58.94, -34.71], [-58.94, -34.71], [-58.94, -34.71], [-58.94, -34.71], [-58.94, -34.71], [-58.94, -34.71], [-58.94, -34.71], [-58.94, -34.71], [-58.94, -34.71], [-58.94, -34.71], [-58.94, -34.71], [-58.94, -34.71], [-58.94, -34.71], [-58.94, -34.71], [-58.94, -34.71], [-58.94, -34.71], [-58.94, -34.71], [-58.94, -34.71], [-58.94, -34.71], [-58.94, -34.71], [-58.94, -34.71], [-58.94, -34.71], [-58.94, -34.71], [-58.94, -34.71], [-58.94, -34.71], [-58.94, -34.71], [-58.94, -34.71], [-58.94, -34.71], [-58.94, -34.71], [-58.94, -34.71], [-58.94, -34.71], [-58.94, -34.71], [-58.94, -34.71], [-58.94, -34.71], [-58.94, -34.71], [-58.94, -34.71], [-58.94, -34.71], [-58.94, -34.71], [-58.94, -34.71], [-58.94, -34.71], [-58.94, -34.71], [-58.94, -34.71], [-58.94, -34.71], [-58.94, -34.71], [-58.94, -34.71], [-58.94, -34.71], [-58.94, -34.71], [-58.94, -34.71], [-58.94, -34.71], [-58.94, -34.71], [-58.94, -34.71], [-58.94, -34.71], [-58.94, -34.71], [-58.94, -34.71], [-58.94, -34.71], [-58.94, -34.71], [-58.94, -34.71], [-58.94, -34.71], [-58.94, -34.71], [-58.94, -34.71], [-58.94, -34.71], [-58.94, -34.71], [-58.94, -34.71], [-58.94, -34.71], [-58.94, -34.71], [-58.94, -34.71], [-58.94, -34.71], [-58.94, -34.71], [-58.94, -34.71], [-58.94, -34.71], [-58.94, -34.71], [-58.94, -34.71], [-58.94, -34.71], [-58.94, -34.71], [-58.94, -34.71], [-58.94, -34.71], [-58.94, -34.71], [-58.94, -34.71], [-58.94, -34.71], [-58.94, -34.71], [-58.94, -34.71], [-58.94, -34.71], [-58.94, -34.71], [-58.94, -34.71], [-58.94, -34.71], [-58.94, -34.71], [-58.94, -34.71], [-58.94, -34.71], [-58.94, -34.71], [-58.94, -34.71], [-58.94, -34.71], [-58.94, -34.71], [-58.94, -34.71], [-58.94, -34.71], [-58.94, -34.71], [-58.94, -34.7], [-58.94, -34.7], [-58.94, -34.7], [-58.94, -34.7], [-58.94, -34.7], [-58.94, -34.7], [-58.94, -34.7], [-58.94, -34.7], [-58.93, -34.7], [-58.93, -34.7], [-58.93, -34.7], [-58.93, -34.7], [-58.93, -34.7], [-58.93, -34.7], [-58.93, -34.7], [-58.93, -34.7], [-58.93, -34.7], [-58.93, -34.7], [-58.93, -34.7], [-58.93, -34.7], [-58.93, -34.7], [-58.93, -34.7], [-58.93, -34.7], [-58.93, -34.7], [-58.93, -34.7], [-58.93, -34.7], [-58.93, -34.7], [-58.93, -34.7], [-58.93, -34.7], [-58.93, -34.7], [-58.93, -34.7], [-58.93, -34.7], [-58.93, -34.7], [-58.93, -34.7], [-58.93, -34.7], [-58.93, -34.7], [-58.93, -34.7], [-58.93, -34.7], [-58.93, -34.7], [-58.93, -34.7], [-58.92, -34.7], [-58.92, -34.7], [-58.92, -34.7], [-58.92, -34.7], [-58.92, -34.7], [-58.92, -34.7], [-58.92, -34.7], [-58.92, -34.7], [-58.92, -34.7], [-58.92, -34.7], [-58.92, -34.7], [-58.92, -34.7], [-58.92, -34.7], [-58.92, -34.7], [-58.92, -34.7], [-58.92, -34.7], [-58.92, -34.7], [-58.92, -34.7], [-58.92, -34.7], [-58.92, -34.7], [-58.92, -34.7], [-58.92, -34.7], [-58.92, -34.7], [-58.92, -34.7], [-58.92, -34.7], [-58.92, -34.7], [-58.92, -34.7], [-58.92, -34.7], [-58.92, -34.7], [-58.92, -34.7], [-58.91, -34.7], [-58.91, -34.7], [-58.91, -34.7], [-58.91, -34.7], [-58.91, -34.7], [-58.91, -34.7], [-58.91, -34.7], [-58.91, -34.7], [-58.91, -34.7], [-58.91, -34.7], [-58.91, -34.7], [-58.91, -34.7], [-58.91, -34.7], [-58.91, -34.7], [-58.91, -34.7], [-58.91, -34.7], [-58.91, -34.7], [-58.91, -34.7], [-58.91, -34.7], [-58.91, -34.7], [-58.91, -34.7], [-58.91, -34.7], [-58.91, -34.7], [-58.91, -34.7], [-58.91, -34.7], [-58.91, -34.7], [-58.91, -34.7], [-58.91, -34.7], [-58.91, -34.7], [-58.91, -34.7], [-58.91, -34.7], [-58.91, -34.7], [-58.91, -34.7], [-58.91, -34.7], [-58.91, -34.7], [-58.91, -34.7], [-58.91, -34.7], [-58.91, -34.7], [-58.91, -34.7], [-58.91, -34.7], [-58.91, -34.7], [-58.91, -34.7], [-58.91, -34.7], [-58.91, -34.7], [-58.91, -34.7], [-58.91, -34.7], [-58.91, -34.7], [-58.91, -34.7], [-58.91, -34.7], [-58.91, -34.7], [-58.91, -34.7], [-58.91, -34.7], [-58.91, -34.7], [-58.91, -34.7], [-58.91, -34.7], [-58.9, -34.7], [-58.9, -34.7], [-58.9, -34.7], [-58.9, -34.7], [-58.9, -34.7], [-58.9, -34.7], [-58.9, -34.7], [-58.9, -34.7], [-58.9, -34.7], [-58.9, -34.7], [-58.9, -34.7], [-58.9, -34.7], [-58.9, -34.7], [-58.9, -34.7], [-58.9, -34.7], [-58.9, -34.7], [-58.9, -34.7], [-58.9, -34.7], [-58.9, -34.7], [-58.9, -34.7], [-58.9, -34.7], [-58.9, -34.7], [-58.9, -34.7], [-58.9, -34.7], [-58.9, -34.7], [-58.9, -34.7], [-58.9, -34.7], [-58.9, -34.7], [-58.9, -34.7], [-58.9, -34.7], [-58.9, -34.7], [-58.9, -34.7], [-58.89, -34.7], [-58.89, -34.7], [-58.89, -34.7], [-58.89, -34.7], [-58.89, -34.7], [-58.89, -34.7], [-58.89, -34.7], [-58.89, -34.7], [-58.89, -34.7], [-58.89, -34.7], [-58.89, -34.7], [-58.89, -34.7], [-58.89, -34.7], [-58.89, -34.7], [-58.89, -34.7], [-58.89, -34.7], [-58.89, -34.7], [-58.89, -34.7], [-58.89, -34.7], [-58.89, -34.7], [-58.89, -34.7], [-58.89, -34.7], [-58.89, -34.7], [-58.89, -34.7], [-58.88, -34.7], [-58.88, -34.69], [-58.88, -34.69], [-58.88, -34.69], [-58.88, -34.69], [-58.88, -34.69], [-58.88, -34.69], [-58.88, -34.69], [-58.88, -34.69], [-58.88, -34.69], [-58.88, -34.69], [-58.88, -34.69], [-58.88, -34.69], [-58.88, -34.69], [-58.88, -34.69], [-58.88, -34.69], [-58.88, -34.69], [-58.88, -34.69], [-58.88, -34.69], [-58.88, -34.69], [-58.88, -34.69], [-58.87, -34.69], [-58.87, -34.69], [-58.87, -34.69], [-58.87, -34.69], [-58.87, -34.69], [-58.87, -34.69], [-58.87, -34.69], [-58.87, -34.69], [-58.87, -34.69], [-58.87, -34.69], [-58.87, -34.69], [-58.87, -34.69], [-58.87, -34.69], [-58.87, -34.69], [-58.87, -34.69], [-58.87, -34.69], [-58.87, -34.69], [-58.87, -34.69], [-58.87, -34.69], [-58.87, -34.69], [-58.87, -34.69], [-58.87, -34.69], [-58.87, -34.69], [-58.86, -34.68], [-58.86, -34.68]]]}}, {"type": "Feature", "properties": {"cca": "096", "cde": "06749", "fna": "Partido de San Fernando", "gna": "Partido", "nam": "San Fernando", "sag": "ARBA", "ara3": 24.05, "arl": 877.08}, "geometry": {"type": "Polygon", "coordinates": [[[-58.56, -34.42], [-58.55, -34.43], [-58.55, -34.43], [-58.55, -34.43], [-58.55, -34.43], [-58.54, -34.43], [-58.54, -34.43], [-58.54, -34.43], [-58.54, -34.43], [-58.54, -34.43], [-58.54, -34.43], [-58.54, -34.43], [-58.54, -34.43], [-58.54, -34.43], [-58.54, -34.43], [-58.54, -34.44], [-58.54, -34.44], [-58.54, -34.44], [-58.54, -34.44], [-58.53, -34.44], [-58.53, -34.44], [-58.53, -34.44], [-58.53, -34.44], [-58.53, -34.44], [-58.53, -34.44], [-58.53, -34.44], [-58.52, -34.44], [-58.52, -34.44], [-58.52, -34.44], [-58.52, -34.45], [-58.52, -34.45], [-58.52, -34.45], [-58.52, -34.45], [-58.52, -34.45], [-58.52, -34.45], [-58.52, -34.45], [-58.52, -34.45], [-58.52, -34.45], [-58.53, -34.45], [-58.53, -34.45], [-58.53, -34.45], [-58.53, -34.45], [-58.53, -34.45], [-58.53, -34.46], [-58.53, -34.46], [-58.53, -34.46], [-58.54, -34.46], [-58.54, -34.46], [-58.54, -34.46], [-58.55, -34.46], [-58.55, -34.46], [-58.55, -34.46], [-58.55, -34.46], [-58.56, -34.47], [-58.57, -34.47], [-58.57, -34.47], [-58.57, -34.47], [-58.57, -34.47], [-58.57, -34.48], [-58.57, -34.48], [-58.58, -34.48], [-58.58, -34.48], [-58.58, -34.48], [-58.58, -34.48], [-58.58, -34.48], [-58.58, -34.48], [-58.59, -34.48], [-58.59, -34.48], [-58.59, -34.49], [-58.6, -34.49], [-58.6, -34.49], [-58.6, -34.49], [-58.6, -34.49], [-58.6, -34.49], [-58.6, -34.49], [-58.6, -34.49], [-58.6, -34.49], [-58.6, -34.49], [-58.6, -34.48], [-58.6, -34.48], [-58.6, -34.48], [-58.6, -34.48], [-58.6, -34.48], [-58.6, -34.48], [-58.6, -34.48], [-58.61, -34.48], [-58.61, -34.48], [-58.61, -34.48], [-58.61, -34.48], [-58.61, -34.48], [-58.61, -34.48], [-58.61, -34.48], [-58.61, -34.48], [-58.6, -34.48], [-58.6, -34.48], [-58.6, -34.48], [-58.6, -34.48], [-58.6, -34.48], [-58.6, -34.48], [-58.6, -34.48], [-58.6, -34.48], [-58.6, -34.48], [-58.6, -34.48], [-58.6, -34.48], [-58.6, -34.48], [-58.6, -34.48], [-58.6, -34.48], [-58.6, -34.47], [-58.6, -34.47], [-58.6, -34.47], [-58.6, -34.47], [-58.6, -34.47], [-58.6, -34.47], [-58.6, -34.47], [-58.6, -34.47], [-58.6, -34.47], [-58.6, -34.47], [-58.6, -34.47], [-58.6, -34.47], [-58.6, -34.47], [-58.6, -34.47], [-58.6, -34.47], [-58.6, -34.47], [-58.6, -34.47], [-58.6, -34.47], [-58.6, -34.47], [-58.6, -34.47], [-58.6, -34.47], [-58.6, -34.47], [-58.6, -34.47], [-58.6, -34.47], [-58.6, -34.47], [-58.6, -34.47], [-58.6, -34.46], [-58.6, -34.46], [-58.6, -34.46], [-58.6, -34.46], [-58.6, -34.46], [-58.6, -34.46], [-58.6, -34.46], [-58.6, -34.46], [-58.6, -34.46], [-58.6, -34.46], [-58.6, -34.46], [-58.59, -34.46], [-58.59, -34.46], [-58.59, -34.46], [-58.59, -34.46], [-58.59, -34.46], [-58.59, -34.46], [-58.59, -34.46], [-58.59, -34.46], [-58.59, -34.46], [-58.6, -34.46], [-58.6, -34.46], [-58.6, -34.46], [-58.59, -34.46], [-58.59, -34.46], [-58.59, -34.46], [-58.59, -34.46], [-58.59, -34.45], [-58.59, -34.45], [-58.59, -34.45], [-58.59, -34.45], [-58.59, -34.45], [-58.59, -34.45], [-58.59, -34.45], [-58.59, -34.45], [-58.59, -34.45], [-58.59, -34.45], [-58.59, -34.45], [-58.6, -34.45], [-58.58, -34.44], [-58.58, -34.44], [-58.58, -34.44], [-58.58, -34.44], [-58.58, -34.44], [-58.57, -34.44], [-58.57, -34.44], [-58.57, -34.44], [-58.57, -34.44], [-58.57, -34.44], [-58.57, -34.44], [-58.57, -34.44], [-58.57, -34.44], [-58.57, -34.44], [-58.57, -34.44], [-58.57, -34.43], [-58.57, -34.43], [-58.57, -34.43], [-58.57, -34.43], [-58.56, -34.43], [-58.56, -34.43], [-58.56, -34.43], [-58.56, -34.43], [-58.56, -34.43], [-58.56, -34.43], [-58.56, -34.42], [-58.56, -34.42]]]}}, {"type": "Feature", "properties": {"cca": "075", "cde": "06574", "fna": "Partido de Navarro", "gna": "Partido", "nam": "Navarro", "sag": "ARBA", "ara3": 1620.97, "arl": 1617.56}, "geometry": {"type": "Polygon", "coordinates": [[[-59.21, -34.8], [-59.2, -34.81], [-59.19, -34.81], [-59.19, -34.81], [-59.19, -34.81], [-59.19, -34.81], [-59.18, -34.81], [-59.18, -34.81], [-59.18, -34.8], [-59.17, -34.8], [-59.17, -34.8], [-59.16, -34.8], [-59.17, -34.81], [-59.19, -34.83], [-59.2, -34.84], [-59.21, -34.84], [-59.22, -34.85], [-59.22, -34.85], [-59.22, -34.85], [-59.21, -34.86], [-59.2, -34.87], [-59.19, -34.88], [-59.18, -34.88], [-59.17, -34.89], [-59.16, -34.9], [-59.16, -34.9], [-59.15, -34.9], [-59.14, -34.91], [-59.13, -34.92], [-59.13, -34.92], [-59.12, -34.92], [-59.12, -34.92], [-59.12, -34.92], [-59.12, -34.92], [-59.12, -34.93], [-59.12, -34.93], [-59.11, -34.93], [-59.11, -34.93], [-59.11, -34.93], [-59.11, -34.93], [-59.11, -34.93], [-59.1, -34.93], [-59.1, -34.94], [-59.1, -34.94], [-59.1, -34.94], [-59.09, -34.94], [-59.09, -34.94], [-59.09, -34.94], [-59.09, -34.94], [-59.09, -34.95], [-59.09, -34.95], [-59.09, -34.95], [-59.07, -34.96], [-59.08, -34.96], [-59.07, -34.96], [-59.07, -34.96], [-59.09, -34.97], [-59.09, -34.98], [-59.09, -34.98], [-59.1, -34.98], [-59.1, -34.99], [-59.1, -34.99], [-59.12, -35.0], [-59.13, -35.01], [-59.14, -35.02], [-59.14, -35.02], [-59.14, -35.01], [-59.14, -35.01], [-59.15, -35.02], [-59.15, -35.02], [-59.15, -35.02], [-59.16, -35.03], [-59.16, -35.03], [-59.16, -35.03], [-59.17, -35.04], [-59.17, -35.04], [-59.18, -35.05], [-59.18, -35.05], [-59.19, -35.06], [-59.2, -35.06], [-59.2, -35.07], [-59.2, -35.07], [-59.2, -35.07], [-59.21, -35.08], [-59.22, -35.08], [-59.22, -35.09], [-59.23, -35.08], [-59.23, -35.07], [-59.23, -35.07], [-59.24, -35.07], [-59.24, -35.07], [-59.25, -35.06], [-59.25, -35.07], [-59.25, -35.07], [-59.25, -35.07], [-59.25, -35.08], [-59.25, -35.08], [-59.25, -35.08], [-59.25, -35.08], [-59.25, -35.09], [-59.25, -35.1], [-59.25, -35.1], [-59.25, -35.1], [-59.26, -35.1], [-59.26, -35.1], [-59.26, -35.1], [-59.27, -35.11], [-59.27, -35.11], [-59.28, -35.11], [-59.29, -35.12], [-59.29, -35.12], [-59.29, -35.12], [-59.3, -35.12], [-59.3, -35.12], [-59.3, -35.12], [-59.3, -35.12], [-59.3, -35.12], [-59.31, -35.13], [-59.31, -35.13], [-59.32, -35.13], [-59.33, -35.13], [-59.32, -35.14], [-59.32, -35.14], [-59.32, -35.14], [-59.33, -35.14], [-59.33, -35.14], [-59.34, -35.14], [-59.34, -35.14], [-59.34, -35.14], [-59.34, -35.15], [-59.34, -35.15], [-59.34, -35.15], [-59.35, -35.15], [-59.35, -35.15], [-59.35, -35.15], [-59.35, -35.15], [-59.36, -35.16], [-59.36, -35.16], [-59.36, -35.16], [-59.36, -35.16], [-59.36, -35.16], [-59.38, -35.17], [-59.39, -35.17], [-59.39, -35.17], [-59.41, -35.18], [-59.41, -35.18], [-59.41, -35.18], [-59.42, -35.19], [-59.42, -35.19], [-59.43, -35.19], [-59.43, -35.19], [-59.43, -35.19], [-59.44, -35.2], [-59.44, -35.2], [-59.45, -35.2], [-59.45, -35.2], [-59.45, -35.21], [-59.46, -35.21], [-59.46, -35.21], [-59.47, -35.21], [-59.47, -35.21], [-59.49, -35.22], [-59.49, -35.22], [-59.49, -35.22], [-59.5, -35.23], [-59.5, -35.23], [-59.5, -35.23], [-59.5, -35.23], [-59.51, -35.23], [-59.51, -35.23], [-59.51, -35.23], [-59.51, -35.24], [-59.52, -35.24], [-59.52, -35.24], [-59.52, -35.24], [-59.53, -35.24], [-59.53, -35.24], [-59.53, -35.24], [-59.54, -35.25], [-59.54, -35.25], [-59.54, -35.25], [-59.54, -35.25], [-59.55, -35.25], [-59.55, -35.25], [-59.55, -35.25], [-59.55, -35.25], [-59.55, -35.25], [-59.55, -35.25], [-59.55, -35.25], [-59.55, -35.25], [-59.55, -35.25], [-59.55, -35.25], [-59.55, -35.25], [-59.55, -35.25], [-59.55, -35.25], [-59.55, -35.24], [-59.55, -35.24], [-59.55, -35.24], [-59.56, -35.24], [-59.56, -35.24], [-59.55, -35.24], [-59.55, -35.24], [-59.55, -35.24], [-59.55, -35.24], [-59.55, -35.24], [-59.55, -35.24], [-59.55, -35.24], [-59.55, -35.24], [-59.55, -35.23], [-59.55, -35.23], [-59.55, -35.23], [-59.55, -35.23], [-59.54, -35.23], [-59.54, -35.23], [-59.54, -35.23], [-59.54, -35.23], [-59.54, -35.22], [-59.54, -35.22], [-59.54, -35.22], [-59.54, -35.22], [-59.54, -35.22], [-59.54, -35.22], [-59.54, -35.22], [-59.55, -35.22], [-59.55, -35.22], [-59.55, -35.22], [-59.55, -35.22], [-59.55, -35.21], [-59.55, -35.21], [-59.55, -35.21], [-59.55, -35.21], [-59.55, -35.21], [-59.55, -35.21], [-59.54, -35.21], [-59.54, -35.21], [-59.54, -35.21], [-59.54, -35.2], [-59.54, -35.2], [-59.55, -35.2], [-59.55, -35.2], [-59.55, -35.2], [-59.55, -35.2], [-59.55, -35.2], [-59.55, -35.2], [-59.55, -35.2], [-59.55, -35.2], [-59.55, -35.2], [-59.56, -35.2], [-59.56, -35.19], [-59.56, -35.19], [-59.56, -35.19], [-59.56, -35.19], [-59.57, -35.19], [-59.57, -35.19], [-59.57, -35.19], [-59.57, -35.19], [-59.57, -35.19], [-59.57, -35.19], [-59.57, -35.19], [-59.57, -35.18], [-59.57, -35.18], [-59.57, -35.18], [-59.57, -35.18], [-59.57, -35.18], [-59.57, -35.18], [-59.58, -35.18], [-59.58, -35.18], [-59.58, -35.18], [-59.58, -35.18], [-59.58, -35.18], [-59.58, -35.18], [-59.58, -35.18], [-59.58, -35.18], [-59.58, -35.18], [-59.58, -35.18], [-59.58, -35.18], [-59.58, -35.18], [-59.59, -35.19], [-59.59, -35.19], [-59.59, -35.19], [-59.59, -35.19], [-59.59, -35.19], [-59.59, -35.19], [-59.59, -35.19], [-59.59, -35.19], [-59.59, -35.19], [-59.6, -35.19], [-59.6, -35.19], [-59.6, -35.19], [-59.6, -35.19], [-59.6, -35.19], [-59.6, -35.19], [-59.6, -35.19], [-59.6, -35.19], [-59.61, -35.19], [-59.61, -35.19], [-59.61, -35.19], [-59.61, -35.19], [-59.61, -35.19], [-59.61, -35.19], [-59.61, -35.19], [-59.61, -35.2], [-59.61, -35.2], [-59.61, -35.2], [-59.62, -35.2], [-59.62, -35.2], [-59.62, -35.2], [-59.62, -35.2], [-59.62, -35.2], [-59.62, -35.2], [-59.62, -35.2], [-59.63, -35.2], [-59.63, -35.2], [-59.63, -35.2], [-59.63, -35.2], [-59.63, -35.2], [-59.63, -35.2], [-59.63, -35.2], [-59.63, -35.2], [-59.64, -35.2], [-59.64, -35.2], [-59.64, -35.2], [-59.64, -35.2], [-59.64, -35.2], [-59.64, -35.2], [-59.64, -35.2], [-59.64, -35.2], [-59.64, -35.2], [-59.64, -35.2], [-59.64, -35.2], [-59.64, -35.2], [-59.64, -35.2], [-59.64, -35.21], [-59.64, -35.21], [-59.64, -35.21], [-59.64, -35.21], [-59.65, -35.21], [-59.65, -35.21], [-59.65, -35.21], [-59.65, -35.21], [-59.65, -35.21], [-59.65, -35.21], [-59.65, -35.21], [-59.66, -35.21], [-59.66, -35.21], [-59.66, -35.21], [-59.66, -35.21], [-59.66, -35.21], [-59.66, -35.21], [-59.66, -35.21], [-59.67, -35.21], [-59.66, -35.21], [-59.66, -35.22], [-59.66, -35.22], [-59.67, -35.22], [-59.67, -35.22], [-59.67, -35.22], [-59.67, -35.22], [-59.67, -35.22], [-59.67, -35.22], [-59.67, -35.22], [-59.67, -35.22], [-59.67, -35.22], [-59.68, -35.22], [-59.68, -35.22], [-59.68, -35.22], [-59.68, -35.22], [-59.68, -35.22], [-59.68, -35.22], [-59.68, -35.22], [-59.68, -35.22], [-59.69, -35.22], [-59.69, -35.22], [-59.69, -35.22], [-59.69, -35.22], [-59.69, -35.22], [-59.7, -35.21], [-59.7, -35.21], [-59.7, -35.21], [-59.7, -35.21], [-59.7, -35.21], [-59.7, -35.21], [-59.7, -35.21], [-59.7, -35.21], [-59.7, -35.21], [-59.7, -35.22], [-59.7, -35.22], [-59.71, -35.22], [-59.71, -35.22], [-59.71, -35.22], [-59.71, -35.22], [-59.71, -35.22], [-59.71, -35.22], [-59.72, -35.22], [-59.72, -35.22], [-59.72, -35.22], [-59.72, -35.22], [-59.72, -35.22], [-59.72, -35.22], [-59.72, -35.22], [-59.72, -35.22], [-59.72, -35.22], [-59.72, -35.22], [-59.72, -35.22], [-59.72, -35.22], [-59.72, -35.22], [-59.72, -35.22], [-59.73, -35.22], [-59.73, -35.22], [-59.73, -35.22], [-59.73, -35.22], [-59.73, -35.22], [-59.73, -35.21], [-59.73, -35.21], [-59.73, -35.21], [-59.73, -35.21], [-59.74, -35.21], [-59.74, -35.21], [-59.74, -35.21], [-59.74, -35.21], [-59.74, -35.21], [-59.74, -35.21], [-59.74, -35.21], [-59.74, -35.21], [-59.74, -35.21], [-59.74, -35.2], [-59.74, -35.2], [-59.74, -35.2], [-59.74, -35.2], [-59.74, -35.2], [-59.74, -35.2], [-59.75, -35.2], [-59.75, -35.2], [-59.75, -35.2], [-59.75, -35.2], [-59.75, -35.2], [-59.75, -35.2], [-59.75, -35.2], [-59.75, -35.2], [-59.75, -35.2], [-59.75, -35.2], [-59.75, -35.2], [-59.75, -35.2], [-59.75, -35.2], [-59.76, -35.2], [-59.76, -35.2], [-59.76, -35.2], [-59.76, -35.2], [-59.76, -35.2], [-59.76, -35.2], [-59.76, -35.2], [-59.76, -35.2], [-59.76, -35.2], [-59.76, -35.2], [-59.76, -35.2], [-59.76, -35.2], [-59.76, -35.2], [-59.76, -35.19], [-59.76, -35.19], [-59.76, -35.19], [-59.76, -35.19], [-59.76, -35.19], [-59.76, -35.19], [-59.76, -35.19], [-59.76, -35.19], [-59.76, -35.19], [-59.76, -35.19], [-59.76, -35.19], [-59.76, -35.19], [-59.76, -35.18], [-59.76, -35.18], [-59.76, -35.18], [-59.76, -35.18], [-59.77, -35.18], [-59.77, -35.18], [-59.77, -35.18], [-59.77, -35.18], [-59.77, -35.18], [-59.77, -35.18], [-59.77, -35.18], [-59.77, -35.18], [-59.77, -35.18], [-59.77, -35.18], [-59.77, -35.18], [-59.77, -35.18], [-59.77, -35.17], [-59.78, -35.17], [-59.78, -35.17], [-59.78, -35.17], [-59.78, -35.17], [-59.78, -35.17], [-59.78, -35.17], [-59.78, -35.18], [-59.78, -35.18], [-59.78, -35.18], [-59.78, -35.18], [-59.78, -35.18], [-59.78, -35.18], [-59.79, -35.18], [-59.79, -35.18], [-59.79, -35.18], [-59.79, -35.18], [-59.79, -35.18], [-59.79, -35.18], [-59.79, -35.18], [-59.79, -35.18], [-59.79, -35.18], [-59.79, -35.18], [-59.8, -35.18], [-59.8, -35.18], [-59.8, -35.18], [-59.8, -35.18], [-59.8, -35.18], [-59.8, -35.18], [-59.8, -35.18], [-59.8, -35.18], [-59.8, -35.18], [-59.8, -35.18], [-59.8, -35.18], [-59.81, -35.18], [-59.81, -35.18], [-59.81, -35.18], [-59.81, -35.18], [-59.81, -35.18], [-59.81, -35.18], [-59.81, -35.18], [-59.81, -35.18], [-59.81, -35.18], [-59.81, -35.18], [-59.82, -35.18], [-59.82, -35.18], [-59.82, -35.18], [-59.82, -35.18], [-59.82, -35.18], [-59.82, -35.18], [-59.82, -35.18], [-59.82, -35.18], [-59.82, -35.18], [-59.82, -35.18], [-59.81, -35.17], [-59.81, -35.17], [-59.81, -35.16], [-59.81, -35.16], [-59.81, -35.16], [-59.8, -35.16], [-59.8, -35.16], [-59.8, -35.16], [-59.8, -35.15], [-59.79, -35.15], [-59.79, -35.15], [-59.78, -35.14], [-59.78, -35.14], [-59.78, -35.14], [-59.78, -35.14], [-59.78, -35.14], [-59.77, -35.14], [-59.77, -35.13], [-59.77, -35.13], [-59.77, -35.13], [-59.76, -35.13], [-59.76, -35.13], [-59.76, -35.12], [-59.76, -35.12], [-59.76, -35.12], [-59.76, -35.12], [-59.76, -35.12], [-59.75, -35.12], [-59.75, -35.12], [-59.75, -35.12], [-59.75, -35.11], [-59.75, -35.11], [-59.75, -35.11], [-59.75, -35.11], [-59.75, -35.11], [-59.75, -35.11], [-59.74, -35.11], [-59.74, -35.11], [-59.74, -35.11], [-59.74, -35.1], [-59.73, -35.1], [-59.73, -35.1], [-59.73, -35.1], [-59.73, -35.1], [-59.73, -35.1], [-59.73, -35.09], [-59.73, -35.09], [-59.72, -35.09], [-59.72, -35.09], [-59.72, -35.09], [-59.72, -35.09], [-59.72, -35.09], [-59.71, -35.08], [-59.71, -35.08], [-59.71, -35.08], [-59.7, -35.08], [-59.7, -35.07], [-59.7, -35.08], [-59.7, -35.08], [-59.69, -35.06], [-59.68, -35.06], [-59.68, -35.06], [-59.68, -35.06], [-59.68, -35.06], [-59.67, -35.05], [-59.67, -35.05], [-59.67, -35.05], [-59.66, -35.04], [-59.66, -35.04], [-59.66, -35.04], [-59.66, -35.04], [-59.65, -35.04], [-59.65, -35.04], [-59.65, -35.03], [-59.65, -35.03], [-59.65, -35.03], [-59.64, -35.03], [-59.64, -35.03], [-59.64, -35.02], [-59.63, -35.02], [-59.63, -35.02], [-59.63, -35.01], [-59.63, -35.01], [-59.62, -35.01], [-59.62, -35.01], [-59.62, -35.01], [-59.62, -35.01], [-59.61, -35.0], [-59.61, -35.0], [-59.61, -35.0], [-59.61, -34.99], [-59.61, -34.99], [-59.61, -34.99], [-59.61, -34.99], [-59.62, -34.98], [-59.62, -34.98], [-59.62, -34.98], [-59.62, -34.98], [-59.62, -34.97], [-59.62, -34.97], [-59.62, -34.97], [-59.63, -34.97], [-59.63, -34.96], [-59.63, -34.96], [-59.63, -34.96], [-59.63, -34.96], [-59.63, -34.95], [-59.63, -34.95], [-59.62, -34.95], [-59.6, -34.94], [-59.58, -34.93], [-59.57, -34.93], [-59.57, -34.92], [-59.57, -34.92], [-59.54, -34.91], [-59.54, -34.91], [-59.54, -34.91], [-59.52, -34.9], [-59.51, -34.9], [-59.51, -34.89], [-59.5, -34.89], [-59.49, -34.89], [-59.49, -34.88], [-59.49, -34.88], [-59.47, -34.88], [-59.47, -34.87], [-59.46, -34.87], [-59.46, -34.87], [-59.43, -34.86], [-59.43, -34.85], [-59.42, -34.85], [-59.41, -34.84], [-59.4, -34.85], [-59.4, -34.86], [-59.39, -34.86], [-59.39, -34.87], [-59.38, -34.88], [-59.38, -34.88], [-59.37, -34.89], [-59.37, -34.89], [-59.36, -34.88], [-59.35, -34.87], [-59.34, -34.87], [-59.34, -34.86], [-59.34, -34.86], [-59.33, -34.85], [-59.32, -34.85], [-59.32, -34.84], [-59.32, -34.84], [-59.31, -34.83], [-59.31, -34.83], [-59.3, -34.83], [-59.29, -34.82], [-59.28, -34.83], [-59.28, -34.83], [-59.27, -34.83], [-59.27, -34.83], [-59.26, -34.83], [-59.26, -34.82], [-59.25, -34.82], [-59.25, -34.82], [-59.24, -34.82], [-59.23, -34.81], [-59.23, -34.81], [-59.22, -34.8], [-59.21, -34.8], [-59.21, -34.8]]]}}, {"type": "Feature", "properties": {"cca": "071", "cde": "06532", "fna": "Partido de Mercedes", "gna": "Partido", "nam": "Mercedes", "sag": "ARBA", "ara3": 1049.18, "arl": 1049.47}, "geometry": {"type": "Polygon", "coordinates": [[[-59.34, -34.51], [-59.33, -34.52], [-59.32, -34.53], [-59.32, -34.54], [-59.31, -34.55], [-59.3, -34.56], [-59.28, -34.6], [-59.27, -34.6], [-59.27, -34.61], [-59.27, -34.61], [-59.27, -34.61], [-59.27, -34.62], [-59.27, -34.62], [-59.27, -34.62], [-59.26, -34.62], [-59.26, -34.62], [-59.26, -34.62], [-59.27, -34.62], [-59.27, -34.62], [-59.27, -34.62], [-59.27, -34.62], [-59.27, -34.62], [-59.27, -34.62], [-59.27, -34.62], [-59.27, -34.62], [-59.27, -34.62], [-59.27, -34.62], [-59.27, -34.62], [-59.27, -34.62], [-59.27, -34.62], [-59.27, -34.62], [-59.27, -34.62], [-59.27, -34.62], [-59.27, -34.62], [-59.27, -34.62], [-59.27, -34.62], [-59.27, -34.62], [-59.27, -34.62], [-59.27, -34.62], [-59.27, -34.62], [-59.27, -34.62], [-59.27, -34.62], [-59.27, -34.62], [-59.27, -34.62], [-59.27, -34.62], [-59.27, -34.62], [-59.27, -34.62], [-59.27, -34.62], [-59.27, -34.62], [-59.27, -34.62], [-59.27, -34.62], [-59.27, -34.62], [-59.27, -34.62], [-59.27, -34.62], [-59.27, -34.62], [-59.27, -34.62], [-59.27, -34.62], [-59.27, -34.62], [-59.27, -34.62], [-59.27, -34.62], [-59.27, -34.62], [-59.27, -34.62], [-59.27, -34.62], [-59.27, -34.62], [-59.27, -34.62], [-59.27, -34.62], [-59.27, -34.62], [-59.27, -34.62], [-59.27, -34.62], [-59.27, -34.62], [-59.27, -34.62], [-59.27, -34.62], [-59.27, -34.62], [-59.27, -34.62], [-59.27, -34.62], [-59.27, -34.62], [-59.27, -34.62], [-59.27, -34.62], [-59.27, -34.62], [-59.27, -34.62], [-59.28, -34.62], [-59.28, -34.62], [-59.28, -34.62], [-59.28, -34.62], [-59.28, -34.62], [-59.28, -34.62], [-59.28, -34.62], [-59.28, -34.62], [-59.28, -34.62], [-59.28, -34.62], [-59.28, -34.62], [-59.28, -34.62], [-59.28, -34.62], [-59.28, -34.62], [-59.28, -34.62], [-59.28, -34.62], [-59.28, -34.62], [-59.28, -34.62], [-59.28, -34.62], [-59.28, -34.62], [-59.28, -34.62], [-59.28, -34.62], [-59.28, -34.62], [-59.28, -34.62], [-59.28, -34.62], [-59.28, -34.62], [-59.28, -34.62], [-59.28, -34.62], [-59.28, -34.62], [-59.28, -34.62], [-59.28, -34.63], [-59.28, -34.63], [-59.28, -34.63], [-59.27, -34.63], [-59.27, -34.63], [-59.27, -34.64], [-59.27, -34.64], [-59.27, -34.64], [-59.27, -34.64], [-59.27, -34.64], [-59.27, -34.64], [-59.27, -34.65], [-59.26, -34.65], [-59.26, -34.65], [-59.26, -34.66], [-59.26, -34.66], [-59.24, -34.67], [-59.24, -34.67], [-59.24, -34.68], [-59.25, -34.68], [-59.25, -34.68], [-59.26, -34.69], [-59.25, -34.69], [-59.25, -34.7], [-59.24, -34.7], [-59.24, -34.71], [-59.23, -34.71], [-59.23, -34.72], [-59.23, -34.72], [-59.23, -34.72], [-59.22, -34.73], [-59.22, -34.74], [-59.21, -34.74], [-59.21, -34.74], [-59.21, -34.75], [-59.21, -34.75], [-59.21, -34.75], [-59.2, -34.75], [-59.2, -34.75], [-59.2, -34.76], [-59.19, -34.77], [-59.18, -34.78], [-59.17, -34.79], [-59.17, -34.79], [-59.17, -34.8], [-59.18, -34.8], [-59.18, -34.81], [-59.18, -34.81], [-59.19, -34.81], [-59.19, -34.81], [-59.19, -34.81], [-59.19, -34.81], [-59.2, -34.81], [-59.2, -34.8], [-59.21, -34.8], [-59.22, -34.8], [-59.23, -34.81], [-59.23, -34.81], [-59.24, -34.82], [-59.25, -34.82], [-59.25, -34.82], [-59.25, -34.82], [-59.26, -34.83], [-59.27, -34.83], [-59.27, -34.83], [-59.28, -34.83], [-59.28, -34.83], [-59.29, -34.82], [-59.3, -34.83], [-59.31, -34.83], [-59.31, -34.83], [-59.32, -34.84], [-59.32, -34.84], [-59.32, -34.85], [-59.33, -34.85], [-59.33, -34.86], [-59.34, -34.86], [-59.34, -34.87], [-59.35, -34.87], [-59.36, -34.88], [-59.37, -34.89], [-59.37, -34.89], [-59.38, -34.88], [-59.38, -34.88], [-59.39, -34.87], [-59.39, -34.86], [-59.39, -34.86], [-59.4, -34.85], [-59.41, -34.84], [-59.42, -34.85], [-59.43, -34.85], [-59.43, -34.86], [-59.46, -34.87], [-59.46, -34.87], [-59.47, -34.87], [-59.48, -34.86], [-59.48, -34.86], [-59.49, -34.85], [-59.5, -34.85], [-59.5, -34.85], [-59.51, -34.84], [-59.51, -34.84], [-59.51, -34.84], [-59.51, -34.84], [-59.52, -34.83], [-59.52, -34.83], [-59.52, -34.83], [-59.52, -34.83], [-59.52, -34.82], [-59.51, -34.82], [-59.51, -34.82], [-59.5, -34.81], [-59.49, -34.81], [-59.49, -34.8], [-59.49, -34.8], [-59.5, -34.8], [-59.5, -34.79], [-59.51, -34.79], [-59.51, -34.79], [-59.51, -34.79], [-59.52, -34.78], [-59.52, -34.78], [-59.52, -34.78], [-59.53, -34.77], [-59.53, -34.77], [-59.53, -34.77], [-59.53, -34.77], [-59.53, -34.77], [-59.53, -34.76], [-59.53, -34.76], [-59.53, -34.76], [-59.54, -34.75], [-59.54, -34.75], [-59.54, -34.75], [-59.55, -34.74], [-59.55, -34.75], [-59.56, -34.74], [-59.56, -34.74], [-59.56, -34.74], [-59.56, -34.74], [-59.57, -34.74], [-59.57, -34.73], [-59.57, -34.73], [-59.57, -34.73], [-59.57, -34.73], [-59.58, -34.72], [-59.59, -34.72], [-59.59, -34.72], [-59.59, -34.72], [-59.59, -34.72], [-59.59, -34.72], [-59.59, -34.72], [-59.59, -34.72], [-59.59, -34.72], [-59.59, -34.72], [-59.59, -34.72], [-59.59, -34.72], [-59.61, -34.71], [-59.61, -34.71], [-59.61, -34.7], [-59.62, -34.7], [-59.62, -34.7], [-59.63, -34.69], [-59.63, -34.69], [-59.64, -34.69], [-59.64, -34.68], [-59.65, -34.68], [-59.65, -34.67], [-59.65, -34.67], [-59.66, -34.66], [-59.67, -34.66], [-59.67, -34.66], [-59.68, -34.65], [-59.68, -34.65], [-59.69, -34.64], [-59.7, -34.63], [-59.71, -34.62], [-59.72, -34.62], [-59.71, -34.62], [-59.71, -34.62], [-59.71, -34.61], [-59.7, -34.61], [-59.69, -34.6], [-59.69, -34.6], [-59.69, -34.59], [-59.68, -34.59], [-59.68, -34.59], [-59.67, -34.58], [-59.66, -34.59], [-59.66, -34.59], [-59.64, -34.61], [-59.64, -34.61], [-59.63, -34.62], [-59.63, -34.62], [-59.63, -34.61], [-59.63, -34.61], [-59.63, -34.61], [-59.63, -34.61], [-59.63, -34.61], [-59.63, -34.61], [-59.62, -34.61], [-59.61, -34.6], [-59.61, -34.6], [-59.61, -34.6], [-59.6, -34.59], [-59.6, -34.59], [-59.6, -34.59], [-59.6, -34.59], [-59.59, -34.58], [-59.59, -34.58], [-59.58, -34.57], [-59.57, -34.56], [-59.52, -34.6], [-59.51, -34.59], [-59.51, -34.59], [-59.51, -34.59], [-59.51, -34.58], [-59.5, -34.58], [-59.5, -34.58], [-59.5, -34.58], [-59.5, -34.58], [-59.5, -34.58], [-59.5, -34.58], [-59.48, -34.57], [-59.48, -34.57], [-59.48, -34.57], [-59.48, -34.58], [-59.47, -34.58], [-59.46, -34.57], [-59.46, -34.57], [-59.45, -34.56], [-59.44, -34.56], [-59.44, -34.56], [-59.44, -34.56], [-59.43, -34.56], [-59.43, -34.55], [-59.43, -34.55], [-59.43, -34.55], [-59.43, -34.55], [-59.42, -34.55], [-59.42, -34.55], [-59.42, -34.55], [-59.41, -34.55], [-59.41, -34.55], [-59.41, -34.55], [-59.41, -34.55], [-59.41, -34.55], [-59.41, -34.55], [-59.41, -34.55], [-59.41, -34.55], [-59.41, -34.55], [-59.41, -34.55], [-59.41, -34.55], [-59.41, -34.55], [-59.41, -34.54], [-59.41, -34.54], [-59.41, -34.54], [-59.41, -34.54], [-59.41, -34.54], [-59.4, -34.54], [-59.4, -34.54], [-59.4, -34.54], [-59.4, -34.54], [-59.4, -34.54], [-59.4, -34.54], [-59.4, -34.54], [-59.39, -34.54], [-59.39, -34.54], [-59.39, -34.54], [-59.39, -34.53], [-59.39, -34.53], [-59.39, -34.53], [-59.38, -34.53], [-59.38, -34.53], [-59.38, -34.53], [-59.38, -34.53], [-59.38, -34.53], [-59.37, -34.53], [-59.37, -34.52], [-59.36, -34.52], [-59.36, -34.52], [-59.35, -34.51], [-59.34, -34.51]]]}}, {"type": "Feature", "properties": {"cca": "132", "cde": "06412", "fna": "Partido de Jos\u00e9 C. Paz", "gna": "Partido", "nam": "Jos\u00e9 C. Paz", "sag": "ARBA", "ara3": 50.01, "arl": 50.16}, "geometry": {"type": "Polygon", "coordinates": [[[-58.81, -34.48], [-58.81, -34.48], [-58.81, -34.48], [-58.81, -34.48], [-58.81, -34.48], [-58.81, -34.48], [-58.81, -34.48], [-58.81, -34.48], [-58.81, -34.48], [-58.81, -34.48], [-58.81, -34.48], [-58.81, -34.48], [-58.81, -34.48], [-58.81, -34.48], [-58.81, -34.48], [-58.81, -34.48], [-58.81, -34.48], [-58.81, -34.48], [-58.81, -34.48], [-58.81, -34.48], [-58.81, -34.48], [-58.81, -34.48], [-58.81, -34.48], [-58.81, -34.48], [-58.81, -34.48], [-58.81, -34.48], [-58.81, -34.48], [-58.81, -34.48], [-58.81, -34.48], [-58.81, -34.48], [-58.81, -34.48], [-58.81, -34.48], [-58.81, -34.48], [-58.81, -34.48], [-58.81, -34.48], [-58.81, -34.48], [-58.81, -34.47], [-58.81, -34.47], [-58.81, -34.47], [-58.81, -34.47], [-58.81, -34.47], [-58.81, -34.47], [-58.81, -34.47], [-58.81, -34.47], [-58.81, -34.47], [-58.81, -34.47], [-58.81, -34.47], [-58.81, -34.47], [-58.81, -34.47], [-58.81, -34.47], [-58.81, -34.47], [-58.81, -34.47], [-58.81, -34.47], [-58.81, -34.47], [-58.81, -34.47], [-58.81, -34.47], [-58.81, -34.47], [-58.81, -34.47], [-58.82, -34.47], [-58.81, -34.47], [-58.81, -34.47], [-58.81, -34.47], [-58.81, -34.47], [-58.81, -34.47], [-58.81, -34.47], [-58.81, -34.47], [-58.81, -34.47], [-58.81, -34.47], [-58.81, -34.47], [-58.81, -34.47], [-58.81, -34.47], [-58.81, -34.47], [-58.81, -34.47], [-58.81, -34.47], [-58.81, -34.47], [-58.81, -34.47], [-58.81, -34.47], [-58.81, -34.47], [-58.81, -34.47], [-58.81, -34.47], [-58.81, -34.47], [-58.81, -34.47], [-58.81, -34.47], [-58.81, -34.47], [-58.81, -34.47], [-58.81, -34.47], [-58.81, -34.47], [-58.81, -34.47], [-58.81, -34.47], [-58.81, -34.47], [-58.81, -34.47], [-58.81, -34.47], [-58.81, -34.47], [-58.81, -34.47], [-58.81, -34.47], [-58.81, -34.47], [-58.81, -34.47], [-58.81, -34.47], [-58.81, -34.47], [-58.81, -34.47], [-58.81, -34.47], [-58.81, -34.47], [-58.81, -34.47], [-58.81, -34.46], [-58.81, -34.46], [-58.81, -34.46], [-58.81, -34.46], [-58.81, -34.46], [-58.81, -34.46], [-58.81, -34.46], [-58.81, -34.46], [-58.81, -34.46], [-58.81, -34.46], [-58.81, -34.46], [-58.81, -34.46], [-58.81, -34.46], [-58.81, -34.46], [-58.81, -34.46], [-58.81, -34.46], [-58.81, -34.46], [-58.81, -34.46], [-58.81, -34.46], [-58.81, -34.46], [-58.81, -34.46], [-58.82, -34.46], [-58.82, -34.46], [-58.82, -34.46], [-58.82, -34.46], [-58.82, -34.46], [-58.82, -34.46], [-58.82, -34.46], [-58.82, -34.46], [-58.82, -34.46], [-58.82, -34.46], [-58.82, -34.46], [-58.82, -34.46], [-58.82, -34.46], [-58.82, -34.46], [-58.82, -34.46], [-58.82, -34.46], [-58.82, -34.46], [-58.82, -34.46], [-58.82, -34.46], [-58.82, -34.46], [-58.82, -34.46], [-58.82, -34.46], [-58.82, -34.46], [-58.82, -34.46], [-58.82, -34.46], [-58.82, -34.46], [-58.82, -34.46], [-58.82, -34.46], [-58.82, -34.46], [-58.82, -34.46], [-58.82, -34.46], [-58.82, -34.46], [-58.82, -34.46], [-58.82, -34.46], [-58.82, -34.46], [-58.82, -34.46], [-58.82, -34.46], [-58.82, -34.46], [-58.82, -34.46], [-58.82, -34.46], [-58.82, -34.46], [-58.82, -34.46], [-58.82, -34.46], [-58.82, -34.46], [-58.82, -34.46], [-58.82, -34.46], [-58.82, -34.46], [-58.82, -34.46], [-58.82, -34.46], [-58.82, -34.46], [-58.82, -34.46], [-58.82, -34.46], [-58.82, -34.46], [-58.82, -34.46], [-58.82, -34.46], [-58.82, -34.46], [-58.82, -34.46], [-58.82, -34.46], [-58.82, -34.46], [-58.82, -34.46], [-58.82, -34.46], [-58.82, -34.46], [-58.82, -34.46], [-58.82, -34.46], [-58.82, -34.46], [-58.82, -34.46], [-58.82, -34.46], [-58.82, -34.46], [-58.82, -34.46], [-58.82, -34.46], [-58.82, -34.46], [-58.82, -34.46], [-58.82, -34.46], [-58.82, -34.46], [-58.82, -34.46], [-58.82, -34.46], [-58.82, -34.46], [-58.82, -34.46], [-58.82, -34.46], [-58.82, -34.46], [-58.82, -34.46], [-58.82, -34.46], [-58.82, -34.46], [-58.82, -34.46], [-58.82, -34.46], [-58.82, -34.46], [-58.82, -34.46], [-58.82, -34.46], [-58.82, -34.46], [-58.82, -34.46], [-58.82, -34.46], [-58.82, -34.46], [-58.82, -34.46], [-58.82, -34.46], [-58.82, -34.46], [-58.82, -34.46], [-58.82, -34.46], [-58.82, -34.46], [-58.82, -34.46], [-58.82, -34.46], [-58.82, -34.46], [-58.82, -34.46], [-58.82, -34.46], [-58.82, -34.46], [-58.82, -34.46], [-58.82, -34.46], [-58.82, -34.46], [-58.82, -34.46], [-58.82, -34.46], [-58.82, -34.46], [-58.82, -34.46], [-58.82, -34.46], [-58.82, -34.46], [-58.82, -34.46], [-58.82, -34.46], [-58.82, -34.46], [-58.82, -34.46], [-58.82, -34.46], [-58.82, -34.46], [-58.82, -34.46], [-58.82, -34.46], [-58.82, -34.46], [-58.82, -34.46], [-58.82, -34.46], [-58.82, -34.46], [-58.82, -34.46], [-58.82, -34.46], [-58.82, -34.46], [-58.82, -34.46], [-58.82, -34.46], [-58.82, -34.46], [-58.82, -34.46], [-58.82, -34.46], [-58.82, -34.46], [-58.82, -34.46], [-58.82, -34.46], [-58.82, -34.46], [-58.82, -34.46], [-58.82, -34.46], [-58.82, -34.46], [-58.82, -34.46], [-58.82, -34.46], [-58.82, -34.46], [-58.82, -34.46], [-58.82, -34.46], [-58.82, -34.46], [-58.82, -34.46], [-58.82, -34.46], [-58.82, -34.46], [-58.82, -34.46], [-58.82, -34.46], [-58.82, -34.46], [-58.82, -34.46], [-58.82, -34.46], [-58.82, -34.46], [-58.82, -34.46], [-58.82, -34.46], [-58.82, -34.46], [-58.82, -34.46], [-58.82, -34.46], [-58.82, -34.46], [-58.82, -34.46], [-58.82, -34.46], [-58.82, -34.46], [-58.82, -34.46], [-58.82, -34.46], [-58.82, -34.46], [-58.82, -34.46], [-58.82, -34.46], [-58.82, -34.46], [-58.82, -34.46], [-58.82, -34.46], [-58.82, -34.46], [-58.82, -34.46], [-58.82, -34.46], [-58.82, -34.46], [-58.82, -34.46], [-58.82, -34.46], [-58.82, -34.46], [-58.82, -34.46], [-58.82, -34.46], [-58.82, -34.46], [-58.82, -34.46], [-58.82, -34.46], [-58.82, -34.46], [-58.82, -34.46], [-58.82, -34.46], [-58.82, -34.46], [-58.82, -34.46], [-58.82, -34.46], [-58.82, -34.46], [-58.82, -34.46], [-58.82, -34.46], [-58.82, -34.46], [-58.82, -34.46], [-58.82, -34.46], [-58.82, -34.46], [-58.82, -34.46], [-58.82, -34.46], [-58.82, -34.46], [-58.82, -34.46], [-58.82, -34.46], [-58.82, -34.46], [-58.82, -34.46], [-58.82, -34.46], [-58.82, -34.46], [-58.82, -34.46], [-58.82, -34.46], [-58.82, -34.46], [-58.82, -34.46], [-58.82, -34.46], [-58.82, -34.46], [-58.82, -34.46], [-58.82, -34.46], [-58.82, -34.46], [-58.82, -34.46], [-58.82, -34.46], [-58.82, -34.46], [-58.82, -34.46], [-58.82, -34.45], [-58.82, -34.45], [-58.82, -34.45], [-58.82, -34.45], [-58.82, -34.45], [-58.82, -34.45], [-58.82, -34.45], [-58.82, -34.45], [-58.82, -34.45], [-58.82, -34.45], [-58.82, -34.45], [-58.82, -34.45], [-58.82, -34.45], [-58.82, -34.45], [-58.82, -34.45], [-58.82, -34.45], [-58.82, -34.45], [-58.82, -34.45], [-58.82, -34.45], [-58.82, -34.45], [-58.82, -34.45], [-58.82, -34.45], [-58.82, -34.45], [-58.82, -34.45], [-58.82, -34.45], [-58.82, -34.45], [-58.82, -34.45], [-58.82, -34.45], [-58.82, -34.45], [-58.82, -34.45], [-58.82, -34.45], [-58.82, -34.45], [-58.82, -34.45], [-58.82, -34.45], [-58.82, -34.45], [-58.82, -34.45], [-58.82, -34.45], [-58.82, -34.45], [-58.82, -34.45], [-58.82, -34.45], [-58.82, -34.45], [-58.82, -34.45], [-58.82, -34.45], [-58.82, -34.45], [-58.82, -34.45], [-58.82, -34.45], [-58.82, -34.45], [-58.82, -34.45], [-58.82, -34.45], [-58.82, -34.45], [-58.82, -34.45], [-58.82, -34.45], [-58.82, -34.45], [-58.82, -34.45], [-58.82, -34.45], [-58.82, -34.45], [-58.82, -34.45], [-58.82, -34.45], [-58.82, -34.45], [-58.82, -34.45], [-58.82, -34.45], [-58.82, -34.45], [-58.82, -34.45], [-58.82, -34.45], [-58.82, -34.45], [-58.82, -34.45], [-58.82, -34.45], [-58.82, -34.45], [-58.82, -34.46], [-58.82, -34.46], [-58.81, -34.46], [-58.81, -34.46], [-58.81, -34.46], [-58.8, -34.46], [-58.79, -34.47], [-58.78, -34.48], [-58.78, -34.48], [-58.78, -34.48], [-58.78, -34.48], [-58.78, -34.48], [-58.78, -34.48], [-58.77, -34.49], [-58.77, -34.49], [-58.77, -34.49], [-58.77, -34.49], [-58.77, -34.49], [-58.76, -34.49], [-58.76, -34.49], [-58.76, -34.5], [-58.75, -34.5], [-58.75, -34.5], [-58.75, -34.5], [-58.74, -34.51], [-58.73, -34.51], [-58.73, -34.51], [-58.73, -34.51], [-58.72, -34.52], [-58.72, -34.52], [-58.72, -34.52], [-58.72, -34.52], [-58.72, -34.52], [-58.73, -34.53], [-58.73, -34.53], [-58.73, -34.53], [-58.73, -34.53], [-58.74, -34.54], [-58.75, -34.54], [-58.75, -34.55], [-58.75, -34.55], [-58.76, -34.55], [-58.76, -34.55], [-58.76, -34.55], [-58.76, -34.55], [-58.76, -34.55], [-58.77, -34.55], [-58.77, -34.55], [-58.77, -34.55], [-58.78, -34.56], [-58.78, -34.56], [-58.78, -34.55], [-58.79, -34.55], [-58.79, -34.54], [-58.79, -34.54], [-58.8, -34.54], [-58.8, -34.53], [-58.8, -34.53], [-58.8, -34.53], [-58.81, -34.53], [-58.81, -34.52], [-58.82, -34.51], [-58.82, -34.51], [-58.82, -34.51], [-58.82, -34.51], [-58.82, -34.51], [-58.82, -34.51], [-58.82, -34.51], [-58.82, -34.51], [-58.82, -34.51], [-58.82, -34.51], [-58.82, -34.51], [-58.82, -34.51], [-58.82, -34.51], [-58.82, -34.51], [-58.82, -34.51], [-58.82, -34.51], [-58.82, -34.51], [-58.82, -34.51], [-58.82, -34.51], [-58.82, -34.51], [-58.82, -34.5], [-58.82, -34.5], [-58.82, -34.5], [-58.82, -34.5], [-58.82, -34.5], [-58.82, -34.5], [-58.82, -34.5], [-58.82, -34.5], [-58.82, -34.5], [-58.82, -34.5], [-58.82, -34.5], [-58.82, -34.5], [-58.82, -34.5], [-58.82, -34.5], [-58.82, -34.5], [-58.82, -34.5], [-58.82, -34.5], [-58.82, -34.5], [-58.82, -34.5], [-58.82, -34.5], [-58.82, -34.5], [-58.82, -34.5], [-58.82, -34.5], [-58.82, -34.5], [-58.82, -34.5], [-58.82, -34.5], [-58.82, -34.5], [-58.82, -34.5], [-58.82, -34.5], [-58.82, -34.5], [-58.82, -34.5], [-58.82, -34.5], [-58.82, -34.5], [-58.82, -34.5], [-58.82, -34.5], [-58.82, -34.5], [-58.82, -34.5], [-58.82, -34.5], [-58.82, -34.5], [-58.82, -34.5], [-58.82, -34.5], [-58.82, -34.5], [-58.82, -34.5], [-58.82, -34.5], [-58.82, -34.5], [-58.82, -34.5], [-58.82, -34.5], [-58.82, -34.5], [-58.82, -34.5], [-58.82, -34.5], [-58.82, -34.5], [-58.82, -34.5], [-58.82, -34.5], [-58.82, -34.5], [-58.82, -34.49], [-58.82, -34.49], [-58.82, -34.49], [-58.82, -34.49], [-58.82, -34.49], [-58.82, -34.49], [-58.82, -34.49], [-58.82, -34.49], [-58.82, -34.49], [-58.82, -34.49], [-58.82, -34.49], [-58.82, -34.49], [-58.82, -34.49], [-58.82, -34.49], [-58.82, -34.49], [-58.82, -34.49], [-58.82, -34.49], [-58.82, -34.49], [-58.82, -34.49], [-58.82, -34.49], [-58.82, -34.49], [-58.82, -34.49], [-58.82, -34.49], [-58.82, -34.49], [-58.82, -34.49], [-58.82, -34.49], [-58.82, -34.49], [-58.82, -34.49], [-58.82, -34.49], [-58.82, -34.49], [-58.81, -34.49], [-58.81, -34.49], [-58.81, -34.49], [-58.81, -34.49], [-58.81, -34.49], [-58.81, -34.49], [-58.81, -34.49], [-58.81, -34.49], [-58.81, -34.49], [-58.81, -34.49], [-58.81, -34.49], [-58.81, -34.49], [-58.81, -34.49], [-58.81, -34.49], [-58.81, -34.49], [-58.81, -34.49], [-58.81, -34.49], [-58.81, -34.49], [-58.81, -34.49], [-58.81, -34.49], [-58.81, -34.49], [-58.81, -34.49], [-58.81, -34.49], [-58.81, -34.49], [-58.81, -34.49], [-58.81, -34.49], [-58.81, -34.49], [-58.81, -34.49], [-58.81, -34.49], [-58.81, -34.49], [-58.81, -34.49], [-58.81, -34.49], [-58.81, -34.49], [-58.81, -34.49], [-58.81, -34.49], [-58.81, -34.49], [-58.81, -34.49], [-58.81, -34.49], [-58.81, -34.49], [-58.81, -34.49], [-58.81, -34.49], [-58.81, -34.49], [-58.81, -34.49], [-58.81, -34.49], [-58.81, -34.49], [-58.81, -34.49], [-58.81, -34.49], [-58.81, -34.49], [-58.81, -34.49], [-58.81, -34.49], [-58.81, -34.49], [-58.81, -34.49], [-58.81, -34.49], [-58.81, -34.49], [-58.81, -34.49], [-58.81, -34.49], [-58.81, -34.49], [-58.81, -34.49], [-58.81, -34.49], [-58.81, -34.49], [-58.81, -34.49], [-58.81, -34.49], [-58.81, -34.49], [-58.81, -34.49], [-58.81, -34.49], [-58.81, -34.49], [-58.81, -34.49], [-58.81, -34.49], [-58.81, -34.49], [-58.81, -34.49], [-58.81, -34.49], [-58.81, -34.49], [-58.81, -34.49], [-58.81, -34.49], [-58.81, -34.49], [-58.81, -34.49], [-58.81, -34.49], [-58.81, -34.49], [-58.81, -34.49], [-58.81, -34.48], [-58.81, -34.48], [-58.81, -34.48], [-58.81, -34.48], [-58.81, -34.48], [-58.81, -34.48], [-58.81, -34.48], [-58.81, -34.48], [-58.81, -34.48], [-58.81, -34.48], [-58.81, -34.48], [-58.81, -34.48], [-58.81, -34.48], [-58.81, -34.48], [-58.81, -34.48], [-58.81, -34.48], [-58.81, -34.48], [-58.81, -34.48], [-58.81, -34.48], [-58.81, -34.48], [-58.81, -34.48], [-58.81, -34.48], [-58.81, -34.48], [-58.81, -34.48], [-58.81, -34.48]]]}}]}